x,y,dcpa,tcpa,code_a,code_b,code_c
-1.439,-2.304,59.658,-1.277,3,0,0
-12.582,-7.039,10.023,-4.746,12,0,0
1.857,9.717,16.470,5.955,13,11,10
-2.006,6.291,28.361,11.175,0,12,0
-3.184,10.135,44.169,4.967,2,11,0
1.905,-7.297,59.819,-0.422,3,0,0
2.682,-6.721,59.997,0.056,3,10,0
0.294,-4.064,59.978,-0.221,3,0,0
2.790,2.775,30.323,7.575,0,11,0
-7.745,0.554,16.299,-14.385,13,2,0
-12.819,-5.025,1.748,-5.319,10,1,0
-0.810,4.752,4.094,14.208,10,13,10
-1.843,-0.175,59.431,2.691,3,10,0
5.296,10.990,7.490,4.603,11,10,10
-0.531,4.813,2.271,13.424,10,13,10
-0.477,-0.077,55.387,5.641,3,11,0
-10.823,6.141,55.681,-2.801,3,0,0
-3.526,-1.548,52.345,-8.193,3,1,0
-4.265,9.282,49.277,4.698,2,11,0
4.115,-0.659,49.155,4.029,2,10,0
-2.663,-1.330,57.958,-4.325,3,0,0
-2.237,-1.031,59.593,-1.991,3,0,0
-6.026,9.297,55.883,2.884,3,10,0
-9.101,4.303,52.563,-5.169,3,0,0
-11.778,8.219,58.093,-1.507,3,0,0
1.368,-2.873,58.918,1.564,3,10,0
3.039,-6.253,59.882,0.346,3,10,0
-7.064,-4.539,28.188,-7.335,0,1,0
-4.929,7.540,53.290,4.908,3,11,0
-9.036,-6.376,22.586,-5.688,0,1,0
-5.785,-3.637,34.896,-8.255,1,1,0
-11.652,3.502,44.571,-5.151,2,0,0
-7.764,5.216,58.551,-2.648,3,0,0
-9.618,10.266,59.935,0.279,3,10,0
-6.522,-5.376,33.771,-6.362,1,1,0
-1.586,9.986,35.531,5.795,1,11,0
-5.115,10.499,52.274,3.436,3,10,0
-4.002,0.602,47.950,-25.799,2,3,0
-1.752,11.257,38.150,4.861,1,11,0
4.394,1.253,40.113,5.295,1,11,0
0.819,1.952,36.478,9.885,1,12,0
-3.452,7.343,44.076,7.579,2,11,0
-5.596,6.384,57.418,3.732,3,10,0
-0.052,10.078,27.319,5.941,0,11,0
-11.200,6.282,55.477,-2.728,3,0,0
3.992,10.749,11.161,4.975,12,11,10
-13.074,8.799,57.593,-1.484,3,0,0
4.997,10.548,6.965,4.802,11,11,10
-10.567,10.837,59.999,0.024,3,10,0
3.291,8.027,2.839,6.336,10,11,10
-4.374,-3.004,45.182,-7.868,2,1,0
1.644,9.919,18.192,5.880,13,11,10
-8.373,2.728,43.394,-9.348,2,1,0
-5.070,10.059,52.322,3.612,3,10,0
-12.591,6.338,53.771,-2.766,3,0,0
-1.862,-6.818,55.132,-2.609,3,0,0
0.099,-7.049,58.577,-1.308,3,0,0
0.823,2.239,33.585,10.297,1,12,0
4.023,-6.113,59.443,0.715,3,10,0
2.382,-6.102,59.983,0.138,3,10,0
-6.911,0.697,13.244,-18.349,12,3,0
4.714,3.164,29.330,5.954,0,11,0
-8.508,-2.830,10.523,-8.940,12,1,0
3.257,-3.125,57.097,2.075,3,10,0
-11.020,-1.958,7.786,-7.383,11,1,0
-2.390,3.011,4.957,31.446,10,13,10
1.791,3.131,26.134,9.154,0,12,0
-7.956,0.371,15.016,-13.579,13,2,0
1.948,4.365,15.715,9.046,13,12,10
4.583,-0.442,47.760,4.070,2,10,0
-3.016,3.756,24.284,27.258,0,13,0
2.512,-4.629,59.470,0.856,3,10,0
-5.748,9.665,54.803,3.107,3,10,0
-12.543,8.034,57.096,-1.763,3,0,0
-5.582,8.166,55.441,3.604,3,10,0
-13.162,-0.523,21.964,-5.875,0,1,0
-11.878,4.853,50.194,-3.923,2,0,0
-8.228,5.789,58.844,-2.065,3,0,0
4.298,-4.977,58.446,1.252,3,10,0
2.820,-6.237,59.931,0.270,3,10,0
-6.229,0.687,6.659,-23.048,11,3,0
-4.208,10.908,48.829,3.913,2,10,0
1.155,-1.574,56.934,3.019,3,10,0
-8.303,8.789,59.815,0.586,3,10,0
3.129,2.200,34.639,6.869,1,11,0
-6.911,11.253,56.591,2.055,3,10,0
-7.441,-3.932,23.456,-8.052,0,1,0
3.107,7.840,2.660,6.517,10,11,10
-0.861,10.571,32.692,5.512,1,11,0
3.960,6.641,6.919,6.468,11,11,10
2.744,-2.728,57.031,2.263,3,10,0
-10.708,5.180,53.091,-3.766,3,0,0
0.013,-4.225,59.849,-0.574,3,0,0
-5.953,9.671,55.398,2.912,3,10,0
-2.852,3.465,15.570,31.137,13,13,10
-9.719,2.487,39.939,-7.801,1,1,0
-3.562,-5.686,49.971,-4.314,2,0,0
5.011,3.335,28.577,5.792,0,11,0
-13.229,7.098,54.721,-2.334,3,0,0
4.942,3.680,26.516,5.915,0,11,0
-7.371,-3.843,23.582,-8.179,0,1,0
-0.774,-3.701,59.505,-1.174,3,0,0
-2.547,3.912,16.438,24.035,13,13,10
4.646,-5.997,59.022,0.916,3,10,0
-4.001,6.564,48.004,7.887,2,11,0
-10.035,-0.093,18.286,-8.947,13,1,0
-12.173,6.223,54.018,-2.839,3,0,0
-11.707,0.039,23.050,-6.965,0,1,0
2.984,1.482,39.451,6.455,1,11,0
3.715,6.972,4.258,6.521,10,11,10
3.765,-4.966,58.850,1.120,3,10,0
-11.973,-6.034,8.710,-5.245,11,0,0
2.896,4.507,17.437,7.824,13,11,10
-4.064,-4.291,47.631,-5.800,2,1,0
-0.752,-1.403,59.578,1.511,3,10,0
-0.057,1.259,44.249,10.101,2,12,0
-3.860,7.416,47.056,6.871,2,11,0
-11.614,3.473,44.459,-5.195,2,0,0
-9.661,7.761,59.469,-0.986,3,0,0
-4.209,11.137,48.809,3.818,2,10,0
-9.928,10.657,59.944,0.246,3,10,0
1.626,1.650,38.914,8.102,1,11,0
1.862,3.923,19.246,9.211,13,12,10
-1.100,9.735,32.305,6.121,0,11,0
-12.128,8.263,57.814,-1.564,3,0,0
-6.210,-1.262,19.548,-14.398,13,2,0
5.237,7.257,7.543,5.601,11,11,10
-4.270,0.553,40.567,-30.039,1,3,0
3.059,-5.725,59.719,0.554,3,10,0
-0.103,7.406,17.889,8.594,13,11,10
1.594,-1.323,55.464,3.517,3,10,0
1.546,-3.136,59.027,1.424,3,10,0
-6.574,0.457,6.194,-19.882,11,3,0
-3.226,-5.243,51.555,-4.214,3,0,0
-5.740,-7.343,40.598,-4.649,1,0,0
0.569,8.579,18.889,7.110,13,11,10
-10.751,5.810,54.944,-3.110,3,0,0
2.004,11.009,19.979,5.226,13,11,10
2.428,0.581,45.501,5.942,2,11,0
4.969,10.862,8.130,4.715,11,11,10
-3.931,6.739,47.473,7.742,2,11,0
3.737,1.554,38.702,5.916,1,11,0
2.802,5.769,8.226,7.643,11,11,10
-7.853,7.004,59.995,-0.120,3,0,0
-2.678,-5.594,53.462,-3.534,3,0,0
-6.031,-5.970,37.624,-5.683,1,1,0
-4.446,0.664,34.145,-35.030,1,3,0
-5.426,3.614,59.807,-2.233,3,0,0
-11.055,10.110,59.843,-0.404,3,0,0
-0.559,8.054,23.939,7.901,0,11,0
3.419,3.558,25.368,7.173,0,11,0
-12.597,5.954,52.764,-3.019,3,0,0
-2.709,8.094,39.501,7.250,1,11,0
-3.399,7.857,44.072,6.915,2,11,0
5.293,-0.794,48.297,3.669,2,10,0
-10.151,-0.025,19.182,-8.779,13,1,0
0.731,0.864,46.213,7.864,2,11,0
-2.348,-4.967,55.012,-3.345,3,0,0
0.228,-2.112,59.273,1.579,3,10,0
-9.785,8.786,59.883,-0.420,3,0,0
-2.796,1.710,46.231,30.875,2,13,0
3.457,-5.740,59.545,0.686,3,10,0
-0.333,-1.216,58.715,2.532,3,10,0
-10.069,5.268,54.455,-3.655,3,0,0
-6.565,-1.180,14.765,-14.234,13,2,0
4.295,-3.622,56.730,1.950,3,10,0
-3.772,-6.899,48.905,-3.905,2,0,0
-10.294,9.169,59.822,-0.484,3,0,0
1.408,3.063,26.070,9.805,0,12,0
-9.189,3.080,45.023,-7.483,2,1,0
-13.121,5.982,52.198,-2.973,3,0,0
0.053,4.731,3.034,12.263,10,12,10
-1.918,-5.970,55.540,-2.756,3,0,0
-8.741,3.391,48.054,-7.271,2,1,0
-5.978,11.199,54.496,2.668,3,10,0
3.923,-4.506,58.284,1.390,3,10,0
-2.318,5.669,28.629,13.065,0,13,0
-10.796,-1.504,9.999,-7.738,12,1,0
0.037,9.499,25.202,6.393,0,11,0
-6.959,-2.881,22.384,-9.753,0,1,0
2.017,3.589,22.550,8.935,0,12,0
-4.438,-2.559,44.340,-8.825,2,1,0
-11.990,-7.014,12.040,-4.880,12,0,0
-2.505,-3.775,55.491,-3.825,3,0,0
4.891,-5.339,58.319,1.223,3,10,0
-4.896,0.030,28.789,-24.330,0,3,0
-9.005,6.651,59.046,-1.560,3,0,0
-1.313,6.221,21.161,11.221,0,12,0
-11.800,-0.753,17.971,-6.921,13,1,0
-3.629,0.630,55.738,-15.647,3,3,0
-12.589,-3.721,3.354,-5.805,10,1,0
4.321,-4.309,57.687,1.580,3,10,0
2.582,8.023,5.844,6.693,11,11,10
-6.032,1.379,20.402,-26.550,0,3,0
2.058,5.378,8.063,8.572,11,11,10
2.300,6.816,0.553,7.566,10,11,10
-0.424,9.721,28.426,6.210,0,11,0
2.036,-4.001,59.372,1.017,3,10,0
0.641,-5.728,59.684,-0.682,3,0,0
-5.386,0.070,17.990,-24.085,13,3,0
-9.569,10.187,59.936,0.280,3,10,0
-11.576,-7.257,14.343,-4.870,12,0,0
-7.311,11.175,57.370,1.801,3,10,0
-8.399,8.183,59.981,0.198,3,10,0
-10.112,3.615,47.068,-5.886,2,1,0
4.571,6.048,12.052,6.201,12,11,10
4.984,3.394,28.215,5.824,0,11,0
5.037,8.302,2.073,5.443,10,11,10
1.202,9.264,18.061,6.404,13,11,10
-1.542,-0.686,59.713,1.609,3,10,0
-3.471,-3.114,51.448,-6.005,3,1,0
1.189,-4.169,59.906,0.416,3,10,0
-2.557,2.671,12.403,36.879,12,13,10
-0.786,6.870,20.234,9.680,0,12,0
-11.295,4.336,48.923,-4.535,2,0,0
-5.609,4.135,60.000,-0.049,3,0,0
-0.373,3.598,13.588,14.745,12,13,10
0.354,2.374,31.755,11.648,0,12,0
-4.694,-1.987,41.112,-10.799,1,2,0
-9.064,5.652,57.275,-2.864,3,0,0
-0.341,-3.694,59.843,-0.640,3,0,0
4.822,5.200,17.475,6.116,13,11,10
-3.416,8.379,44.520,6.279,2,11,0
-4.252,1.550,24.275,-106.428,0,3,0
-8.520,-4.429,18.565,-7.260,13,1,0
-0.043,8.434,22.029,7.389,0,11,0
-0.676,-0.453,57.466,4.176,3,10,0
-2.584,3.186,3.218,32.445,10,13,10
4.162,-0.100,46.825,4.451,2,10,0
-10.268,9.047,59.792,-0.530,3,0,0
3.380,-6.446,59.833,0.399,3,10,0
-9.642,4.548,52.565,-4.673,3,0,0
1.401,3.995,17.138,9.988,13,12,10
-9.766,-5.149,14.759,-6.332,13,1,0
-3.888,7.899,47.310,6.254,2,11,0
-9.290,-5.944,19.998,-5.927,13,1,0
-3.046,-3.762,53.237,-4.738,3,0,0
-12.088,7.109,56.071,-2.232,3,0,0
2.006,0.099,48.805,5.540,2,11,0
-7.850,-2.167,10.825,-10.402,12,2,0
-6.599,3.438,54.736,-8.273,3,1,0
-3.480,-0.705,53.935,-9.545,3,1,0
-1.431,5.286,15.641,13.886,13,13,10
-2.910,-0.107,59.173,-4.186,3,0,0
-1.683,3.718,0.319,20.802,10,13,10
-6.985,-1.680,14.592,-12.282,13,2,0
-3.145,4.100,30.878,22.684,0,13,0
-1.928,-0.191,59.611,2.264,3,10,0
-2.770,11.082,42.736,4.595,2,10,0
-5.346,8.413,54.370,3.872,3,10,0
-11.828,9.016,58.845,-1.115,3,0,0
4.259,-2.452,54.467,2.682,3,10,0
-13.122,1.682,34.308,-5.393,1,1,0
-9.932,10.818,59.921,0.290,3,10,0
3.436,10.613,12.808,5.151,12,11,10
-2.058,2.283,28.690,26.850,0,13,0
2.221,4.848,12.748,8.569,12,11,10
-8.701,10.120,59.578,0.757,3,10,0
-5.127,7.115,54.624,4.740,3,11,0
-3.982,-3.920,48.106,-6.057,2,1,0
-7.816,3.391,50.265,-8.067,2,1,0
-10.675,-7.092,17.387,-5.091,13,0,0
-5.236,6.902,55.345,4.583,3,10,0
-1.866,-1.288,59.862,-1.036,3,0,0
0.062,1.710,39.322,11.129,1,12,0
5.339,7.161,8.293,5.569,11,11,10
2.182,-2.496,57.346,2.309,3,10,0
-10.501,-3.622,4.168,-6.964,10,1,0
-5.266,2.227,43.909,-31.781,2,3,0
-9.710,7.234,58.972,-1.427,3,0,0
2.889,-1.440,53.653,3.488,3,10,0
-3.849,3.765,44.761,22.562,2,13,0
0.158,-4.591,59.805,-0.621,3,0,0
-8.097,6.313,59.596,-1.169,3,0,0
-2.725,9.478,41.266,5.742,1,11,0
-4.975,0.254,24.360,-27.419,0,3,0
-7.618,-3.023,17.907,-9.252,13,1,0
-1.181,-2.400,59.837,-0.845,3,0,0
2.773,-2.288,56.092,2.657,3,10,0
-0.759,3.275,15.933,16.608,13,13,10
-1.598,9.393,34.528,6.312,1,11,0
-10.170,-4.547,10.242,-6.571,12,1,0
-11.069,-5.919,11.835,-5.541,12,1,0
-3.360,-4.250,51.418,-4.922,3,0,0
1.743,-6.926,59.846,-0.405,3,0,0
-6.344,1.499,25.174,-22.718,0,3,0
-9.300,-0.694,10.341,-9.941,12,1,0
-9.183,-2.079,1.397,-9.094,10,1,0
3.981,0.451,44.484,4.953,2,11,0
-6.134,4.079,59.280,-3.110,3,0,0
-0.931,4.997,7.777,13.870,11,13,10
-11.764,3.531,44.608,-5.071,2,0,0
0.411,7.526,15.056,8.214,13,11,10
-2.345,-4.907,55.068,-3.354,3,0,0
-11.783,-1.308,14.353,-6.889,12,1,0
3.994,1.488,38.994,5.693,1,11,0
3.394,1.246,40.683,5.933,1,11,0
0.770,1.722,38.733,9.590,1,12,0
-0.098,-1.418,58.708,2.387,3,10,0
3.289,-2.381,55.581,2.657,3,10,0
-13.233,6.135,52.475,-2.876,3,0,0
-0.698,4.934,4.968,13.538,10,13,10
-0.496,3.613,12.632,15.206,12,13,10
-11.193,5.164,52.278,-3.747,3,0,0
-13.225,-3.930,4.329,-5.457,10,1,0
-5.479,-0.274,20.606,-20.771,0,3,0
-11.124,0.634,26.319,-7.433,0,1,0
-1.689,-0.291,59.359,2.687,3,10,0
-0.102,-3.031,59.993,0.148,3,10,0
-10.659,6.654,57.004,-2.305,3,0,0
-0.845,0.679,51.742,8.882,3,12,0
-10.791,5.060,52.542,-3.889,3,0,0
0.673,-4.283,60.000,-0.031,3,0,0
-0.461,-0.699,57.733,3.670,3,10,0
3.761,6.703,5.914,6.579,11,11,10
-8.231,10.190,59.168,1.080,3,10,0
-12.877,-3.893,3.445,-5.622,10,1,0
-8.826,6.339,58.864,-1.791,3,0,0
-3.511,1.334,59.997,-0.723,3,0,0
-9.188,6.795,59.018,-1.531,3,0,0
-11.159,-2.724,3.611,-6.983,10,1,0
1.728,1.085,43.123,7.192,2,11,0
3.045,3.901,22.254,7.636,0,11,0
1.414,-3.845,59.678,0.779,3,10,0
-7.436,-0.305,3.154,-14.481,10,2,0
-4.108,1.485,39.547,-85.770,1,3,0
2.029,-4.110,59.452,0.942,3,10,0
2.572,9.274,11.483,6.007,12,11,10
-11.936,-7.173,12.744,-4.834,12,0,0
-7.875,0.144,11.735,-13.696,12,2,0
4.796,-6.013,58.938,0.945,3,10,0
1.260,1.541,40.041,8.464,1,11,0
-10.920,-0.504,17.521,-7.798,13,1,0
-6.227,-2.794,28.369,-10.001,0,1,0
-7.845,0.503,16.128,-14.007,13,2,0
4.643,1.231,40.113,5.142,1,11,0
4.416,-6.778,59.562,0.595,3,10,0
-12.112,-6.828,10.986,-4.920,12,0,0
-0.897,-3.231,59.650,-1.065,3,0,0
-2.571,7.522,37.452,8.218,1,11,0
-7.145,-2.755,20.179,-9.912,0,1,0
0.214,1.549,40.899,10.358,1,12,0
-10.559,-5.714,13.248,-5.780,12,1,0
0.434,8.739,20.308,6.999,0,11,0
3.299,2.189,34.748,6.700,1,11,0
-10.479,-3.129,1.567,-7.258,10,1,0
-4.869,8.579,52.301,4.431,3,10,0
-1.192,-2.222,59.904,-0.668,3,0,0
0.785,0.793,46.647,7.647,2,11,0
5.026,0.667,42.624,4.628,2,10,0
2.305,-7.077,59.960,-0.198,3,0,0
0.080,0.102,52.888,6.297,3,11,0
-4.019,-3.631,47.881,-6.421,2,1,0
4.031,-3.616,57.010,1.909,3,10,0
-2.849,3.820,21.316,26.041,0,13,0
2.702,1.377,40.290,6.606,1,11,0
2.168,2.447,32.438,8.162,0,11,0
4.532,6.050,11.939,6.226,12,11,10
3.705,10.271,10.582,5.225,12,11,10
1.651,-5.061,59.970,0.209,3,10,0
-11.022,4.173,48.583,-4.790,2,0,0
-8.278,-0.147,10.640,-12.337,12,2,0
-10.098,6.902,58.131,-1.899,3,0,0
2.628,-4.865,59.537,0.780,3,10,0
-3.685,0.037,53.094,-14.057,3,2,0
1.422,1.345,41.493,7.935,1,11,0
0.315,3.236,21.393,12.488,0,12,0
4.942,0.497,43.457,4.563,2,10,0
5.118,0.419,43.671,4.446,2,10,0
-9.933,7.274,58.796,-1.506,3,0,0
-8.268,3.229,47.879,-8.141,2,1,0
-1.270,-3.615,58.909,-1.824,3,0,0
-12.705,11.106,59.573,-0.567,3,0,0
1.934,-5.036,59.902,0.373,3,10,0
2.506,-2.522,56.957,2.381,3,10,0
-8.725,7.097,59.676,-0.896,3,0,0
0.812,8.468,17.025,7.137,13,11,10
-10.793,6.629,56.779,-2.359,3,0,0
-4.564,-1.255,41.147,-13.217,1,2,0
0.381,8.453,19.494,7.275,13,11,10
-7.319,-4.454,26.220,-7.436,0,1,0
5.193,9.838,3.746,4.957,10,11,10
-7.929,7.879,59.912,0.460,3,10,0
-11.671,9.713,59.420,-0.765,3,0,0
1.135,-3.668,59.743,0.726,3,10,0
-7.820,3.787,52.945,-6.694,3,1,0
-6.697,6.417,59.728,1.104,3,10,0
-2.273,-3.478,56.603,-3.465,3,0,0
-1.941,-7.086,54.769,-2.630,3,0,0
-11.259,-4.334,4.434,-6.211,10,1,0
-6.736,-7.126,35.641,-5.066,1,0,0
4.038,-2.870,55.663,2.383,3,10,0
-8.288,-0.325,8.769,-12.168,11,2,0
4.240,-0.771,49.420,3.914,2,10,0
-5.288,-1.767,33.777,-12.456,1,2,0
4.904,-0.527,47.736,3.927,2,10,0
-11.787,4.954,50.684,-3.856,2,0,0
0.050,-0.389,55.394,4.903,3,11,0
-9.396,0.303,19.945,-10.004,13,1,0
-5.139,11.261,52.036,3.201,3,10,0
2.702,4.261,18.769,8.058,13,11,10
-9.723,5.513,55.793,-3.287,3,0,0
0.842,-5.939,59.725,-0.617,3,0,0
-6.253,-1.237,18.832,-14.443,13,2,0
-2.683,4.862,28.555,16.752,0,13,0
-9.957,1.433,31.288,-8.556,0,1,0
5.202,-7.052,59.325,0.695,3,10,0
-6.412,-1.098,15.757,-14.746,13,2,0
-5.765,8.903,55.423,3.226,3,10,0
-5.154,9.162,53.113,3.847,3,10,0
-2.588,0.591,59.388,4.284,3,10,0
-8.631,8.051,59.997,-0.077,3,0,0
-1.304,-3.380,59.042,-1.775,3,0,0
-10.917,-5.003,8.855,-6.029,11,1,0
3.648,0.194,46.069,4.891,2,11,0
1.989,9.392,14.634,6.116,13,11,10
-9.117,-6.739,23.234,-5.462,0,1,0
-9.977,7.104,58.547,-1.670,3,0,0
-13.060,3.199,41.986,-4.690,2,0,0
-9.772,6.986,58.620,-1.677,3,0,0
-4.386,2.918,58.198,14.661,3,13,0
-7.863,1.188,25.357,-13.777,0,2,0
-12.494,7.787,56.778,-1.887,3,0,0
3.619,6.724,5.304,6.667,11,11,10
-4.082,8.428,48.454,5.505,2,11,0
-13.277,5.103,49.366,-3.486,2,0,0
0.999,-1.241,56.319,3.473,3,10,0
2.667,-7.345,59.983,-0.125,3,0,0
-1.530,-1.720,59.901,-0.770,3,0,0
-1.595,-2.649,59.174,-1.895,3,0,0
-9.426,4.359,52.151,-5.014,3,0,0
-4.057,-3.847,47.645,-6.237,2,1,0
3.220,9.149,8.192,5.850,11,11,10
-3.073,5.853,38.251,11.664,1,12,0
-4.909,7.636,53.119,4.887,3,11,0
2.242,6.939,1.552,7.535,10,11,10
-8.802,-6.891,25.123,-5.392,0,1,0
-1.041,0.341,54.877,7.151,3,11,0
3.371,8.728,5.769,5.984,11,11,10
-3.369,-0.291,55.836,-9.241,3,1,0
-0.018,5.915,7.976,10.649,11,12,10
-0.592,8.402,25.454,7.491,0,11,0
-2.554,2.300,25.497,36.787,0,13,0
-3.684,9.273,46.391,5.227,2,11,0
-6.491,8.393,57.796,2.349,3,10,0
-3.909,-5.753,48.421,-4.570,2,0,0
-4.954,-1.904,38.084,-11.537,1,2,0
-3.479,8.606,45.019,5.986,2,11,0
-9.993,1.537,32.194,-8.423,0,1,0
-2.457,7.045,35.376,9.186,1,12,0
4.245,2.946,30.293,6.241,0,11,0
3.883,-1.056,50.915,3.755,3,10,0
0.942,6.931,8.418,8.510,11,11,10
-3.041,-4.099,53.008,-4.553,3,0,0
-6.128,-1.910,24.958,-12.256,0,2,0
4.729,4.704,20.185,6.183,0,11,0
3.648,-1.811,53.630,3.149,3,10,0
-5.329,3.260,59.150,-5.497,3,1,0
-6.716,1.187,20.718,-19.860,0,3,0
-2.143,-6.820,54.387,-2.811,3,0,0
-6.995,-7.344,34.721,-4.987,1,0,0
-4.326,4.019,53.131,13.628,3,13,0
-11.610,-2.822,4.717,-6.639,10,1,0
1.684,8.362,11.812,6.895,12,11,10
-6.099,7.875,57.314,2.845,3,10,0
-8.167,5.854,59.021,-1.902,3,0,0
-3.150,0.880,59.999,0.241,3,10,0
-1.075,-7.098,56.715,-2.049,3,0,0
-10.311,-1.855,5.702,-8.076,11,1,0
-0.624,5.856,12.400,11.455,12,12,10
-0.620,7.004,19.626,9.390,13,12,10
-11.861,-5.369,6.561,-5.535,11,1,0
2.644,-0.677,51.329,4.338,3,10,0
-2.722,2.065,33.497,38.890,1,13,0
-1.632,-5.910,56.309,-2.509,3,0,0
1.044,-5.041,59.986,-0.151,3,0,0
-0.609,0.170,54.475,6.527,3,11,0
-4.145,5.210,49.572,10.519,2,12,0
-6.412,-6.488,36.332,-5.411,1,1,0
4.679,2.424,33.615,5.719,1,11,0
0.527,2.585,29.551,11.439,0,12,0
1.977,3.208,25.777,8.885,0,12,0
-11.053,4.653,50.595,-4.280,2,0,0
-10.119,8.051,59.349,-1.024,3,0,0
-0.615,10.223,30.681,5.798,0,11,0
-1.587,-3.139,58.751,-2.145,3,0,0
-2.932,7.081,39.566,8.687,1,11,0
-0.038,-0.949,57.538,3.445,3,10,0
-1.095,10.138,33.106,5.791,1,11,0
-0.545,-0.481,57.239,4.230,3,10,0
3.680,8.126,1.787,6.105,10,11,10
2.641,-5.351,59.751,0.552,3,10,0
-7.911,7.425,59.989,0.169,3,10,0
-8.210,-5.970,25.627,-6.019,0,1,0
-0.573,7.595,22.134,8.500,0,11,0
-1.349,-0.901,59.719,1.476,3,10,0
-2.882,-6.946,52.092,-3.302,3,0,0
-2.828,8.671,41.049,6.461,1,11,0
-11.889,-0.182,21.905,-6.824,0,1,0
-10.266,-0.243,17.713,-8.613,13,1,0
-13.105,8.128,56.667,-1.797,3,0,0
-4.070,0.802,45.811,-32.284,2,3,0
-2.097,8.544,36.038,7.039,1,11,0
-7.903,-2.347,11.665,-10.075,12,2,0
-12.423,-2.368,9.863,-6.238,12,1,0
-12.111,-6.571,10.123,-5.012,12,0,0
-3.014,-3.911,53.268,-4.608,3,0,0
-11.960,9.791,59.303,-0.819,3,0,0
-10.568,-5.575,12.686,-5.849,12,1,0
4.800,5.122,17.881,6.134,13,11,10
0.221,3.182,21.726,12.760,0,12,0
-12.032,8.392,58.058,-1.475,3,0,0
-5.533,-0.011,16.349,-22.836,13,3,0
-10.819,-5.232,10.227,-5.948,12,1,0
-3.584,3.285,34.584,36.294,1,13,0
-3.651,4.115,41.491,20.218,1,13,0
3.061,2.079,35.463,6.854,1,11,0
-6.260,-2.551,26.985,-10.546,0,2,0
-7.611,3.137,48.752,-9.238,2,1,0
1.523,0.899,44.689,7.110,2,11,0
-12.586,-3.831,2.817,-5.775,10,1,0
-11.654,-1.116,15.243,-7.023,13,1,0
-0.553,3.696,11.112,15.347,12,13,10
-0.969,1.151,47.611,11.599,2,12,0
-11.296,-1.809,9.696,-7.194,11,1,0
-3.795,1.947,46.873,176.951,2,13,0
-8.793,8.082,59.983,-0.185,3,0,0
-5.247,8.459,53.953,3.990,3,10,0
-8.385,10.263,59.275,0.994,3,10,0
-11.257,7.033,56.936,-2.143,3,0,0
-12.971,-2.930,8.432,-5.803,11,1,0
2.928,-0.803,51.373,4.148,3,10,0
4.086,10.029,8.274,5.215,11,11,10
1.613,0.057,49.719,5.655,2,11,0
2.699,1.198,41.451,6.430,1,11,0
-10.989,8.581,59.114,-1.070,3,0,0
1.913,-4.814,59.848,0.473,3,10,0
2.853,2.355,33.472,7.257,1,11,0
0.554,-2.334,59.169,1.583,3,10,0
-9.320,8.512,59.948,-0.296,3,0,0
-2.126,-4.587,56.018,-3.139,3,0,0
-6.508,8.713,57.563,2.362,3,10,0
-4.593,-1.050,40.248,-14.320,1,2,0
-6.974,8.070,58.943,1.659,3,10,0
-4.854,10.383,51.403,3.673,3,10,0
-7.511,6.795,59.996,0.116,3,10,0
-8.007,7.008,59.971,-0.293,3,0,0
-13.019,-4.921,0.661,-5.277,10,1,0
-8.501,8.920,59.866,0.485,3,10,0
-7.319,1.692,31.410,-15.338,0,3,0
-11.347,3.247,43.523,-5.542,2,1,0
-11.554,-4.701,4.923,-5.922,10,1,0
1.627,-2.788,58.524,1.790,3,10,0
-12.203,3.904,45.919,-4.586,2,0,0
-10.609,-6.361,15.330,-5.443,13,1,0
2.180,0.078,48.632,5.429,2,11,0
2.833,6.563,3.285,7.291,10,11,10
-9.591,-5.763,17.910,-5.986,13,1,0
-10.145,1.899,35.204,-7.906,1,1,0
-6.660,8.207,58.299,2.101,3,10,0
-4.575,3.024,59.481,6.707,3,11,0
-6.104,6.766,58.451,2.600,3,10,0
-0.467,5.473,7.983,12.003,11,12,10
1.078,0.104,50.514,5.973,2,11,0
-11.122,7.944,58.396,-1.486,3,0,0
-6.888,5.585,59.964,-0.451,3,0,0
5.133,5.772,14.949,5.881,13,11,10
3.604,-7.099,59.917,0.266,3,10,0
-2.061,-5.529,55.462,-2.944,3,0,0
2.965,10.605,14.662,5.255,13,11,10
-12.710,-4.857,1.405,-5.411,10,1,0
2.222,5.494,7.884,8.336,11,11,10
5.006,6.796,9.212,5.811,11,11,10
-2.239,2.734,14.771,30.482,13,13,10
-13.164,7.306,55.207,-2.219,3,0,0
-6.169,-5.354,35.857,-6.274,1,1,0
-3.124,-0.431,57.359,-6.813,3,1,0
-2.021,-7.037,54.591,-2.691,3,0,0
-10.264,2.745,41.415,-6.882,1,1,0
-1.945,-5.811,55.580,-2.798,3,0,0
-1.450,8.380,31.211,7.458,0,11,0
-7.986,2.399,40.599,-11.027,1,2,0
3.593,5.795,10.745,6.954,12,11,10
-9.483,10.722,59.797,0.479,3,10,0
-6.953,8.062,58.918,1.682,3,10,0
-4.888,7.418,53.190,5.057,3,11,0
3.870,9.530,7.171,5.469,11,11,10
1.695,-1.310,55.244,3.554,3,10,0
3.715,-4.481,58.440,1.349,3,10,0
-8.484,4.736,55.735,-4.230,3,0,0
0.640,-6.407,59.420,-0.867,3,0,0
-8.322,-0.449,7.658,-11.981,11,2,0
2.492,-7.313,59.964,-0.183,3,0,0
3.292,-1.090,51.875,3.807,3,10,0
-1.820,10.147,37.066,5.594,1,11,0
-12.197,2.846,40.738,-5.346,1,1,0
-9.194,5.781,57.356,-2.742,3,0,0
1.942,-2.744,58.082,1.979,3,10,0
2.729,-4.031,58.845,1.296,3,10,0
-4.373,-4.894,45.987,-5.582,2,1,0
-7.599,-0.353,3.859,-13.924,10,2,0
-0.349,-1.424,59.095,2.074,3,10,0
-3.446,4.829,40.180,15.456,1,13,0
1.342,-1.860,57.292,2.704,3,10,0
-12.295,-2.916,6.496,-6.186,11,1,0
-3.141,9.061,43.301,5.839,2,11,0
-1.054,4.006,2.740,16.819,10,13,10
-12.754,1.963,35.798,-5.500,1,1,0
-7.162,-0.853,5.429,-14.032,11,2,0
4.589,-4.292,57.407,1.639,3,10,0
-11.696,-1.644,11.995,-6.904,12,1,0
-1.332,-2.308,59.763,-1.052,3,0,0
-0.152,5.648,6.893,11.241,11,12,10
-5.156,8.258,53.739,4.193,3,10,0
-7.295,4.303,57.007,-4.655,3,0,0
-3.252,-6.008,51.141,-3.901,3,0,0
-6.856,3.180,51.604,-9.904,3,1,0
4.901,7.303,6.357,5.758,11,11,10
-4.357,-3.675,45.645,-6.848,2,1,0
-8.301,-6.555,26.716,-5.611,0,1,0
-2.475,0.583,59.043,5.126,3,11,0
-1.036,2.588,25.968,17.898,0,13,0
-5.556,-0.767,24.192,-17.298,0,3,0
-12.589,11.030,59.591,-0.561,3,0,0
-11.943,-6.872,11.752,-4.941,12,0,0
-9.323,-4.802,15.616,-6.707,13,1,0
1.505,-4.513,59.898,0.409,3,10,0
-6.992,-7.101,34.353,-5.135,1,0,0
4.069,-1.346,51.640,3.497,3,10,0
2.411,10.637,17.086,5.347,13,11,10
0.253,-2.473,59.593,1.131,3,10,0
-4.147,7.285,48.981,6.555,2,11,0
-0.286,8.125,22.376,7.772,0,11,0
-3.167,4.945,36.383,15.589,1,13,0
-6.558,-3.770,29.291,-8.297,0,1,0
-0.312,-7.295,57.893,-1.576,3,0,0
1.308,-7.213,59.562,-0.680,3,0,0
-1.816,3.769,2.240,21.334,10,13,10
-11.376,3.724,45.980,-5.089,2,0,0
0.821,2.673,29.019,10.789,0,12,0
-0.770,5.902,14.015,11.518,12,12,10
-9.499,9.976,59.952,0.247,3,10,0
-7.224,3.565,53.345,-7.663,3,1,0
-11.419,11.281,59.971,-0.156,3,0,0
-1.118,1.286,46.493,12.773,2,12,0
-2.764,-6.840,52.523,-3.249,3,0,0
-8.860,10.875,59.392,0.842,3,10,0
-11.833,-4.699,3.837,-5.809,10,1,0
-2.634,7.122,37.101,8.895,1,12,0
2.598,8.754,9.180,6.280,11,11,10
0.865,-0.848,55.318,4.121,3,10,0
-2.475,7.854,37.373,7.759,1,11,0
-10.752,-5.826,12.825,-5.670,12,1,0
-4.774,-1.546,39.215,-12.511,1,2,0
-13.279,2.315,37.609,-5.036,1,0,0
-6.375,9.163,56.890,2.526,3,10,0
-7.100,5.041,59.313,-2.085,3,0,0
-2.727,-1.746,57.031,-4.712,3,0,0
-4.606,-0.474,38.066,-18.206,1,3,0
-8.906,-5.701,21.138,-6.150,0,1,0
-12.374,-3.185,5.341,-6.068,11,1,0
-11.791,-4.532,3.254,-5.893,10,1,0
-11.013,-0.369,18.745,-7.700,13,1,0
-8.895,-7.266,25.625,-5.177,0,0,0
-12.733,11.163,59.583,-0.558,3,0,0
-8.765,-6.585,24.498,-5.578,0,1,0
-1.644,2.966,15.109,22.805,13,13,10
-6.078,6.363,58.816,2.454,3,10,0
4.170,0.062,46.106,4.573,2,10,0
-6.331,2.265,41.195,-18.594,1,3,0
-8.964,-4.096,14.485,-7.406,13,1,0
-6.081,5.310,59.798,1.259,3,10,0
-13.072,-4.761,0.184,-5.303,10,1,0
1.761,-1.138,54.576,3.800,3,10,0
-2.894,-6.311,52.330,-3.501,3,0,0
-3.051,-6.830,51.573,-3.453,3,0,0
-9.473,1.026,27.032,-9.635,0,1,0
-3.555,-5.006,50.187,-4.684,2,0,0
-4.766,7.244,52.699,5.413,3,11,0
-0.152,-0.448,56.139,4.643,3,11,0
-4.072,7.590,48.460,6.328,2,11,0
-8.428,-4.727,20.300,-7.011,0,1,0
4.769,8.974,1.702,5.353,10,11,10
2.996,1.573,38.856,6.523,1,11,0
-12.687,6.543,54.144,-2.637,3,0,0
1.425,10.697,21.671,5.459,0,11,0
-12.679,7.849,56.678,-1.881,3,0,0
-7.051,5.115,59.481,-1.806,3,0,0
3.489,-2.644,55.891,2.476,3,10,0
5.226,-6.641,59.088,0.825,3,10,0
-11.204,1.639,33.551,-6.897,1,1,0
0.094,9.974,26.260,6.019,0,11,0
2.493,10.797,17.242,5.256,13,11,10
-5.096,0.248,21.586,-27.091,0,3,0
-2.328,5.589,28.301,13.362,0,13,0
3.533,3.721,24.408,7.094,0,11,0
3.590,0.423,45.009,5.118,2,11,0
1.074,11.312,24.927,5.146,0,11,0
-11.876,5.875,53.492,-3.096,3,0,0
3.538,9.376,7.839,5.641,11,11,10
2.969,-2.137,55.457,2.826,3,10,0
-5.752,2.151,39.999,-25.433,1,3,0
4.781,-2.383,53.647,2.738,3,10,0
-0.999,6.857,21.914,9.783,0,12,0
-10.606,8.924,59.580,-0.740,3,0,0
-3.902,10.531,47.584,4.284,2,10,0
3.286,10.366,12.553,5.289,12,11,10
-9.930,8.257,59.603,-0.799,3,0,0
2.784,10.363,14.599,5.405,13,11,10
-1.204,-0.458,58.730,3.299,3,10,0
-2.375,-4.397,55.385,-3.497,3,0,0
5.277,6.155,13.236,5.757,12,11,10
-7.000,9.832,57.701,1.961,3,10,0
-0.029,-1.120,57.963,3.070,3,10,0
4.028,-1.284,51.494,3.550,3,10,0
-7.366,-6.793,31.956,-5.394,0,1,0
-0.244,-5.329,59.136,-1.232,3,0,0
-12.438,4.918,49.710,-3.763,2,0,0
4.757,-6.149,59.053,0.887,3,10,0
0.858,-3.073,59.567,1.025,3,10,0
2.754,-7.121,59.999,-0.032,3,0,0
-9.718,10.884,59.846,0.406,3,10,0
-2.590,-4.886,54.245,-3.648,3,0,0
-13.260,0.299,26.737,-5.705,0,1,0
-5.226,2.613,53.671,-19.566,3,3,0
-0.620,-4.470,59.214,-1.326,3,0,0
-7.396,-6.358,30.917,-5.700,0,1,0
5.283,0.576,42.861,4.471,2,10,0
-0.663,-2.015,59.925,0.574,3,10,0
-10.689,-3.730,3.885,-6.798,10,1,0
-13.064,5.520,50.935,-3.261,3,0,0
5.156,-5.636,58.390,1.158,3,10,0
-10.259,7.641,58.877,-1.371,3,0,0
-1.450,10.372,35.428,5.533,1,11,0
-6.529,0.655,9.250,-20.693,11,3,0
-7.994,7.691,59.970,0.273,3,10,0
-9.842,-0.247,16.367,-9.221,13,1,0
-1.020,9.729,31.834,6.140,0,11,0
1.849,-5.760,60.000,0.015,3,10,0
2.807,7.447,1.880,6.879,10,11,10
-4.547,3.005,59.369,7.580,3,11,0
-5.062,-6.311,43.051,-4.988,2,0,0
-7.360,9.723,58.377,1.646,3,10,0
-2.156,-5.513,55.198,-3.040,3,0,0
-3.038,4.214,29.684,21.599,0,13,0
1.819,3.525,22.652,9.236,0,12,0
-9.584,10.786,59.821,0.445,3,10,0
-7.809,6.214,59.749,-0.966,3,0,0
-0.490,9.914,29.283,6.049,0,11,0
0.955,-0.100,51.874,5.603,3,11,0
-12.451,4.923,49.713,-3.757,2,0,0
-13.126,-6.369,5.908,-4.822,11,0,0
-12.915,3.367,42.860,-4.655,2,0,0
1.374,-6.035,59.913,-0.335,3,0,0
-7.379,-0.259,3.248,-14.741,10,2,0
3.468,4.736,17.291,7.224,13,11,10
-5.781,9.890,54.748,3.035,3,10,0
-0.501,5.220,6.020,12.554,11,12,10
-0.035,2.782,26.032,13.375,0,13,0
-4.608,10.834,50.357,3.684,2,10,0
-2.657,0.246,59.997,0.271,3,10,0
-11.599,-3.754,0.275,-6.295,10,1,0
5.036,10.632,7.127,4.767,11,11,10
-13.293,-5.894,3.639,-4.912,10,0,0
-0.655,-3.272,59.817,-0.750,3,0,0
-0.940,-3.425,59.494,-1.249,3,0,0
-5.929,-1.255,22.946,-14.651,0,2,0
-8.740,7.144,59.694,-0.865,3,0,0
-7.668,9.753,58.785,1.401,3,10,0
-9.820,9.384,59.983,-0.153,3,0,0
-10.479,-1.815,6.664,-7.931,11,1,0
5.044,-6.464,59.083,0.843,3,10,0
2.325,-4.288,59.372,0.971,3,10,0
-3.643,10.567,46.459,4.428,2,10,0
-11.125,-0.302,19.502,-7.578,13,1,0
-3.847,4.846,45.999,13.515,2,13,0
-7.062,-2.698,20.555,-10.053,0,2,0
3.625,-7.198,59.929,0.244,3,10,0
4.997,-4.557,57.364,1.580,3,10,0
-9.029,6.331,58.601,-1.941,3,0,0
0.731,2.243,33.486,10.508,1,12,0
-12.946,-3.185,7.074,-5.762,11,1,0
-9.460,9.335,60.000,0.024,3,10,0
-4.770,7.000,52.918,5.590,3,11,0
3.595,0.002,47.026,4.745,2,11,0
3.925,5.373,14.326,6.764,12,11,10
-2.039,1.078,53.006,12.976,3,13,0
-5.082,-1.291,34.350,-14.200,1,2,0
-8.134,1.722,32.701,-12.142,1,2,0
-5.726,-2.444,31.705,-10.685,0,2,0
-11.970,10.849,59.759,-0.451,3,0,0
-2.640,-1.067,58.472,-4.010,3,0,0
2.363,1.758,37.800,7.318,1,11,0
2.279,-4.268,59.389,0.963,3,10,0
-10.626,-2.950,0.115,-7.254,10,1,0
2.735,6.948,0.596,7.179,10,11,10
-7.215,10.106,57.892,1.808,3,10,0
2.738,-0.093,48.617,4.984,2,11,0
-2.133,11.065,39.751,4.856,1,11,0
-0.143,-3.651,59.940,-0.391,3,0,0
-2.156,9.315,37.744,6.182,1,11,0
-3.396,1.390,59.435,9.565,3,12,0
0.588,1.141,44.220,8.688,2,11,0
-1.511,-7.217,55.726,-2.329,3,0,0
0.914,10.620,23.872,5.548,0,11,0
2.455,7.922,5.921,6.816,11,11,10
-4.494,6.401,51.715,6.870,3,11,0
-4.203,-5.226,46.972,-5.165,2,0,0
-12.721,-0.838,19.379,-6.191,13,1,0
2.294,1.442,40.097,7.064,1,11,0
-11.273,-6.721,13.808,-5.142,12,0,0
-3.479,-2.704,51.670,-6.444,3,1,0
-1.406,-1.819,59.934,-0.610,3,0,0
-5.055,-4.705,41.823,-6.338,2,1,0
-5.761,3.283,57.363,-8.074,3,1,0
-3.430,-5.438,50.609,-4.320,2,0,0
2.732,5.999,6.436,7.619,11,11,10
-10.566,-5.287,11.562,-6.002,12,1,0
-10.107,0.322,21.995,-8.814,0,1,0
-8.771,-3.073,10.306,-8.487,12,1,0
-1.613,-5.116,56.956,-2.514,3,0,0
-9.366,9.749,59.957,0.241,3,10,0
-11.148,-3.183,0.966,-6.795,10,1,0
3.638,7.255,2.450,6.467,10,11,10
-4.967,10.779,51.654,3.456,3,10,0
-7.236,3.752,54.511,-6.813,3,1,0
-9.546,1.238,29.129,-9.370,0,1,0
-8.762,6.128,58.642,-2.014,3,0,0
-9.904,9.217,59.947,-0.271,3,0,0
3.422,7.021,2.919,6.688,10,11,10
3.216,-1.695,53.921,3.246,3,10,0
-12.380,9.634,58.938,-0.991,3,0,0
-2.563,-6.527,53.316,-3.183,3,0,0
1.159,-1.337,56.297,3.377,3,10,0
4.451,11.061,10.547,4.767,12,11,10
-2.081,9.625,37.762,5.930,1,11,0
-6.673,-2.213,21.247,-11.246,0,2,0
0.304,3.100,22.987,12.477,0,12,0
-12.887,-0.828,19.747,-6.075,13,1,0
-13.187,-1.570,16.169,-5.862,13,1,0
-4.604,-0.581,38.533,-17.350,1,3,0
-3.549,-6.797,49.782,-3.802,2,0,0
4.393,-3.401,56.249,2.092,3,10,0
-11.776,3.983,46.745,-4.688,2,0,0
-0.802,-1.349,59.577,1.536,3,10,0
3.768,-4.459,58.370,1.375,3,10,0
-10.133,8.425,59.578,-0.799,3,0,0
-4.951,3.118,59.887,-2.512,3,0,0
1.007,1.542,40.221,8.856,1,12,0
3.300,-3.162,57.107,2.059,3,10,0
-4.195,-4.172,46.836,-6.073,2,1,0
-8.900,4.120,52.100,-5.574,3,1,0
-2.093,-0.219,59.868,1.361,3,10,0
-13.177,1.034,30.776,-5.581,0,1,0
-8.306,11.260,58.703,1.215,3,10,0
-2.533,9.211,39.860,6.094,1,11,0
-0.424,-5.639,58.735,-1.453,3,0,0
-4.174,10.408,48.734,4.162,2,10,0
-3.414,-4.705,50.954,-4.707,3,0,0
0.908,7.198,10.188,8.271,12,11,10
0.385,5.005,2.564,11.277,10,12,10
2.561,0.697,44.660,5.991,2,11,0
-6.985,9.397,57.985,1.933,3,10,0
-11.745,10.771,59.809,-0.409,3,0,0
-10.013,-1.098,10.019,-8.746,12,1,0
1.644,-5.013,59.965,0.228,3,10,0
-6.377,4.782,59.880,-1.039,3,0,0
-7.167,8.450,58.954,1.552,3,10,0
-7.844,3.680,52.206,-7.049,3,1,0
-6.755,-5.298,32.190,-6.491,0,1,0
-8.143,7.911,59.969,0.268,3,10,0
-7.423,-0.892,3.485,-13.367,10,2,0
3.265,9.773,10.487,5.552,12,11,10
-2.616,-5.284,53.877,-3.561,3,0,0
-8.502,7.450,59.934,-0.398,3,0,0
-6.258,10.006,55.970,2.599,3,10,0
-6.259,11.106,55.256,2.492,3,10,0
-1.092,-2.137,59.972,-0.364,3,0,0
-3.118,7.615,41.830,7.567,2,11,0
-8.708,-1.829,2.353,-9.880,10,1,0
-5.563,-0.564,22.250,-18.557,0,3,0
4.217,4.752,18.895,6.572,13,11,10
-2.320,10.353,39.959,5.253,1,11,0
-5.833,5.481,59.245,2.412,3,10,0
-10.197,8.242,59.428,-0.940,3,0,0
-7.213,1.591,29.645,-16.105,0,3,0
-12.835,-4.602,0.104,-5.440,10,1,0
1.878,5.287,7.996,8.830,11,12,10
-13.256,6.894,54.261,-2.446,3,0,0
-1.629,10.376,36.380,5.481,1,11,0
4.048,0.538,44.002,4.987,2,11,0
-11.270,0.495,25.525,-7.314,0,1,0
-5.929,2.000,36.010,-24.877,1,3,0
-8.688,-1.249,2.246,-10.512,10,2,0
-12.151,6.719,55.205,-2.495,3,0,0
-8.126,5.381,58.269,-2.682,3,0,0
-8.174,8.382,59.876,0.505,3,10,0
-8.894,-5.094,19.066,-6.601,13,1,0
1.254,-3.084,59.249,1.294,3,10,0
-10.085,3.327,45.399,-6.299,2,1,0
-12.181,3.094,42.045,-5.186,2,0,0
-13.005,0.661,28.550,-5.797,0,1,0
-5.584,-5.751,39.821,-5.673,1,1,0
-11.814,3.627,45.031,-4.968,2,0,0
-13.271,6.332,52.936,-2.760,3,0,0
-6.458,-2.434,24.533,-10.800,0,2,0
4.433,-6.930,59.615,0.552,3,10,0
-1.626,-7.014,55.585,-2.423,3,0,0
-6.206,-1.505,21.442,-13.532,0,2,0
-11.846,7.295,56.691,-2.076,3,0,0
-2.656,-5.903,53.355,-3.424,3,0,0
4.922,-5.278,58.237,1.254,3,10,0
-4.148,-6.778,47.386,-4.192,2,0,0
-5.761,1.842,31.580,-28.857,0,3,0
2.662,5.320,10.814,7.929,12,11,10
-6.762,-3.903,28.218,-8.125,0,1,0
-12.503,-1.206,16.749,-6.340,13,1,0
-12.174,-4.060,0.334,-5.897,10,1,0
-1.181,-3.580,59.075,-1.678,3,0,0
-6.357,-7.216,37.582,-4.917,1,0,0
3.716,8.373,2.811,5.989,10,11,10
-11.579,5.451,52.654,-3.454,3,0,0
-4.154,8.018,48.903,5.774,2,11,0
-10.007,-3.981,8.359,-7.009,11,1,0
4.488,-3.455,56.235,2.073,3,10,0
-5.215,-4.222,40.207,-7.025,1,1,0
-7.272,-1.170,7.543,-13.065,11,2,0
-1.986,2.545,22.220,26.716,0,13,0
4.540,7.756,3.028,5.819,10,11,10
0.552,-1.801,58.399,2.322,3,10,0
-7.686,1.205,25.076,-14.457,0,2,0
-7.863,-3.875,20.325,-8.029,0,1,0
-9.671,-0.261,15.669,-9.487,13,1,0
-7.062,10.247,57.530,1.937,3,10,0
-2.036,8.915,36.339,6.642,1,11,0
-11.505,-6.617,12.553,-5.135,12,0,0
2.240,0.828,44.241,6.384,2,11,0
-3.053,-2.250,54.683,-5.672,3,1,0
-5.249,-4.867,40.786,-6.305,1,1,0
5.192,2.928,30.995,5.561,0,11,0
-11.501,8.573,58.710,-1.241,3,0,0
-5.307,4.528,59.173,3.488,3,10,0
-10.408,0.048,20.450,-8.420,0,1,0
-4.038,1.949,17.442,-901.508,13,3,0
1.978,1.921,36.629,7.948,1,11,0
-7.693,-2.342,13.244,-10.267,12,2,0
-7.595,1.483,28.798,-14.491,0,2,0
-8.407,-6.770,26.725,-5.473,0,1,0
-9.623,3.461,46.915,-6.438,2,1,0
-8.290,-1.144,0.663,-11.279,10,2,0
-8.514,-5.539,22.690,-6.321,0,1,0
-9.976,-2.590,0.692,-7.962,10,1,0
2.345,-3.212,58.286,1.734,3,10,0
2.140,6.549,0.352,7.852,10,11,10
4.868,6.741,9.115,5.897,11,11,10
-11.196,10.227,59.831,-0.412,3,0,0
2.396,0.946,43.325,6.403,2,11,0
-5.242,-6.770,42.479,-4.784,2,0,0
-9.279,6.018,57.717,-2.471,3,0,0
-11.282,11.194,59.979,-0.135,3,0,0
-12.943,11.180,59.503,-0.602,3,0,0
-7.810,1.268,26.302,-13.899,0,2,0
-3.150,-1.935,54.520,-6.223,3,1,0
-9.226,-6.403,21.749,-5.651,0,1,0
2.047,10.831,19.264,5.309,13,11,10
-11.001,8.728,59.216,-0.995,3,0,0
0.123,6.678,12.207,9.420,12,12,10
-6.098,-6.272,37.678,-5.472,1,1,0
-0.440,10.640,30.665,5.519,0,11,0
-1.032,-2.972,59.668,-1.089,3,0,0
-3.313,-5.074,51.255,-4.389,3,0,0
0.074,5.232,1.632,11.534,10,12,10
-4.995,-7.186,43.845,-4.433,2,0,0
-12.220,5.402,51.621,-3.438,3,0,0
-0.402,3.406,16.055,14.967,13,13,10
-9.091,5.050,55.550,-3.821,3,0,0
-11.376,4.387,49.031,-4.461,2,0,0
-2.648,-0.702,59.036,-3.546,3,0,0
-9.251,6.199,58.094,-2.232,3,0,0
-9.964,-4.406,10.600,-6.747,12,1,0
-1.518,5.003,14.062,14.970,12,13,10
-11.442,-2.444,6.296,-6.884,11,1,0
-11.505,9.737,59.519,-0.703,3,0,0
-13.192,-0.786,20.531,-5.870,0,1,0
-10.416,1.383,31.239,-7.947,0,1,0
3.607,5.877,10.275,6.924,12,11,10
-6.614,-3.859,29.164,-8.173,0,1,0
-0.167,2.784,25.655,13.863,0,13,0
0.119,-6.510,58.889,-1.216,3,0,0
-10.111,-1.368,8.362,-8.515,11,1,0
-4.626,3.298,58.869,8.045,3,11,0
-2.839,2.802,2.324,42.483,10,13,10
-2.764,0.457,59.969,0.970,3,10,0
-8.136,2.339,39.801,-10.821,1,2,0
-11.070,6.661,56.475,-2.393,3,0,0
4.469,-6.337,59.329,0.753,3,10,0
1.279,-3.163,59.300,1.238,3,10,0
-7.059,-6.721,33.381,-5.394,1,1,0
4.770,3.161,29.390,5.913,0,11,0
-11.823,-1.336,14.284,-6.852,12,1,0
4.924,-6.226,59.003,0.898,3,10,0
3.814,-2.122,54.239,2.904,3,10,0
-11.892,4.330,48.120,-4.355,2,0,0
3.408,-0.498,49.448,4.347,2,10,0
-6.868,-2.443,20.806,-10.642,0,2,0
-7.529,-6.086,29.592,-5.916,0,1,0
-3.901,-0.962,49.171,-11.601,2,2,0
-10.242,6.158,56.571,-2.666,3,0,0
3.352,7.743,1.176,6.430,10,11,10
-10.814,9.732,59.813,-0.459,3,0,0
-5.705,9.752,54.613,3.131,3,10,0
-11.785,11.045,59.865,-0.337,3,0,0
-11.540,6.589,55.707,-2.525,3,0,0
0.009,6.808,13.814,9.327,12,12,10
-8.774,6.636,59.266,-1.406,3,0,0
-3.759,-6.469,49.005,-4.086,2,0,0
-11.525,-2.109,8.593,-6.926,11,1,0
2.496,0.609,45.254,5.930,2,11,0
-8.225,2.653,42.905,-9.811,2,1,0
-7.174,-1.588,12.099,-12.266,12,2,0
-9.643,-0.780,11.078,-9.374,12,1,0
-10.251,3.386,45.535,-6.103,2,1,0
-6.303,-6.611,37.071,-5.293,1,1,0
-9.308,1.596,32.257,-9.504,0,1,0
-8.150,9.148,59.586,0.851,3,10,0
-12.260,4.766,49.378,-3.913,2,0,0
2.749,9.868,12.992,5.651,12,11,10
-4.295,0.188,41.583,-23.564,1,3,0
-12.682,1.339,32.252,-5.811,0,1,0
-1.197,-1.025,59.677,1.508,3,10,0
-10.324,1.451,31.712,-8.023,0,1,0
-10.314,3.083,43.598,-6.435,2,1,0
-4.804,11.251,50.937,3.415,3,10,0
-10.303,4.528,51.281,-4.587,3,0,0
-9.620,0.476,22.179,-9.574,0,1,0
0.626,1.947,36.549,10.285,1,12,0
-6.604,9.276,57.325,2.293,3,10,0
2.958,-0.196,48.780,4.788,2,11,0
-11.579,-0.938,16.216,-7.107,13,1,0
-9.859,6.578,57.921,-2.106,3,0,0
-1.409,2.096,34.195,19.018,1,13,0
-13.042,10.714,59.230,-0.763,3,0,0
-13.097,2.513,38.647,-5.037,1,0,0
-5.278,-2.452,36.203,-10.330,1,2,0
3.292,-0.934,51.317,3.956,3,10,0
-2.783,-4.907,53.520,-3.867,3,0,0
-12.368,8.361,57.708,-1.563,3,0,0
-10.939,-4.820,7.970,-6.112,11,1,0
-1.068,-3.330,59.408,-1.382,3,0,0
1.251,-5.953,59.892,-0.377,3,0,0
-12.765,-0.257,22.893,-6.127,0,1,0
2.861,-4.834,59.380,0.888,3,10,0
-13.250,1.665,34.239,-5.323,1,1,0
-4.956,0.840,14.152,-38.798,12,3,0
-9.051,5.932,57.892,-2.463,3,0,0
2.575,1.138,41.933,6.472,2,11,0
3.963,6.051,10.320,6.615,12,11,10
-11.913,10.235,59.554,-0.639,3,0,0
-6.003,4.398,59.918,-1.003,3,0,0
-10.068,2.397,39.058,-7.490,1,1,0
-9.226,4.894,54.748,-4.109,3,0,0
-7.630,11.289,57.810,1.610,3,10,0
-11.313,3.197,43.280,-5.608,2,1,0
-9.916,-1.825,4.174,-8.496,10,1,0
2.738,2.024,35.830,7.143,1,11,0
-11.684,6.274,54.793,-2.780,3,0,0
-5.045,-5.803,42.795,-5.342,2,1,0
-4.289,0.982,36.361,-45.085,1,3,0
-2.433,0.773,57.939,7.836,3,11,0
-2.113,5.811,27.047,12.594,0,12,0
5.151,3.077,30.141,5.630,0,11,0
-5.110,5.965,55.930,5.276,3,11,0
3.738,-6.918,59.848,0.361,3,10,0
-12.674,10.924,59.512,-0.614,3,0,0
-3.140,-6.380,51.425,-3.669,3,0,0
-1.002,-5.544,57.903,-1.937,3,0,0
-11.364,0.181,23.442,-7.282,0,1,0
-0.939,7.985,26.345,8.019,0,11,0
2.616,-0.117,48.915,5.002,2,11,0
4.978,-4.741,57.609,1.494,3,10,0
-0.808,-3.018,59.822,-0.776,3,0,0
-0.107,1.427,42.608,10.735,2,12,0
-12.782,-6.514,7.562,-4.866,11,0,0
-7.816,-5.527,26.534,-6.377,0,1,0
-0.484,1.266,45.046,11.033,2,12,0
-1.307,5.115,12.770,14.238,12,13,10
-12.460,0.403,26.472,-6.254,0,1,0
-0.581,9.537,28.839,6.357,0,11,0
4.339,-0.193,47.025,4.322,2,10,0
-2.573,10.115,41.037,5.312,1,11,0
-12.504,10.903,59.576,-0.578,3,0,0
-4.845,8.532,52.223,4.485,3,10,0
-10.211,10.149,59.998,-0.045,3,0,0
1.131,4.859,8.084,10.121,11,12,10
-10.113,0.846,26.470,-8.656,0,1,0
-2.398,0.167,59.833,1.840,3,10,0
3.345,2.950,29.549,7.050,0,11,0
-11.683,9.018,58.952,-1.073,3,0,0
-7.528,-4.141,23.686,-7.784,0,1,0
-1.329,7.758,28.392,8.327,0,11,0
-7.921,1.764,33.053,-12.749,1,2,0
4.750,0.915,41.634,4.900,1,11,0
-6.374,2.943,51.176,-12.264,3,2,0
-0.128,4.678,2.303,12.736,10,12,10
-12.728,10.220,59.116,-0.856,3,0,0
-4.776,5.818,54.205,6.603,3,11,0
-2.155,-4.278,56.202,-3.211,3,0,0
5.250,7.368,7.044,5.571,11,11,10
-0.771,-2.306,60.000,-0.000,3,0,0
-9.769,-5.672,16.732,-6.003,13,1,0
-2.922,-3.402,54.116,-4.705,3,0,0
-5.479,6.881,56.376,4.027,3,10,0
-2.007,-1.412,59.604,-1.742,3,0,0
-11.613,-1.587,12.109,-6.983,12,1,0
-9.659,2.846,42.703,-7.365,2,1,0
-5.451,-0.640,24.728,-18.148,0,3,0
-6.125,0.280,2.228,-21.933,10,3,0
-5.380,-1.232,30.014,-14.784,0,2,0
0.855,2.545,30.417,10.585,0,12,0
-13.137,0.330,26.781,-5.780,0,1,0
-9.142,3.785,49.748,-6.163,2,1,0
2.345,6.550,1.284,7.682,10,11,10
-11.049,2.009,36.064,-6.803,1,1,0
-4.645,0.870,23.840,-42.334,0,3,0
-6.448,5.491,59.970,0.448,3,10,0
-11.073,-6.416,13.582,-5.316,12,1,0
-1.317,-3.599,58.843,-1.889,3,0,0
-6.643,9.891,56.948,2.270,3,10,0
-10.695,8.540,59.293,-0.981,3,0,0
-5.762,-3.763,35.377,-8.041,1,1,0
5.066,4.013,24.740,5.886,0,11,0
-9.193,6.925,59.151,-1.405,3,0,0
-6.421,2.603,46.537,-15.181,2,3,0
-6.682,-4.291,30.039,-7.595,0,1,0
2.132,5.864,4.868,8.252,10,11,10
-8.476,2.518,41.276,-9.664,1,1,0
-13.110,8.447,57.114,-1.647,3,0,0
-9.192,-1.596,2.265,-9.494,10,1,0
3.304,-3.674,57.876,1.711,3,10,0
-0.702,-6.316,57.890,-1.763,3,0,0
-2.650,7.051,37.076,9.023,1,12,0
-2.755,11.248,42.766,4.510,2,10,0
-2.302,0.512,58.708,5.485,3,11,0
-7.814,4.496,56.408,-4.486,3,0,0
0.118,0.279,51.724,6.813,3,11,0
4.423,5.512,14.758,6.373,13,11,10
-1.950,-1.932,59.205,-2.196,3,0,0
5.041,-2.814,54.336,2.485,3,10,0
-4.120,1.245,41.753,-56.343,2,3,0
-4.558,-0.604,39.392,-16.996,1,3,0
-0.020,7.889,19.611,7.978,13,11,10
-10.814,-6.586,15.219,-5.295,13,1,0
-5.037,11.340,51.679,3.244,3,10,0
-0.878,4.051,3.732,16.032,10,13,10
-4.992,7.557,53.579,4.784,3,11,0
-12.124,4.197,47.280,-4.389,2,0,0
1.880,-0.559,52.162,4.624,3,10,0
-4.926,-1.689,37.786,-12.254,1,2,0
-4.819,4.954,55.874,7.133,3,11,0
-13.341,-6.565,5.903,-4.711,11,0,0
-3.587,-3.627,50.508,-5.740,2,1,0
-9.179,0.845,24.695,-10.305,0,2,0
-2.989,6.533,39.007,9.817,1,12,0
-9.608,8.874,59.950,-0.276,3,0,0
2.499,3.473,24.496,8.219,0,11,0
-10.900,0.756,26.912,-7.648,0,1,0
-12.123,10.727,59.663,-0.533,3,0,0
-10.485,9.073,59.709,-0.615,3,0,0
-3.527,-1.437,52.460,-8.393,3,1,0
-11.850,3.214,42.912,-5.279,2,1,0
-5.994,-5.132,36.537,-6.426,1,1,0
-11.832,1.435,32.454,-6.427,0,1,0
-10.807,-2.354,4.461,-7.405,10,1,0
4.988,5.868,14.095,5.960,12,11,10
0.175,10.908,28.184,5.384,0,11,0
-9.896,9.459,59.981,-0.160,3,0,0
-11.815,5.326,51.921,-3.540,3,0,0
-8.184,8.373,59.883,0.492,3,10,0
3.565,2.472,32.940,6.616,1,11,0
-6.039,-0.676,16.353,-17.160,13,3,0
4.237,8.715,2.425,5.641,10,11,10
2.969,5.284,12.100,7.628,12,11,10
-13.000,0.776,29.202,-5.771,0,1,0
3.882,-5.648,59.262,0.854,3,10,0
-6.563,9.623,56.969,2.341,3,10,0
-8.090,7.229,59.988,-0.182,3,0,0
-7.909,0.534,16.849,-13.795,13,2,0
-9.995,9.131,59.907,-0.358,3,0,0
4.107,4.651,19.301,6.661,13,11,10
3.260,-0.438,49.409,4.445,2,10,0
5.289,8.275,2.965,5.346,10,11,10
0.205,-6.070,59.204,-1.071,3,0,0
3.499,8.238,3.020,6.143,10,11,10
-6.931,1.618,29.485,-17.681,0,3,0
-11.922,-1.758,11.954,-6.706,12,1,0
-5.946,-0.270,13.024,-19.589,12,3,0
1.071,9.379,19.169,6.350,13,11,10
-5.483,-4.296,38.468,-7.119,1,1,0
3.590,-4.664,58.722,1.220,3,10,0
-1.976,2.331,27.783,25.930,0,13,0
-5.871,-4.633,36.421,-6.918,1,1,0
-1.912,9.940,37.266,5.728,1,11,0
-8.832,10.361,59.573,0.740,3,10,0
-3.566,5.946,43.781,10.335,2,12,0
-3.680,-4.284,49.770,-5.326,2,1,0
-11.821,-6.710,11.664,-5.028,12,0,0
-12.486,1.035,30.345,-6.061,0,1,0
-6.839,6.045,59.970,0.382,3,10,0
-5.836,1.777,29.964,-28.102,0,3,0
-10.822,6.098,55.577,-2.841,3,0,0
-7.633,6.929,59.998,0.081,3,10,0
-0.562,4.677,1.078,13.768,10,13,10
-13.088,7.917,56.360,-1.898,3,0,0
-1.780,3.992,5.268,20.036,10,13,10
2.277,-3.418,58.615,1.545,3,10,0
-2.251,10.861,40.119,4.940,1,11,0
2.166,9.851,15.512,5.806,13,11,10
-3.559,-5.928,49.926,-4.191,2,0,0
-0.960,8.136,27.031,7.823,0,11,0
-7.992,1.261,26.658,-13.240,0,2,0
-8.049,-3.982,19.574,-7.852,13,1,0
2.595,5.338,10.446,7.993,12,11,10
-3.304,8.143,43.641,6.661,2,11,0
-8.750,5.256,56.834,-3.340,3,0,0
4.408,7.754,2.603,5.883,10,11,10
-0.234,8.690,24.168,7.154,0,11,0
-7.046,-0.629,4.114,-14.877,10,3,0
-13.168,5.627,51.135,-3.184,3,0,0
2.772,0.507,45.489,5.642,2,11,0
3.183,8.073,3.500,6.368,10,11,10
0.995,-0.552,53.895,4.701,3,11,0
1.384,4.128,15.841,9.996,13,12,10
4.471,-4.669,57.978,1.433,3,10,0
1.529,0.859,44.960,7.038,2,11,0
-8.608,-6.763,25.730,-5.475,0,1,0
4.019,-6.562,59.643,0.557,3,10,0
2.787,-0.215,49.118,4.827,2,11,0
3.390,-1.483,53.030,3.436,3,10,0
-0.921,-0.524,58.271,3.592,3,10,0
-7.084,4.743,58.801,-2.892,3,0,0
1.152,-4.707,59.996,0.081,3,10,0
-11.770,-2.907,4.808,-6.508,10,1,0
-10.614,-2.805,0.913,-7.338,10,1,0
3.916,9.599,7.270,5.428,11,11,10
-1.795,9.599,36.067,6.060,1,11,0
-7.877,-5.588,26.365,-6.325,0,1,0
-6.511,9.097,57.257,2.382,3,10,0
-12.821,9.011,58.049,-1.347,3,0,0
-4.791,6.570,53.435,5.884,3,11,0
-3.493,-5.661,50.274,-4.266,2,0,0
0.371,-4.963,59.794,-0.605,3,0,0
4.321,2.218,34.729,5.878,1,11,0
-1.283,-7.077,56.308,-2.187,3,0,0
-10.783,7.935,58.701,-1.378,3,0,0
-12.261,-6.564,9.551,-4.978,11,0,0
-11.729,-4.089,1.425,-6.096,10,1,0
0.686,5.088,3.648,10.672,10,12,10
1.437,6.895,5.365,8.169,11,11,10
-12.138,-2.726,7.025,-6.332,11,1,0
4.016,2.663,31.922,6.317,0,11,0
-0.186,10.919,29.980,5.358,0,11,0
3.982,9.981,8.481,5.262,11,11,10
-5.676,2.668,51.212,-17.330,3,3,0
-12.092,-6.456,9.789,-5.058,11,0,0
-3.355,-3.047,52.177,-5.822,3,1,0
-6.761,-2.686,23.081,-10.184,0,2,0
-4.620,9.989,50.640,4.016,2,10,0
-9.042,-5.824,20.845,-6.045,0,1,0
4.475,4.564,20.558,6.366,0,11,0
-6.425,2.054,37.067,-19.452,1,3,0
-11.537,-1.532,12.229,-7.057,12,1,0
-12.626,-4.542,0.322,-5.542,10,1,0
-4.480,-5.806,45.701,-4.971,2,0,0
-7.301,3.723,54.127,-6.952,3,1,0
2.771,-3.076,57.595,1.987,3,10,0
-6.564,-2.164,21.996,-11.414,0,2,0
-7.995,10.603,58.697,1.311,3,10,0
-5.251,7.785,54.525,4.231,3,10,0
-10.548,1.278,30.524,-7.841,0,1,0
-4.606,4.287,55.621,9.509,3,12,0
-0.770,-0.013,55.940,5.701,3,11,0
-9.641,10.315,59.933,0.283,3,10,0
-6.423,-5.012,33.614,-6.699,1,1,0
-3.220,-3.480,52.593,-5.217,3,0,0
1.623,5.566,4.697,8.983,10,12,10
-2.132,-7.059,54.282,-2.763,3,0,0
-5.448,2.975,56.673,-11.285,3,2,0
0.933,-0.974,55.615,3.909,3,10,0
4.145,0.999,41.588,5.270,1,11,0
-11.737,0.803,28.241,-6.762,0,1,0
2.378,-3.832,58.958,1.288,3,10,0
-7.319,10.928,57.535,1.787,3,10,0
-11.975,-1.012,16.718,-6.759,13,1,0
-5.133,1.651,20.259,-47.618,0,3,0
-3.095,5.460,37.321,13.136,1,13,0
-6.038,-6.704,38.527,-5.146,1,0,0
-7.016,-6.951,33.995,-5.234,1,0,0
-3.983,8.902,47.913,5.233,2,11,0
-11.774,0.257,24.624,-6.867,0,1,0
3.723,8.176,1.861,6.065,10,11,10
0.456,5.938,4.813,10.057,10,12,10
-13.204,0.799,29.486,-5.630,0,1,0
3.282,6.155,7.482,7.101,11,11,10
-6.768,3.133,51.499,-10.293,3,2,0
-1.772,8.799,34.401,6.871,1,11,0
-3.090,8.625,42.658,6.309,2,11,0
0.428,11.287,27.834,5.166,0,11,0
-6.969,2.293,40.544,-14.825,1,3,0
-1.550,-7.070,55.726,-2.367,3,0,0
-3.268,1.440,57.752,17.654,3,13,0
-8.137,4.162,54.135,-5.542,3,1,0
0.137,5.183,0.732,11.494,10,12,10
3.598,1.346,39.983,5.867,1,11,0
-0.035,-3.992,59.896,-0.492,3,0,0
-1.142,-4.880,58.138,-1.990,3,0,0
1.534,7.833,10.045,7.357,12,11,10
-10.745,9.945,59.891,-0.347,3,0,0
-4.203,9.726,48.929,4.493,2,10,0
2.825,-0.741,51.294,4.232,3,10,0
0.281,9.133,22.631,6.679,0,11,0
5.329,-2.611,53.542,2.602,3,10,0
1.403,-0.112,51.005,5.447,3,11,0
-12.076,-2.098,10.381,-6.525,12,1,0
-10.372,6.154,56.371,-2.702,3,0,0
-3.153,-4.507,52.245,-4.496,3,0,0
-2.043,-4.341,56.481,-3.051,3,0,0
-2.653,-0.918,58.670,-3.909,3,0,0
0.834,1.880,37.181,9.738,1,12,0
2.056,-0.770,52.704,4.306,3,10,0
-5.777,-2.243,30.369,-11.248,0,2,0
-0.379,9.998,28.876,5.991,0,11,0
-12.029,3.569,44.537,-4.914,2,0,0
-3.364,8.397,44.206,6.311,2,11,0
-4.434,4.446,53.549,10.896,3,12,0
-7.776,4.184,55.195,-5.394,3,1,0
1.996,-5.129,59.907,0.359,3,10,0
-0.790,-5.156,58.530,-1.683,3,0,0
1.250,2.408,32.172,9.618,0,12,0
-1.983,0.107,59.098,3.748,3,10,0
-4.346,-4.032,45.863,-6.403,2,1,0
1.978,-2.738,58.028,2.000,3,10,0
-2.085,5.464,24.594,13.828,0,13,0
-7.818,-5.094,25.206,-6.758,0,1,0
-10.377,-4.683,9.878,-6.407,12,1,0
-4.420,-0.925,42.393,-14.371,2,2,0
-10.585,9.347,59.772,-0.530,3,0,0
-8.546,-7.342,27.409,-5.137,0,0,0
-7.458,-2.529,16.301,-10.133,13,2,0
-5.944,-2.924,31.428,-9.654,0,1,0
-7.028,3.053,49.769,-10.454,2,2,0
-12.089,-6.072,8.424,-5.199,11,0,0
-8.583,0.892,23.713,-11.689,0,2,0
-3.495,-1.662,52.469,-7.872,3,1,0
-12.810,9.208,58.258,-1.261,3,0,0
-8.018,2.012,36.142,-11.921,1,2,0
-11.542,-4.678,4.868,-5.936,10,1,0
-0.744,-2.892,59.905,-0.574,3,0,0
-1.914,2.470,24.570,25.598,0,13,0
-3.407,9.477,45.006,5.290,2,11,0
-4.506,9.736,50.246,4.230,2,10,0
-2.105,6.530,30.392,10.536,0,12,0
-4.542,4.511,54.518,9.752,3,12,0
3.461,3.682,24.562,7.157,0,11,0
-0.304,-3.722,59.853,-0.616,3,0,0
-11.879,10.467,59.664,-0.548,3,0,0
-9.924,-1.489,6.661,-8.673,11,1,0
-5.728,7.928,56.157,3.422,3,10,0
-7.802,-4.410,22.918,-7.441,0,1,0
-5.356,8.080,54.686,3.963,3,10,0
-12.525,2.628,39.431,-5.290,1,1,0
-0.185,1.374,43.299,10.744,2,12,0
2.965,-0.220,48.878,4.760,2,11,0
-0.130,-4.193,59.783,-0.698,3,0,0
-10.800,4.506,50.377,-4.497,2,0,0
-5.308,2.747,55.066,-15.823,3,3,0
-1.820,-2.089,59.293,-1.982,3,0,0
-4.211,8.376,49.165,5.391,2,11,0
-11.656,3.332,43.693,-5.292,2,1,0
2.137,-6.961,59.945,-0.238,3,0,0
0.028,-3.575,59.991,-0.155,3,0,0
-7.135,-7.278,33.950,-5.051,1,0,0
-6.970,8.268,58.793,1.727,3,10,0
-11.849,9.794,59.367,-0.786,3,0,0
-5.307,1.896,32.099,-38.652,0,3,0
-8.018,10.140,58.977,1.215,3,10,0
-9.647,7.218,59.016,-1.408,3,0,0
-3.507,-1.455,52.602,-8.271,3,1,0
-0.665,7.476,22.274,8.689,0,11,0
3.079,-6.188,59.856,0.384,3,10,0
-13.003,-2.272,11.948,-5.900,12,1,0
-7.197,-2.334,17.258,-10.670,13,2,0
-9.817,-2.093,1.820,-8.431,10,1,0
0.319,-0.634,55.726,4.396,3,10,0
-2.376,2.960,6.582,31.612,11,13,10
1.908,5.112,9.482,8.873,11,12,10
2.016,2.987,27.753,8.725,0,11,0
-12.421,-0.564,20.457,-6.408,0,1,0
-8.193,-3.457,16.127,-8.397,13,1,0
-1.197,8.140,28.717,7.805,0,11,0
1.131,-1.624,57.097,2.935,3,10,0
-4.861,-1.842,38.965,-11.587,1,2,0
-6.492,1.054,16.627,-21.633,13,3,0
5.147,-5.839,58.570,1.081,3,10,0
-5.707,9.775,54.604,3.124,3,10,0
-2.534,-0.639,59.441,-2.706,3,0,0
0.805,10.995,25.376,5.332,0,11,0
0.676,9.690,22.309,6.189,0,11,0
-2.801,-1.721,56.726,-5.000,3,0,0
-10.825,10.276,59.936,-0.258,3,0,0
-9.715,7.524,59.244,-1.194,3,0,0
-2.245,0.257,59.366,3.518,3,10,0
-7.607,-7.044,31.249,-5.260,0,0,0
3.587,3.178,28.208,6.897,0,11,0
1.018,4.980,6.447,10.221,11,12,10
3.330,-5.416,59.445,0.781,3,10,0
-0.406,5.803,10.162,11.301,12,12,10
-4.545,-3.741,44.386,-7.001,2,1,0
-5.119,-6.989,43.185,-4.598,2,0,0
0.096,11.112,29.021,5.257,0,11,0
2.536,1.909,36.665,7.266,1,11,0
0.001,-1.348,58.413,2.628,3,10,0
-6.898,-0.195,0.287,-16.502,10,3,0
1.217,-0.729,54.147,4.390,3,10,0
-2.087,7.496,33.496,8.554,1,11,0
4.043,5.717,12.541,6.622,12,11,10
-3.288,7.901,43.343,6.980,2,11,0
-6.059,1.377,20.567,-26.205,0,3,0
2.639,-6.265,59.967,0.188,3,10,0
2.314,7.259,3.060,7.293,10,11,10
4.807,-1.942,52.470,3.016,3,10,0
-2.282,9.356,38.554,6.086,1,11,0
-12.917,8.043,56.730,-1.814,3,0,0
1.903,4.817,11.818,8.994,12,12,10
-2.537,10.543,41.237,5.028,1,11,0
-5.957,-0.037,9.666,-20.963,11,3,0
-6.550,2.070,37.299,-18.424,1,3,0
-0.172,0.866,48.148,8.967,2,12,0
-5.250,-3.829,39.383,-7.593,1,1,0
-3.074,-3.361,53.428,-5.019,3,0,0
-1.715,10.972,37.631,5.048,1,11,0
-5.019,-4.502,41.844,-6.534,2,1,0
5.209,-0.055,45.588,4.134,2,10,0
-4.003,8.984,48.018,5.151,2,11,0
-0.103,1.352,43.386,10.491,2,12,0
2.786,-2.704,56.932,2.294,3,10,0
-9.951,4.840,53.165,-4.218,3,0,0
-6.205,2.652,48.127,-15.585,2,3,0
0.698,1.478,41.081,9.252,1,12,0
4.222,-4.599,58.120,1.414,3,10,0
2.338,7.403,3.739,7.190,10,11,10
-11.142,2.958,42.062,-5.938,2,1,0
1.309,0.407,48.276,6.428,2,11,0
-4.277,6.590,50.079,7.187,2,11,0
2.760,0.011,48.086,5.092,2,11,0
2.303,7.840,6.214,6.945,11,11,10
-11.131,5.157,52.349,-3.760,3,0,0
2.054,8.302,9.676,6.776,11,11,10
-5.530,-3.319,36.176,-8.649,1,1,0
-10.155,8.592,59.653,-0.715,3,0,0
-7.113,7.718,59.370,1.332,3,10,0
-1.976,-3.286,57.698,-2.908,3,0,0
-5.501,7.735,55.552,3.824,3,10,0
2.920,-0.753,51.193,4.202,3,10,0
1.244,-6.278,59.814,-0.482,3,0,0
-3.462,-4.761,50.704,-4.730,2,0,0
4.647,5.709,14.163,6.197,12,11,10
-6.720,10.627,56.605,2.200,3,10,0
-11.475,1.050,29.659,-6.922,0,1,0
-7.579,11.207,57.782,1.636,3,10,0
-11.694,2.516,39.131,-5.898,1,1,0
-9.182,5.655,57.084,-2.914,3,0,0
-4.549,8.599,50.819,4.817,2,11,0
0.041,6.885,14.042,9.201,12,12,10
-7.464,-4.426,25.168,-7.461,0,1,0
-6.126,-6.648,38.021,-5.212,1,0,0
-8.796,4.137,52.418,-5.560,3,1,0
-9.575,-6.626,20.771,-5.481,0,1,0
-2.815,7.245,38.887,8.498,1,11,0
-9.812,9.911,59.997,0.061,3,10,0
-6.959,2.568,44.399,-13.394,2,2,0
-1.514,2.905,17.408,21.700,13,13,10
-2.456,-5.414,54.330,-3.362,3,0,0
-3.995,6.671,47.959,7.718,2,11,0
-10.703,10.016,59.916,-0.304,3,0,0
-12.162,7.235,56.217,-2.162,3,0,0
-6.114,-1.858,24.801,-12.419,0,2,0
2.535,8.000,5.943,6.730,11,11,10
-1.999,-0.221,59.758,1.802,3,10,0
1.415,-4.531,59.929,0.344,3,10,0
-5.870,0.528,1.399,-25.204,10,3,0
-10.375,0.191,21.530,-8.451,0,1,0
-6.475,-4.668,32.474,-7.094,0,1,0
-10.576,10.704,60.000,-0.019,3,0,0
-12.063,-5.032,4.420,-5.593,10,1,0
4.727,10.420,7.418,4.910,11,11,10
-7.077,-5.427,30.563,-6.423,0,1,0
-1.968,0.843,55.040,10.216,3,12,0
4.452,-4.949,58.292,1.299,3,10,0
1.202,-6.884,59.612,-0.662,3,0,0
-9.466,-1.730,2.684,-9.058,10,1,0
-10.274,7.515,58.729,-1.471,3,0,0
-10.103,1.266,30.011,-8.452,0,1,0
-10.930,7.161,57.542,-1.967,3,0,0
-0.798,-6.432,57.654,-1.842,3,0,0
-9.990,4.332,50.963,-4.927,3,0,0
-5.449,-1.700,31.568,-12.841,0,2,0
-1.576,9.185,33.972,6.522,1,11,0
-4.569,-3.174,43.778,-7.882,2,1,0
-3.366,3.798,33.293,26.177,1,13,0
-9.430,6.340,58.091,-2.160,3,0,0
-3.209,4.931,36.955,15.572,1,13,0
-4.877,0.854,16.234,-40.011,13,3,0
-9.420,9.322,59.999,0.042,3,10,0
-9.658,-2.686,2.889,-8.157,10,1,0
-6.551,10.845,56.097,2.312,3,10,0
-3.030,-4.616,52.715,-4.286,3,0,0
2.348,-1.920,55.850,2.939,3,10,0
-12.957,6.343,53.335,-2.761,3,0,0
4.632,9.382,3.838,5.272,10,11,10
-12.643,1.287,31.935,-5.857,0,1,0
-9.780,-1.678,4.605,-8.733,10,1,0
-9.847,7.311,58.921,-1.434,3,0,0
-8.109,10.710,58.771,1.254,3,10,0
-3.534,3.348,33.599,34.865,1,13,0
1.382,5.378,4.974,9.410,10,12,10
2.773,-4.968,59.511,0.787,3,10,0
-4.083,2.888,51.143,35.191,3,13,0
-11.308,6.349,55.484,-2.685,3,0,0
-4.860,4.246,57.699,6.840,3,11,0
2.794,5.897,7.344,7.603,11,11,10
1.069,-1.874,57.749,2.552,3,10,0
-4.986,9.913,52.083,3.736,3,10,0
-6.075,1.461,22.784,-25.892,0,3,0
-10.916,5.162,52.698,-3.772,3,0,0
-9.118,-4.272,14.429,-7.194,13,1,0
2.908,-4.041,58.698,1.355,3,10,0
-2.331,-2.372,57.681,-3.530,3,0,0
-4.301,9.804,49.351,4.369,2,10,0
1.124,7.006,7.793,8.304,11,11,10
-11.618,-5.347,7.411,-5.626,11,1,0
1.064,1.599,39.676,8.860,1,12,0
2.481,-0.328,50.106,4.793,2,11,0
-1.584,-2.346,59.445,-1.638,3,0,0
-5.850,1.968,35.160,-26.270,1,3,0
-10.081,-0.119,18.198,-8.879,13,1,0
-6.696,-2.848,24.457,-9.877,0,1,0
0.847,3.992,15.053,11.085,13,12,10
-5.247,3.387,59.763,-2.855,3,0,0
-4.983,-1.139,35.051,-14.805,1,2,0
-9.210,5.729,57.210,-2.822,3,0,0
-13.099,-5.450,2.552,-5.097,10,0,0
-2.742,-1.941,56.672,-4.763,3,0,0
-7.978,7.024,59.979,-0.246,3,0,0
5.190,2.598,32.805,5.455,1,11,0
-13.300,3.896,44.863,-4.198,2,0,0
0.784,-3.958,59.967,0.259,3,10,0
-8.807,-3.452,12.195,-8.083,12,1,0
1.313,10.060,20.261,5.850,0,11,0
1.656,-0.172,50.813,5.266,2,11,0
1.256,2.856,27.812,9.984,0,12,0
-5.688,1.185,11.539,-31.407,12,3,0
-10.847,10.821,59.992,-0.089,3,0,0
2.049,-3.450,58.875,1.420,3,10,0
-1.291,-5.381,57.465,-2.194,3,0,0
-11.569,-4.608,4.450,-5.955,10,1,0
-2.686,-1.384,57.778,-4.456,3,0,0
2.290,4.015,19.641,8.584,13,11,10
2.659,10.661,16.110,5.291,13,11,10
-11.233,-1.277,12.987,-7.377,12,1,0
-5.868,-0.508,16.998,-18.401,13,3,0
-8.877,5.875,58.046,-2.439,3,0,0
-10.003,5.821,56.146,-2.973,3,0,0
-6.079,2.558,47.217,-17.199,2,3,0
-1.075,4.773,6.902,14.787,11,13,10
-8.847,1.365,29.456,-10.693,0,2,0
-7.051,10.958,57.044,1.966,3,10,0
-1.586,-1.156,59.997,0.142,3,10,0
-8.678,-7.102,26.235,-5.272,0,1,0
-11.859,7.836,57.519,-1.744,3,0,0
-8.865,4.659,54.610,-4.483,3,0,0
4.434,-5.089,58.443,1.233,3,10,0
4.118,-3.804,57.201,1.815,3,10,0
3.203,6.275,6.460,7.122,11,11,10
2.004,-0.694,52.495,4.416,3,10,0
-7.932,3.715,52.185,-6.903,3,1,0
-1.790,8.728,34.368,6.945,1,11,0
-11.071,0.222,23.209,-7.588,0,1,0
-9.141,-0.673,9.795,-10.216,11,2,0
-8.420,-5.107,21.747,-6.681,0,1,0
-7.639,11.253,57.845,1.603,3,10,0
-0.406,3.685,12.214,14.801,12,13,10
1.612,4.691,11.704,9.455,12,12,10
-4.672,2.306,52.648,-38.992,3,3,0
-12.443,6.555,54.474,-2.622,3,0,0
-6.670,8.229,58.300,2.092,3,10,0
-5.632,5.397,58.855,3.095,3,10,0
-5.194,-4.442,40.635,-6.738,1,1,0
-3.641,10.691,46.473,4.363,2,10,0
-8.750,-3.773,14.196,-7.798,12,1,0
2.416,-0.240,49.807,4.923,2,11,0
-3.798,3.158,41.116,37.183,1,13,0
-2.475,7.739,37.148,7.934,1,11,0
-5.723,2.119,39.215,-26.297,1,3,0
-11.800,9.041,58.886,-1.095,3,0,0
-0.765,-1.109,59.216,2.154,3,10,0
-10.031,2.544,40.166,-7.361,1,1,0
-10.081,-0.513,14.937,-8.831,13,1,0
-3.075,1.810,44.937,42.104,2,13,0
-2.978,11.320,43.792,4.375,2,10,0
-9.322,0.979,26.307,-9.951,0,1,0
-12.344,7.789,56.940,-1.862,3,0,0
-2.400,9.965,39.971,5.508,1,11,0
-1.052,1.553,42.787,14.109,2,13,0
-3.442,1.091,59.740,-5.232,3,0,0
-7.108,3.955,56.030,-5.847,3,1,0
-5.553,7.993,55.495,3.685,3,10,0
2.885,-1.031,52.287,3.912,3,10,0
-0.416,0.706,50.163,8.639,2,11,0
-8.797,11.150,59.228,0.929,3,10,0
-8.896,4.997,55.763,-3.858,3,0,0
0.907,5.644,0.284,9.816,10,12,10
-11.696,-2.000,9.807,-6.825,11,1,0
-0.572,-2.577,60.000,-0.007,3,0,0
4.756,0.917,41.618,4.899,1,11,0
-3.025,2.070,32.450,51.617,0,13,0
-5.281,1.354,10.542,-41.168,12,3,0
3.800,-6.911,59.829,0.382,3,10,0
4.783,-5.206,58.277,1.257,3,10,0
-5.299,5.601,57.369,4.591,3,10,0
1.614,4.954,9.509,9.339,11,12,10
-4.183,9.298,48.889,4.764,2,11,0
-5.220,-2.723,37.467,-9.608,1,1,0
1.251,3.206,24.345,10.179,0,12,0
-10.838,-1.182,12.389,-7.784,12,1,0
-11.679,2.772,40.619,-5.722,1,1,0
-10.545,6.036,55.838,-2.856,3,0,0
-2.962,10.808,43.457,4.665,2,11,0
-13.131,6.041,52.345,-2.937,3,0,0
-9.540,-6.704,21.161,-5.442,0,1,0
-1.604,2.855,17.782,22.523,13,13,10
-7.695,2.137,37.754,-12.611,1,2,0
-12.318,0.638,27.774,-6.310,0,1,0
-2.563,9.006,39.788,6.280,1,11,0
2.491,7.557,3.868,7.007,10,11,10
3.890,0.468,44.487,5.009,2,11,0
-4.953,-7.177,44.026,-4.418,2,0,0
-4.798,2.170,45.217,-48.357,2,3,0
-2.968,10.483,43.303,4.860,2,11,0
-11.811,-1.541,12.966,-6.831,12,1,0
-5.384,8.115,54.763,3.910,3,10,0
-1.136,7.697,26.718,8.426,0,11,0
-11.434,-1.158,14.369,-7.212,12,1,0
-13.013,9.918,58.726,-1.025,3,0,0
0.096,-0.614,56.169,4.341,3,10,0
-3.909,-7.166,48.355,-3.875,2,0,0
1.301,9.818,19.525,6.007,13,11,10
-8.539,5.772,58.365,-2.358,3,0,0
-3.768,5.118,45.192,12.622,2,12,0
-2.644,2.472,18.217,39.829,13,13,10
-2.302,-5.348,54.872,-3.218,3,0,0
-11.696,-1.491,12.953,-6.932,12,1,0
-11.687,-0.273,20.909,-7.016,0,1,0
-11.823,-4.242,1.798,-5.992,10,1,0
-0.158,-6.897,58.339,-1.447,3,0,0
-2.338,-0.819,59.632,-2.027,3,0,0
0.707,7.631,13.738,7.958,12,11,10
-11.183,0.125,22.713,-7.481,0,1,0
-6.721,4.572,59.135,-2.711,3,0,0
-7.290,4.743,58.388,-3.225,3,0,0
2.217,-1.067,53.520,3.912,3,10,0
-2.341,7.920,36.509,7.744,1,11,0
5.037,8.888,0.464,5.280,10,11,10
4.871,11.128,9.331,4.657,11,11,10
-12.144,3.817,45.591,-4.675,2,0,0
-13.132,-5.596,3.018,-5.045,10,0,0
-10.554,11.014,59.993,0.080,3,10,0
-0.870,4.619,3.195,14.680,10,13,10
-12.416,0.785,28.773,-6.192,0,1,0
1.547,1.075,43.404,7.367,2,11,0
-12.736,-0.530,21.224,-6.170,0,1,0
-12.791,-2.368,10.884,-6.011,12,1,0
2.782,5.855,7.579,7.630,11,11,10
-8.369,2.936,45.259,-8.815,2,1,0
-5.842,5.782,58.918,2.696,3,10,0
-5.049,8.969,52.822,4.038,3,10,0
3.988,8.667,3.119,5.759,10,11,10
-10.947,-2.074,6.776,-7.402,11,1,0
3.565,10.198,10.859,5.290,12,11,10
4.438,-7.127,59.684,0.495,3,10,0
-6.909,0.849,15.814,-18.499,13,3,0
-5.843,-6.813,39.616,-5.005,1,0,0
-8.768,10.320,59.546,0.768,3,10,0
3.648,-4.918,58.898,1.110,3,10,0
-12.418,5.958,53.001,-3.023,3,0,0
-10.054,-1.783,5.096,-8.375,10,1,0
5.329,9.163,0.676,5.101,10,11,10
-10.447,-0.399,16.997,-8.365,13,1,0
-5.734,-6.242,39.558,-5.356,1,1,0
-4.201,-3.771,46.719,-6.520,2,1,0
1.929,9.240,14.332,6.226,12,11,10
-1.746,-3.188,58.370,-2.456,3,0,0
-3.606,0.536,55.714,-14.690,3,2,0
3.935,10.107,9.120,5.228,11,11,10
-3.234,-2.488,53.371,-6.022,3,1,0
-8.698,-3.700,14.143,-7.894,12,1,0
-5.016,6.167,55.160,5.504,3,11,0
-12.712,5.990,52.718,-2.990,3,0,0
-7.435,-0.591,0.171,-13.945,10,2,0
5.340,-3.877,56.033,1.944,3,10,0
0.717,-0.036,52.073,5.802,3,11,0
2.883,7.637,2.560,6.738,10,11,10
-9.625,-7.158,22.060,-5.192,0,0,0
5.135,11.178,8.626,4.585,11,10,10
-8.780,-2.683,7.876,-8.888,11,1,0
1.071,7.691,11.888,7.715,12,11,10
-5.144,6.359,55.567,5.022,3,11,0
4.508,7.692,3.231,5.853,10,11,10
-4.980,8.835,52.623,4.175,3,10,0
-7.311,-6.194,31.015,-5.812,0,1,0
-13.220,7.517,55.539,-2.113,3,0,0
-8.637,0.245,16.685,-11.624,13,2,0
-0.310,-6.920,58.115,-1.546,3,0,0
-3.725,-5.082,49.359,-4.813,2,0,0
-11.010,3.318,44.248,-5.681,2,1,0
0.312,-0.588,55.569,4.499,3,10,0
-9.341,1.409,30.498,-9.615,0,1,0
-5.689,1.890,32.805,-29.689,1,3,0
4.111,4.567,19.836,6.656,13,11,10
-11.561,-5.049,6.400,-5.771,11,1,0
-12.762,3.975,45.671,-4.332,2,0,0
1.094,1.810,37.765,9.147,1,12,0
-5.691,9.296,54.888,3.236,3,10,0
-12.798,10.742,59.370,-0.699,3,0,0
-1.351,8.090,29.655,7.854,0,11,0
1.040,9.198,18.671,6.489,13,11,10
-11.402,-1.365,12.910,-7.207,12,1,0
-2.169,-1.870,58.784,-2.807,3,0,0
-2.273,9.499,38.693,5.959,1,11,0
-0.762,-6.195,57.871,-1.798,3,0,0
-11.047,10.853,59.975,-0.152,3,0,0
-12.031,8.403,58.072,-1.469,3,0,0
5.099,-4.316,56.945,1.707,3,10,0
-0.185,7.759,20.133,8.182,0,11,0
4.440,8.415,0.382,5.659,10,11,10
0.651,7.055,10.947,8.588,12,11,10
1.200,-5.645,59.936,-0.300,3,0,0
-7.033,8.640,58.618,1.754,3,10,0
0.448,10.443,25.689,5.682,0,11,0
2.380,4.843,13.350,8.375,12,11,10
-3.376,-5.332,50.878,-4.322,3,0,0
-5.237,10.637,52.620,3.304,3,10,0
-12.481,10.681,59.492,-0.642,3,0,0
-11.595,6.965,56.397,-2.257,3,0,0
-10.923,-1.435,10.917,-7.635,12,1,0
-7.622,-0.709,0.077,-13.265,10,2,0
2.707,-3.967,58.801,1.330,3,10,0
2.943,-0.337,49.430,4.642,2,11,0
-12.011,9.070,58.754,-1.139,3,0,0
0.995,1.012,44.632,7.876,2,11,0
-1.122,5.314,12.637,13.363,12,13,10
-5.872,2.903,53.280,-13.276,3,2,0
-5.799,1.607,24.932,-29.637,0,3,0
-0.198,0.412,51.721,7.381,3,11,0
-5.794,7.082,57.245,3.335,3,10,0
-7.884,-0.882,0.307,-12.405,10,2,0
-5.352,-3.088,37.144,-8.950,1,1,0
2.936,0.134,47.235,5.151,2,11,0
-7.210,-6.186,31.545,-5.805,0,1,0
-9.167,3.940,50.576,-5.849,2,1,0
-12.447,10.812,59.563,-0.592,3,0,0
5.268,-4.708,57.306,1.554,3,10,0
-12.408,0.500,27.012,-6.273,0,1,0
-8.379,-4.258,18.687,-7.465,13,1,0
-11.425,1.772,34.512,-6.607,1,1,0
3.045,11.086,15.873,5.033,13,11,10
-7.014,0.070,4.431,-16.719,10,3,0
-1.136,-0.167,57.671,4.610,3,10,0
3.581,7.481,1.048,6.413,10,11,10
-2.301,4.972,23.808,16.087,0,13,0
-0.021,5.007,0.225,12.030,10,12,10
-6.787,2.761,47.374,-12.745,2,2,0
-7.823,-2.044,10.149,-10.627,12,2,0
-0.746,0.642,51.711,8.629,3,11,0
2.371,-3.234,58.286,1.727,3,10,0
-8.472,8.825,59.879,0.467,3,10,0
-6.654,10.830,56.330,2.241,3,10,0
-10.875,8.678,59.267,-0.976,3,0,0
-3.019,2.686,2.003,50.099,10,13,10
-3.375,-3.938,51.504,-5.155,3,0,0
1.152,0.197,49.834,6.122,2,11,0
-1.639,4.649,11.887,16.574,12,13,10
2.875,9.979,12.866,5.564,12,11,10
-3.304,-3.496,52.142,-5.359,3,1,0
-3.526,11.332,46.110,4.109,2,10,0
-7.887,-2.927,15.390,-9.241,13,1,0
0.493,9.301,22.014,6.511,0,11,0
-9.697,5.979,57.000,-2.696,3,0,0
4.479,3.187,28.997,6.135,0,11,0
3.195,5.443,11.753,7.377,12,11,10
-0.865,-4.820,58.649,-1.687,3,0,0
-9.117,-2.863,6.973,-8.442,11,1,0
-6.397,-4.960,33.662,-6.747,1,1,0
-9.706,7.939,59.555,-0.886,3,0,0
-8.434,-6.250,25.235,-5.812,0,1,0
-10.174,-2.729,0.608,-7.715,10,1,0
-10.466,-1.151,11.334,-8.192,12,1,0
-7.810,7.281,59.990,0.170,3,10,0
-5.649,6.820,57.069,3.636,3,10,0
0.029,-1.054,57.685,3.265,3,10,0
-8.685,10.701,59.330,0.905,3,10,0
-1.040,-5.415,57.926,-1.959,3,0,0
1.011,-6.791,59.529,-0.742,3,0,0
-1.803,8.932,34.879,6.714,1,11,0
-12.381,3.102,41.950,-5.075,2,0,0
-12.190,8.053,57.480,-1.690,3,0,0
1.122,-4.558,59.989,0.141,3,10,0
-7.215,-2.250,16.566,-10.821,13,2,0
-4.147,2.589,55.272,38.473,3,13,0
-8.174,5.932,59.117,-1.789,3,0,0
-9.721,-6.407,19.429,-5.582,13,1,0
1.753,-4.347,59.742,0.649,3,10,0
4.484,5.364,15.774,6.343,13,11,10
-6.765,-2.669,22.963,-10.215,0,2,0
-5.285,-3.781,39.045,-7.692,1,1,0
-7.441,-3.768,22.778,-8.265,0,1,0
-12.980,1.574,33.684,-5.523,1,1,0
0.564,7.853,15.713,7.802,13,11,10
-8.004,8.181,59.859,0.559,3,10,0
0.224,5.859,5.799,10.438,11,12,10
-4.629,2.557,58.777,-14.348,3,2,0
-10.957,8.675,59.209,-1.007,3,0,0
-1.089,-0.439,58.420,3.602,3,10,0
-5.917,0.596,0.675,-25.246,10,3,0
-5.531,-4.140,37.863,-7.355,1,1,0
-9.060,-4.277,14.774,-7.213,13,1,0
0.173,-6.503,58.951,-1.180,3,0,0
-5.272,-6.541,42.175,-4.942,2,0,0
-10.642,0.198,22.176,-8.101,0,1,0
-8.872,-3.846,13.826,-7.673,12,1,0
-4.854,-0.649,34.633,-17.603,1,3,0
-9.710,-2.124,1.080,-8.518,10,1,0
-10.693,3.806,47.264,-5.332,2,1,0
-5.154,2.693,55.578,-16.798,3,3,0
-2.631,8.864,40.031,6.385,1,11,0
-6.847,3.111,50.982,-10.352,3,2,0
-7.766,-1.868,9.272,-10.981,11,2,0
-5.855,-0.755,19.710,-17.062,13,3,0
-0.490,0.563,51.503,8.116,3,11,0
-12.413,-7.344,11.583,-4.682,12,0,0
-5.428,0.315,13.341,-26.479,12,3,0
-2.204,-0.977,59.696,-1.735,3,0,0
2.932,4.089,20.620,7.783,0,11,0
0.287,-4.537,59.881,-0.483,3,0,0
-8.887,0.227,17.466,-11.042,13,2,0
-1.920,-4.029,57.117,-2.881,3,0,0
1.263,-1.247,55.843,3.549,3,10,0
0.686,5.063,3.868,10.695,10,12,10
-11.672,5.244,51.852,-3.624,3,0,0
1.582,11.292,22.607,5.127,0,11,0
-7.010,-6.678,33.551,-5.416,1,1,0
-6.646,3.592,55.593,-7.310,3,1,0
-3.236,-6.764,50.946,-3.603,3,0,0
-12.766,0.866,29.541,-5.908,0,1,0
3.063,-6.014,59.813,0.443,3,10,0
2.162,2.676,30.555,8.330,0,11,0
3.156,-0.685,50.568,4.225,2,10,0
1.908,3.064,26.925,8.932,0,12,0
-10.422,-3.589,4.354,-7.029,10,1,0
4.794,-1.659,51.675,3.201,3,10,0
-12.537,0.898,29.559,-6.066,0,1,0
-2.452,5.574,29.736,13.379,0,13,0
-13.337,-3.808,5.216,-5.436,10,1,0
-13.237,-3.442,6.654,-5.562,11,1,0
-1.419,-1.638,59.979,-0.356,3,0,0
-9.713,6.909,58.587,-1.719,3,0,0
-3.376,4.576,38.174,17.466,1,13,0
1.674,-2.905,58.626,1.702,3,10,0
-12.245,5.057,50.442,-3.695,2,0,0
1.532,2.331,33.070,9.033,1,12,0
1.773,-0.593,52.506,4.588,3,10,0
0.023,2.504,29.759,12.851,0,12,0
-7.226,5.187,59.345,-1.950,3,0,0
-11.055,1.942,35.603,-6.845,1,1,0
-0.385,6.046,11.807,10.841,12,12,10
-11.098,6.551,56.213,-2.488,3,0,0
-11.317,7.561,57.705,-1.788,3,0,0
-0.995,-2.884,59.747,-0.960,3,0,0
-2.700,9.847,41.469,5.452,1,11,0
-12.414,5.966,53.030,-3.017,3,0,0
-0.683,4.325,1.935,14.803,10,13,10
-1.584,-1.431,59.973,-0.427,3,0,0
-12.930,-0.146,23.789,-5.997,0,1,0
2.737,2.406,33.046,7.420,1,11,0
-8.242,-3.030,13.484,-8.885,12,1,0
-3.572,7.869,45.253,6.695,2,11,0
-12.552,-5.756,5.579,-5.174,11,0,0
-4.355,7.117,50.374,6.355,2,11,0
-0.819,4.671,3.303,14.424,10,13,10
1.584,-3.390,59.238,1.228,3,10,0
-3.035,0.486,59.826,-2.544,3,0,0
1.858,10.730,19.798,5.387,13,11,10
2.099,3.205,26.011,8.696,0,11,0
3.832,-5.288,59.054,0.992,3,10,0
-2.516,9.354,39.929,5.969,1,11,0
-1.204,3.809,4.150,17.975,10,13,10
-3.858,-5.723,48.655,-4.545,2,0,0
-10.974,6.730,56.737,-2.316,3,0,0
-8.847,7.609,59.857,-0.559,3,0,0
-11.585,7.076,56.614,-2.177,3,0,0
-5.057,7.681,53.777,4.605,3,10,0
-13.075,6.685,54.008,-2.559,3,0,0
-5.659,10.777,53.851,2.962,3,10,0
-8.646,0.246,16.723,-11.603,13,2,0
-0.909,5.848,14.877,11.777,13,12,10
-0.487,8.195,23.999,7.722,0,11,0
4.168,6.162,10.286,6.448,12,11,10
-3.749,6.611,45.971,8.349,2,11,0
5.001,-7.274,59.517,0.588,3,10,0
0.939,0.740,46.749,7.378,2,11,0
-0.563,-3.309,59.858,-0.653,3,0,0
-9.071,7.100,59.421,-1.156,3,0,0
0.872,5.065,4.906,10.389,10,12,10
-12.526,0.846,29.235,-6.090,0,1,0
-8.443,-6.193,25.034,-5.850,0,1,0
-9.575,4.523,52.589,-4.720,3,0,0
-7.446,8.640,59.187,1.316,3,10,0
-0.007,-3.014,59.975,0.271,3,10,0
2.966,-6.253,59.901,0.319,3,10,0
-6.531,3.199,53.086,-9.984,3,1,0
-2.601,-5.663,53.685,-3.440,3,0,0
0.122,10.379,27.180,5.728,0,11,0
0.144,3.825,13.601,12.907,12,12,10
-8.144,-0.740,3.555,-12.058,10,2,0
-12.797,-2.267,11.441,-6.024,12,1,0
-2.340,2.361,24.976,32.107,0,13,0
-11.046,-0.893,15.072,-7.624,13,1,0
-3.040,2.473,11.051,55.102,12,13,10
-10.782,8.187,58.946,-1.220,3,0,0
2.675,8.700,8.594,6.279,11,11,10
-1.406,6.915,25.648,9.761,0,12,0
1.425,1.956,36.391,8.793,1,11,0
-10.262,-0.028,19.463,-8.622,13,1,0
-0.595,6.494,16.516,10.231,13,12,10
-11.265,-5.173,8.108,-5.823,11,1,0
-7.077,11.029,57.046,1.949,3,10,0
-10.728,-6.531,15.397,-5.338,13,1,0
-9.566,6.590,58.313,-1.958,3,0,0
4.269,-6.701,59.594,0.581,3,10,0
-11.924,6.777,55.613,-2.434,3,0,0
-5.219,-4.579,40.638,-6.598,1,1,0
1.936,-5.150,59.927,0.319,3,10,0
-4.784,-3.063,41.929,-8.377,2,1,0
2.608,0.948,43.098,6.238,2,11,0
4.282,5.250,15.979,6.501,13,11,10
-10.809,1.651,33.494,-7.301,1,1,0
2.254,-4.732,59.669,0.685,3,10,0
1.288,11.327,24.002,5.129,0,11,0
-8.349,-3.929,17.414,-7.809,13,1,0
-1.234,-5.361,57.595,-2.139,3,0,0
1.453,-3.985,59.727,0.706,3,10,0
-2.661,-6.830,52.855,-3.179,3,0,0
-9.738,5.661,56.168,-3.100,3,0,0
-1.961,-4.707,56.397,-2.921,3,0,0
-9.794,6.382,57.668,-2.280,3,0,0
5.327,-2.421,53.090,2.708,3,10,0
1.479,-6.293,59.893,-0.360,3,0,0
-4.534,9.933,50.309,4.112,2,10,0
-2.176,-0.815,59.859,-1.226,3,0,0
0.102,3.302,19.793,13.161,13,13,10
-3.908,7.844,47.426,6.288,2,11,0
1.231,0.908,45.046,7.417,2,11,0
-0.841,3.656,9.600,16.604,11,13,10
-7.032,-3.982,26.536,-8.024,0,1,0
-3.002,-1.297,56.369,-5.968,3,1,0
0.930,8.443,16.241,7.120,13,11,10
-1.012,-2.456,59.916,-0.590,3,0,0
-4.236,10.148,49.023,4.244,2,10,0
-5.295,-1.936,34.339,-11.875,1,2,0
1.472,10.588,21.138,5.514,0,11,0
-2.557,4.090,19.042,22.402,13,13,10
-2.487,4.021,16.851,22.815,13,13,10
1.137,0.610,47.290,6.939,2,11,0
-3.782,-5.097,49.083,-4.860,2,0,0
-3.762,8.637,46.681,5.676,2,11,0
-11.762,9.619,59.316,-0.831,3,0,0
-10.760,1.141,29.664,-7.653,0,1,0
-2.553,10.965,41.650,4.756,1,11,0
-0.635,3.773,9.477,15.575,11,13,10
-1.386,-0.562,59.309,2.481,3,10,0
4.770,10.331,6.958,4.926,11,11,10
-8.119,-6.293,26.976,-5.788,0,1,0
-9.283,-6.390,21.436,-5.652,0,1,0
2.743,-0.682,51.193,4.312,3,10,0
3.415,2.031,35.801,6.493,1,11,0
-12.219,9.015,58.543,-1.216,3,0,0
-9.199,6.151,58.082,-2.262,3,0,0
-12.709,-6.926,9.215,-4.754,11,0,0
-6.957,2.861,47.984,-11.698,2,2,0
1.989,10.522,18.574,5.477,13,11,10
-12.406,-3.767,2.532,-5.881,10,1,0
-2.065,2.231,30.068,26.650,0,13,0
-4.765,8.901,51.676,4.391,3,10,0
1.656,1.115,42.989,7.312,2,11,0
-9.252,-6.789,22.736,-5.423,0,1,0
-6.827,7.197,59.368,1.468,3,10,0
-11.836,7.355,56.805,-2.035,3,0,0
-9.818,9.558,59.995,-0.079,3,0,0
-11.045,-1.334,12.004,-7.543,12,1,0
-7.389,11.305,57.422,1.757,3,10,0
-6.632,6.561,59.568,1.365,3,10,0
-6.911,1.234,22.609,-18.461,0,3,0
-1.355,2.204,32.204,19.083,0,13,0
-9.132,-4.228,14.147,-7.226,12,1,0
4.296,3.904,24.347,6.443,0,11,0
-4.883,0.647,20.512,-34.899,0,3,0
3.671,-2.947,56.269,2.282,3,10,0
-9.210,5.938,57.662,-2.539,3,0,0
-6.697,3.393,54.009,-8.609,3,1,0
-9.108,10.000,59.830,0.475,3,10,0
2.078,7.984,8.019,6.972,11,11,10
-12.560,-6.958,9.833,-4.777,11,0,0
-12.019,-0.913,17.449,-6.729,13,1,0
-7.272,8.563,59.019,1.473,3,10,0
2.399,8.260,7.831,6.646,11,11,10
-4.317,3.102,56.089,18.584,3,13,0
-5.189,-0.442,27.397,-19.653,0,3,0
-11.761,7.637,57.336,-1.843,3,0,0
-2.502,2.849,7.641,34.561,11,13,10
-3.460,-4.333,50.884,-5.002,3,0,0
2.147,5.291,9.083,8.506,11,11,10
-5.002,-0.718,32.582,-17.394,0,3,0
-12.006,8.784,58.496,-1.272,3,0,0
-1.690,6.955,28.291,9.678,0,12,0
2.779,-0.778,51.514,4.199,3,10,0
-5.755,9.766,54.756,3.081,3,10,0
-11.329,1.020,29.324,-7.079,0,1,0
-1.311,-4.736,57.927,-2.156,3,0,0
-7.069,-2.412,18.842,-10.599,13,2,0
4.355,-7.327,59.773,0.416,3,10,0
-9.590,11.046,59.757,0.507,3,10,0
-7.875,-3.531,18.658,-8.444,13,1,0
1.954,7.164,4.253,7.594,10,11,10
-6.031,0.817,6.957,-25.359,11,3,0
-7.260,8.215,59.229,1.366,3,10,0
-10.350,2.300,38.224,-7.275,1,1,0
-7.033,-6.550,33.203,-5.509,1,1,0
3.340,-0.601,49.966,4.266,2,10,0
-3.507,-1.144,53.000,-8.836,3,1,0
-10.013,2.263,38.060,-7.707,1,1,0
-4.639,6.507,52.580,6.349,3,11,0
1.526,4.682,11.429,9.590,12,12,10
-11.858,-2.687,6.333,-6.521,11,1,0
-10.016,-6.381,18.003,-5.548,13,1,0
0.133,-1.168,57.772,3.111,3,10,0
-3.685,1.836,54.074,73.248,3,13,0
-5.233,10.010,52.920,3.489,3,10,0
-3.308,-4.765,51.413,-4.548,3,0,0
-11.652,1.645,33.737,-6.477,1,1,0
-11.249,3.921,47.093,-4.958,2,0,0
-3.923,8.465,47.565,5.656,2,11,0
-1.207,9.635,32.712,6.187,1,11,0
-1.011,7.982,26.846,8.024,0,11,0
-2.856,1.567,50.655,26.280,2,13,0
1.681,8.778,13.663,6.606,12,11,10
-3.174,9.389,43.705,5.529,2,11,0
-3.488,5.950,42.979,10.512,2,12,0
-7.783,7.955,59.820,0.659,3,10,0
-12.171,4.818,49.683,-3.892,2,0,0
2.491,-4.173,59.165,1.113,3,10,0
-10.360,-7.342,19.419,-5.023,13,0,0
-6.136,-1.146,19.486,-14.925,13,3,0
3.511,9.586,8.780,5.560,11,11,10
-0.962,4.419,1.741,15.443,10,13,10
3.096,4.975,14.642,7.563,13,11,10
-10.629,-3.769,4.351,-6.810,10,1,0
-7.299,8.225,59.270,1.325,3,10,0
3.264,6.484,5.419,6.999,11,11,10
1.276,-5.582,59.962,-0.231,3,0,0
-1.946,3.688,2.668,22.546,10,13,10
-7.973,11.201,58.339,1.399,3,10,0
-13.068,-1.146,18.279,-5.954,13,1,0
1.191,-1.311,56.165,3.428,3,10,0
-11.892,4.834,50.103,-3.937,2,0,0
-5.507,-2.198,33.011,-11.234,1,2,0
-11.093,10.340,59.887,-0.336,3,0,0
-0.363,10.111,29.067,5.905,0,11,0
4.141,-2.464,54.645,2.669,3,10,0
-11.853,9.664,59.289,-0.839,3,0,0
-1.531,-1.942,59.789,-1.081,3,0,0
-6.397,1.793,31.746,-21.162,0,3,0
-1.904,-6.013,55.548,-2.739,3,0,0
-8.984,-4.886,17.774,-6.741,13,1,0
3.059,1.361,40.179,6.287,1,11,0
0.701,5.944,3.268,9.763,10,12,10
-9.769,3.512,46.994,-6.255,2,1,0
-10.842,-2.622,2.962,-7.257,10,1,0
0.310,-1.566,58.335,2.509,3,10,0
0.192,-3.002,59.912,0.497,3,10,0
2.371,5.402,9.144,8.210,11,11,10
1.030,8.927,17.690,6.697,13,11,10
-2.967,-2.529,54.803,-5.258,3,0,0
-4.645,-6.888,45.271,-4.419,2,0,0
-5.021,0.153,24.603,-25.932,0,3,0
-12.450,-5.544,5.114,-5.278,10,1,0
-1.347,-6.322,56.666,-2.258,3,0,0
-6.044,-1.540,23.565,-13.496,0,2,0
-13.166,-5.958,4.284,-4.930,10,0,0
2.115,6.439,0.932,7.940,10,11,10
-8.352,6.039,59.040,-1.801,3,0,0
-10.737,6.286,56.139,-2.652,3,0,0
-11.061,3.735,46.412,-5.230,2,0,0
5.305,10.232,4.841,4.814,10,11,10
-11.835,3.758,45.637,-4.851,2,0,0
-4.447,-6.387,46.016,-4.584,2,0,0
-0.178,2.107,34.645,12.814,1,12,0
-1.638,-4.808,57.149,-2.536,3,0,0
-9.738,5.987,56.952,-2.702,3,0,0
3.973,-0.693,49.465,4.035,2,10,0
5.049,-3.253,55.233,2.240,3,10,0
-9.833,6.271,57.403,-2.415,3,0,0
-8.536,10.494,59.299,0.950,3,10,0
-12.467,3.272,42.732,-4.920,2,0,0
1.654,6.509,1.778,8.293,10,11,10
4.596,-3.070,55.395,2.310,3,10,0
-1.828,-4.915,56.581,-2.755,3,0,0
-10.628,6.489,56.724,-2.443,3,0,0
-0.346,7.142,18.274,9.060,13,12,10
2.975,-3.856,58.435,1.495,3,10,0
0.023,7.822,19.027,8.041,13,11,10
-8.805,1.800,33.971,-10.285,1,2,0
-7.368,-5.511,29.065,-6.377,0,1,0
2.736,6.715,1.968,7.293,10,11,10
-13.146,0.141,25.720,-5.808,0,1,0
1.944,10.574,18.937,5.457,13,11,10
-8.765,10.450,59.493,0.802,3,10,0
-4.607,-6.422,45.288,-4.661,2,0,0
-13.074,-5.553,3.039,-5.076,10,0,0
-3.040,11.224,44.017,4.397,2,10,0
2.182,10.715,18.320,5.347,13,11,10
4.047,9.397,5.980,5.462,11,11,10
1.858,4.144,17.313,9.210,13,12,10
-0.390,10.338,29.744,5.735,0,11,0
-1.248,-5.740,57.287,-2.172,3,0,0
-3.402,7.441,43.782,7.496,2,11,0
-11.233,-5.891,11.056,-5.509,12,1,0
2.526,-5.679,59.889,0.363,3,10,0
-10.473,2.313,38.278,-7.130,1,1,0
-2.777,7.346,38.761,8.352,1,11,0
0.203,-5.956,59.258,-1.046,3,0,0
-2.856,5.509,34.476,13.305,1,13,0
5.148,7.568,5.795,5.577,11,11,10
3.474,-1.214,52.034,3.672,3,10,0
-3.591,-6.327,49.707,-4.030,2,0,0
1.612,3.741,20.158,9.617,0,12,0
-0.302,11.303,31.309,5.113,0,11,0
1.924,-3.137,58.645,1.617,3,10,0
-11.700,-1.005,16.089,-6.993,13,1,0
-0.698,-6.613,57.705,-1.782,3,0,0
1.623,3.850,19.194,9.603,13,12,10
2.178,-0.963,53.217,4.044,3,10,0
-7.294,-5.143,28.513,-6.712,0,1,0
-10.412,-1.906,5.778,-7.954,11,1,0
-7.235,0.395,10.919,-16.337,12,3,0
-4.698,10.282,50.854,3.831,3,10,0
3.781,-5.624,59.307,0.835,3,10,0
-10.119,2.931,42.812,-6.792,2,1,0
-8.118,-1.084,0.044,-11.663,10,2,0
5.304,10.578,6.071,4.717,11,11,10
-11.728,5.027,51.026,-3.803,3,0,0
4.487,-3.679,56.614,1.946,3,10,0
-2.541,1.103,55.812,12.861,3,12,0
-10.150,7.052,58.286,-1.789,3,0,0
2.761,8.798,8.647,6.192,11,11,10
-3.965,-2.020,48.314,-8.850,2,1,0
-6.244,0.692,6.921,-22.945,11,3,0
-2.885,5.330,34.089,14.060,1,13,0
-3.947,8.561,47.710,5.545,2,11,0
-2.476,9.836,40.244,5.574,1,11,0
2.834,-3.084,57.534,1.998,3,10,0
-8.881,3.434,48.067,-7.058,2,1,0
0.376,-2.230,59.245,1.560,3,10,0
3.926,0.204,45.720,4.781,2,11,0
-6.534,7.906,58.305,2.203,3,10,0
-11.023,11.276,59.999,-0.023,3,0,0
4.206,9.150,4.389,5.498,10,11,10
-4.177,9.188,48.872,4.841,2,11,0
-4.983,-4.676,42.245,-6.314,2,1,0
2.818,3.525,24.651,7.830,0,11,0
-9.688,-2.606,2.226,-8.192,10,1,0
-2.236,-1.818,58.674,-2.983,3,0,0
-10.022,-1.724,5.375,-8.440,11,1,0
-11.681,5.128,51.446,-3.723,3,0,0
0.035,-2.581,59.815,0.772,3,10,0
1.821,9.723,16.663,5.960,13,11,10
3.680,5.075,15.577,7.004,13,11,10
-5.012,-6.291,43.284,-4.974,2,0,0
4.958,7.693,4.640,5.636,10,11,10
-8.694,7.609,59.915,-0.437,3,0,0
-12.270,11.084,59.729,-0.463,3,0,0
-11.049,-5.418,9.998,-5.781,12,1,0
2.298,-6.054,59.988,0.118,3,10,0
-7.354,-3.225,20.949,-9.055,0,1,0
-8.781,-0.415,10.492,-11.029,12,2,0
-2.153,2.471,23.019,29.063,0,13,0
5.038,9.437,2.701,5.121,10,11,10
-5.815,4.548,59.982,0.471,3,10,0
0.895,-5.346,59.907,-0.379,3,0,0
-1.757,6.252,25.657,11.281,0,12,0
-0.418,-6.762,58.054,-1.601,3,0,0
4.332,-7.330,59.781,0.409,3,10,0
-11.559,-3.264,2.111,-6.509,10,1,0
-1.099,2.036,35.396,16.700,1,13,0
-12.993,-1.565,15.779,-5.984,13,1,0
-9.637,5.535,55.999,-3.238,3,0,0
2.864,8.418,6.489,6.348,11,11,10
-10.636,-1.055,12.633,-8.029,12,1,0
-10.926,8.662,59.221,-1.003,3,0,0
3.252,6.958,2.627,6.823,10,11,10
-0.590,2.500,28.650,15.295,0,13,0
3.638,-5.652,59.404,0.780,3,10,0
2.404,0.425,46.420,5.764,2,11,0
-1.444,5.395,16.695,13.561,13,13,10
-5.483,-4.565,38.888,-6.788,1,1,0
-0.526,2.123,34.279,14.164,1,13,0
-4.921,8.807,52.394,4.256,3,10,0
3.469,-3.340,57.202,1.972,3,10,0
-4.602,-4.026,44.185,-6.703,2,1,0
-2.550,1.304,53.221,17.220,3,13,0
-0.271,9.685,27.469,6.245,0,11,0
-4.902,10.621,51.487,3.554,3,10,0
-8.752,8.553,59.992,0.119,3,10,0
-1.834,-0.738,59.980,0.443,3,10,0
-11.567,2.898,41.405,-5.699,1,1,0
3.189,2.305,33.933,6.877,1,11,0
-9.244,0.273,19.177,-10.296,13,2,0
5.061,5.697,15.200,5.931,13,11,10
3.382,-7.278,59.976,0.145,3,10,0
-12.578,3.350,43.027,-4.815,2,0,0
-7.690,7.900,59.786,0.728,3,10,0
-1.039,0.359,54.755,7.247,3,11,0
-2.168,7.762,34.833,8.080,1,11,0
-2.928,-6.199,52.263,-3.564,3,0,0
-6.526,0.753,11.027,-20.937,12,3,0
-7.713,3.166,48.731,-8.994,2,1,0
-0.173,4.609,2.710,12.940,10,12,10
-7.139,7.742,59.386,1.309,3,10,0
-2.627,1.840,41.302,31.481,1,13,0
-9.861,10.430,59.961,0.210,3,10,0
-10.717,-1.252,11.483,-7.891,12,1,0
-1.276,6.308,21.334,11.002,0,12,0
-11.013,9.847,59.779,-0.489,3,0,0
4.760,8.553,0.074,5.485,10,11,10
-1.472,2.833,19.175,21.362,13,13,10
4.541,5.719,13.843,6.267,12,11,10
3.245,5.746,9.931,7.255,12,11,10
-13.067,-2.890,8.900,-5.760,11,1,0
-1.619,8.336,32.265,7.473,0,11,0
0.133,3.461,17.946,13.062,13,13,10
-11.184,3.101,42.857,-5.778,2,1,0
-6.913,2.986,49.491,-11.029,2,2,0
-3.439,7.345,43.977,7.595,2,11,0
2.736,-7.322,59.991,-0.093,3,0,0
-4.690,5.445,54.135,7.364,3,11,0
-6.715,7.438,59.025,1.772,3,10,0
-13.215,-4.266,2.778,-5.379,10,1,0
-3.184,-6.206,51.328,-3.768,3,0,0
-0.822,9.898,31.088,6.028,0,11,0
2.250,5.741,6.240,8.192,11,11,10
3.734,6.165,8.938,6.754,11,11,10
-0.299,-7.284,57.919,-1.567,3,0,0
-9.791,5.268,54.943,-3.626,3,0,0
1.362,10.732,22.067,5.445,0,11,0
1.235,-2.346,58.358,2.049,3,10,0
-6.685,7.564,58.876,1.871,3,10,0
-3.374,-2.860,52.203,-6.036,3,1,0
-7.141,-0.906,6.171,-13.947,11,2,0
-4.526,11.078,50.003,3.647,2,10,0
-6.405,-2.303,24.336,-11.125,0,2,0
-6.021,7.807,57.167,2.963,3,10,0
-11.904,6.733,55.546,-2.463,3,0,0
3.404,-1.231,52.191,3.664,3,10,0
4.419,9.400,4.651,5.337,10,11,10
4.864,10.624,7.672,4.812,11,11,10
-7.424,10.194,58.168,1.657,3,10,0
-9.395,4.293,51.909,-5.133,3,0,0
-2.161,-2.128,58.497,-2.953,3,0,0
2.113,-5.959,59.996,0.068,3,10,0
3.868,-5.525,59.193,0.901,3,10,0
4.028,-6.012,59.389,0.753,3,10,0
0.355,-4.583,59.895,-0.449,3,0,0
-11.033,-0.840,15.407,-7.645,13,1,0
-11.245,-6.755,14.030,-5.133,12,0,0
-11.423,-5.783,9.892,-5.502,12,1,0
4.035,10.327,9.541,5.119,11,11,10
-9.030,4.869,55.052,-4.120,3,0,0
-11.920,1.125,30.509,-6.483,0,1,0
-1.916,7.607,32.453,8.437,0,11,0
3.283,-5.767,59.639,0.617,3,10,0
-3.334,7.776,43.559,7.097,2,11,0
-8.531,-3.241,12.767,-8.462,12,1,0
4.866,5.683,14.833,6.056,13,11,10
-10.333,-3.548,4.550,-7.106,10,1,0
-2.196,7.291,33.817,8.865,1,12,0
4.474,3.083,29.624,6.107,0,11,0
-8.754,-2.640,7.765,-8.956,11,1,0
5.147,9.479,2.514,5.074,10,11,10
-2.895,1.880,40.988,39.405,1,13,0
-9.738,1.173,28.781,-9.082,0,1,0
0.065,-3.201,59.988,0.181,3,10,0
-6.831,-1.044,10.624,-14.206,12,2,0
-12.268,4.968,50.100,-3.758,2,0,0
-9.226,9.605,59.948,0.269,3,10,0
5.123,-6.472,59.043,0.857,3,10,0
1.782,-1.942,56.782,2.770,3,10,0
-3.753,5.990,45.683,9.731,2,12,0
-0.377,4.867,1.561,12.982,10,13,10
-8.813,-6.678,24.516,-5.518,0,1,0
2.296,-0.166,49.658,5.058,2,11,0
2.842,5.588,9.589,7.666,11,11,10
-7.021,-1.368,11.693,-13.009,12,2,0
-5.470,4.189,59.919,1.184,3,10,0
-2.981,7.055,39.936,8.683,1,11,0
1.486,-1.360,55.771,3.440,3,10,0
-8.222,2.249,38.763,-10.828,1,2,0
-9.421,1.913,35.224,-8.959,1,1,0
-3.085,-3.407,53.333,-5.013,3,0,0
-2.342,4.643,21.528,17.951,0,13,0
-11.222,8.080,58.453,-1.434,3,0,0
-4.572,-0.587,39.100,-17.179,1,3,0
-2.913,-5.191,52.841,-3.908,3,0,0
-4.026,-5.348,47.871,-4.922,2,0,0
-11.474,9.393,59.350,-0.838,3,0,0
-2.356,6.495,32.718,10.507,1,12,0
-10.556,-6.273,15.261,-5.497,13,1,0
-4.722,-1.555,39.873,-12.360,1,2,0
-11.777,-4.094,1.269,-6.071,10,1,0
-2.297,-5.897,54.511,-3.103,3,0,0
4.273,-7.145,59.747,0.446,3,10,0
-6.489,0.285,2.412,-19.836,10,3,0
-9.704,5.916,56.845,-2.775,3,0,0
4.452,-1.208,50.689,3.551,2,10,0
-11.857,-1.785,11.604,-6.750,12,1,0
-10.917,8.509,59.112,-1.083,3,0,0
-7.993,3.892,53.084,-6.329,3,1,0
-8.565,-6.641,25.626,-5.552,0,1,0
-3.597,6.840,44.850,8.207,2,11,0
2.412,-1.739,55.278,3.143,3,10,0
-11.981,-2.428,8.190,-6.513,11,1,0
-4.331,9.414,49.557,4.558,2,10,0
2.141,-3.922,59.233,1.121,3,10,0
-3.109,3.097,14.562,41.187,13,13,10
-6.178,3.491,56.823,-7.299,3,1,0
4.068,-5.348,58.936,1.031,3,10,0
4.209,2.691,31.845,6.173,0,11,0
0.185,-0.783,56.557,3.986,3,10,0
-12.438,-3.555,3.673,-5.928,10,1,0
-9.890,1.730,33.764,-8.412,1,1,0
-4.307,4.166,52.580,13.213,3,13,0
-3.209,9.440,43.926,5.463,2,11,0
2.056,8.253,9.434,6.807,11,11,10
-1.485,10.758,36.197,5.252,1,11,0
5.205,-7.312,59.445,0.622,3,10,0
-3.987,-4.021,48.080,-5.961,2,1,0
3.918,-2.629,55.304,2.537,3,10,0
2.208,0.027,48.849,5.348,2,11,0
-12.046,0.881,29.044,-6.463,0,1,0
-0.879,4.339,0.024,15.385,10,13,10
-3.932,-4.205,48.394,-5.716,2,1,0
5.160,5.280,17.709,5.892,13,11,10
-0.676,-4.338,59.229,-1.339,3,0,0
2.947,-3.105,57.433,2.014,3,10,0
-3.679,-6.210,49.370,-4.150,2,0,0
-1.594,5.230,16.986,14.286,13,13,10
3.276,5.810,9.627,7.210,11,11,10
2.262,-1.310,54.259,3.616,3,10,0
4.172,-3.693,56.976,1.888,3,10,0
-12.950,6.399,53.482,-2.727,3,0,0
1.667,8.536,12.681,6.779,12,11,10
-9.724,9.540,59.999,-0.037,3,0,0
-1.459,-6.050,56.609,-2.356,3,0,0
4.307,-0.832,49.564,3.853,2,10,0
-9.851,-0.044,18.155,-9.227,13,1,0
0.426,3.358,20.340,12.192,0,12,0
1.980,3.402,24.093,8.947,0,12,0
3.054,-2.946,57.033,2.163,3,10,0
-5.162,2.474,51.465,-24.579,3,3,0
-11.235,5.723,53.973,-3.221,3,0,0
-0.845,-1.743,59.903,0.697,3,10,0
-4.482,10.707,49.917,3.818,2,10,0
-0.550,4.397,2.174,14.274,10,13,10
-5.827,2.112,38.879,-24.970,1,3,0
3.936,4.914,17.247,6.797,13,11,10
1.754,5.025,9.530,9.113,11,12,10
-12.073,-4.204,0.703,-5.893,10,1,0
-12.309,-3.286,4.611,-6.075,10,1,0
-12.297,7.633,56.747,-1.943,3,0,0
4.374,-3.060,55.636,2.296,3,10,0
-11.165,0.634,26.376,-7.389,0,1,0
-4.190,7.326,49.251,6.430,2,11,0
-5.878,8.378,56.214,3.155,3,10,0
4.599,-0.233,46.911,4.211,2,10,0
4.394,0.168,45.408,4.565,2,10,0
0.847,5.809,1.353,9.731,10,12,10
-8.236,-6.607,27.168,-5.577,0,1,0
-7.932,-5.258,25.054,-6.605,0,1,0
-2.369,-7.023,53.639,-2.932,3,0,0
-0.255,3.164,20.136,14.413,0,13,0
-4.673,10.830,50.597,3.641,2,10,0
1.924,-7.142,59.859,-0.377,3,0,0
-12.349,4.231,47.171,-4.291,2,0,0
0.351,5.268,0.040,11.026,10,12,10
-11.102,6.165,55.335,-2.817,3,0,0
2.223,4.471,15.747,8.647,13,11,10
0.992,0.278,49.683,6.370,2,11,0
-9.971,7.154,58.616,-1.624,3,0,0
-11.480,-4.995,6.493,-5.824,11,1,0
1.174,-6.970,59.566,-0.695,3,0,0
-10.183,4.727,52.307,-4.349,3,0,0
-3.637,6.068,44.608,9.824,2,12,0
-7.553,7.839,59.719,0.848,3,10,0
-0.067,2.761,26.228,13.472,0,13,0
-9.957,-0.783,12.301,-8.932,12,1,0
-9.601,4.137,50.746,-5.340,2,1,0
2.012,-2.651,57.846,2.096,3,10,0
3.929,3.754,24.785,6.728,0,11,0
1.878,4.736,12.384,9.056,12,12,10
-8.230,10.018,59.252,1.041,3,10,0
3.822,0.401,44.886,4.987,2,11,0
0.834,7.591,12.761,7.932,12,11,10
-2.474,2.096,32.922,32.801,1,13,0
-5.811,2.971,54.414,-12.305,3,2,0
-7.608,-3.278,19.308,-8.885,13,1,0
-2.335,-6.532,54.006,-3.007,3,0,0
-3.841,8.313,47.078,5.890,2,11,0
-12.799,8.265,57.166,-1.687,3,0,0
4.619,-5.552,58.710,1.080,3,10,0
-11.991,-6.782,11.273,-4.963,12,0,0
-2.469,0.230,59.855,1.782,3,10,0
-0.755,-3.923,59.393,-1.260,3,0,0
-0.273,0.582,50.717,8.039,2,11,0
4.400,5.547,14.492,6.385,13,11,10
-2.413,2.602,16.647,33.959,13,13,10
-5.599,-5.294,39.179,-6.086,1,1,0
1.665,4.764,11.306,9.348,12,12,10
-9.515,-6.621,21.035,-5.490,0,1,0
-11.369,-7.073,14.561,-4.980,13,0,0
4.700,3.641,26.481,6.081,0,11,0
-5.578,-0.385,20.169,-19.760,0,3,0
1.991,1.346,40.996,7.269,1,11,0
4.053,4.854,17.894,6.703,13,11,10
-9.347,9.173,60.000,0.020,3,10,0
0.475,-3.467,59.946,0.360,3,10,0
-1.898,2.490,24.162,25.441,0,13,0
-10.151,2.184,37.420,-7.622,1,1,0
3.284,7.951,2.495,6.373,10,11,10
3.134,10.922,15.007,5.086,13,11,10
5.304,6.832,9.829,5.646,11,11,10
5.010,-4.735,57.573,1.502,3,10,0
-4.939,-4.967,42.761,-5.987,2,1,0
-5.054,-6.419,43.156,-4.913,2,0,0
-12.978,2.065,36.348,-5.317,1,1,0
-5.600,7.229,56.435,3.726,3,10,0
-9.633,-4.895,14.394,-6.542,12,1,0
-10.975,4.956,51.874,-3.980,3,0,0
-10.010,-2.129,2.495,-8.221,10,1,0
-0.569,1.761,39.250,13.195,1,13,0
-8.291,2.266,38.901,-10.624,1,2,0
-10.548,-1.382,9.956,-8.028,12,1,0
1.861,9.170,14.377,6.290,12,11,10
4.399,-0.402,47.809,4.150,2,10,0
-8.349,-6.675,26.776,-5.533,0,1,0
-1.721,-1.149,59.991,-0.263,3,0,0
-12.529,2.690,39.752,-5.252,1,0,0
-10.147,-4.377,9.575,-6.688,11,1,0
-12.436,9.657,58.917,-0.996,3,0,0
-3.142,-4.982,52.032,-4.248,3,0,0
-10.595,10.187,59.964,-0.198,3,0,0
-11.935,4.197,47.503,-4.452,2,0,0
-12.789,-0.212,23.195,-6.105,0,1,0
4.271,-0.489,48.303,4.121,2,10,0
-5.036,-6.023,42.992,-5.174,2,0,0
-12.008,3.379,43.623,-5.070,2,0,0
4.488,8.865,2.194,5.493,10,11,10
-1.187,10.948,34.993,5.196,1,11,0
-5.276,10.559,52.784,3.297,3,10,0
-3.549,-6.162,49.913,-4.073,2,0,0
-4.663,10.728,50.589,3.686,2,10,0
-5.557,11.076,53.394,2.972,3,10,0
-6.077,-4.326,34.377,-7.385,1,1,0
-8.590,-2.867,10.223,-8.838,12,1,0
-2.458,-4.368,55.123,-3.616,3,0,0
-6.648,10.797,56.339,2.247,3,10,0
-11.188,4.852,51.162,-4.053,3,0,0
-9.114,0.229,18.312,-10.557,13,2,0
-11.893,6.762,55.621,-2.441,3,0,0
2.532,6.832,0.396,7.384,10,11,10
-7.204,2.768,46.201,-11.619,2,2,0
-7.484,10.963,57.782,1.681,3,10,0
-5.362,7.953,54.821,3.994,3,10,0
-11.669,10.359,59.707,-0.522,3,0,0
3.202,5.564,10.973,7.341,12,11,10
-4.336,5.356,51.351,9.200,3,12,0
2.278,-4.857,59.713,0.630,3,10,0
-0.732,2.989,20.557,16.508,0,13,0
-1.501,-2.481,59.456,-1.571,3,0,0
3.756,2.174,34.912,6.290,1,11,0
-2.618,3.853,16.959,24.894,13,13,10
-9.497,-4.434,13.110,-6.919,12,1,0
-1.596,-3.608,58.301,-2.323,3,0,0
-10.575,3.258,44.378,-6.032,2,1,0
4.714,9.058,2.237,5.347,10,11,10
-3.912,5.993,47.199,9.275,2,12,0
-9.151,-3.046,7.879,-8.249,11,1,0
-2.706,8.946,40.596,6.253,1,11,0
4.365,8.942,2.951,5.513,10,11,10
-9.237,9.805,59.917,0.335,3,10,0
-9.454,4.177,51.227,-5.319,3,1,0
1.362,-2.113,57.779,2.393,3,10,0
-0.080,2.310,32.098,12.891,0,12,0
-1.117,6.590,21.501,10.334,0,12,0
-5.802,4.322,59.992,-0.334,3,0,0
-1.558,-4.215,57.841,-2.389,3,0,0
-6.876,-5.799,32.580,-6.061,0,1,0
0.804,3.371,21.444,11.216,0,12,0
-6.237,-6.772,37.617,-5.164,1,0,0
-2.992,2.783,1.044,47.002,10,13,10
-4.773,8.130,52.125,4.810,3,11,0
-13.095,9.898,58.654,-1.049,3,0,0
4.857,-4.555,57.491,1.558,3,10,0
2.930,4.145,20.195,7.788,0,11,0
3.673,6.620,6.080,6.665,11,11,10
-0.923,7.275,23.322,9.053,0,12,0
-8.084,1.960,35.528,-11.838,1,2,0
-4.200,-4.376,46.848,-5.876,2,1,0
-9.063,-7.048,24.310,-5.291,0,1,0
3.170,-6.479,59.898,0.315,3,10,0
-11.602,5.704,53.388,-3.238,3,0,0
2.826,5.681,8.905,7.651,11,11,10
-0.023,-0.361,55.460,4.950,3,11,0
1.305,7.106,7.350,8.087,11,11,10
-6.622,9.891,56.903,2.288,3,10,0
-4.801,5.228,55.260,7.028,3,11,0
-5.848,3.377,57.545,-7.371,3,1,0
-11.739,0.517,26.320,-6.843,0,1,0
0.914,8.336,15.865,7.216,13,11,10
-6.975,-6.323,33.083,-5.663,1,1,0
-10.193,-2.057,3.808,-8.088,10,1,0
-4.097,-2.428,47.204,-8.362,2,1,0
-6.424,-7.027,37.024,-5.051,1,0,0
-5.605,5.672,58.400,3.434,3,10,0
-4.955,-3.721,41.415,-7.485,1,1,0
4.046,-3.904,57.421,1.744,3,10,0
2.887,-3.784,58.437,1.513,3,10,0
-10.527,1.771,34.296,-7.538,1,1,0
-1.003,1.121,48.055,11.502,2,12,0
-3.848,4.308,45.524,16.894,2,13,0
-4.312,10.542,49.281,4.004,2,10,0
-10.519,-0.032,20.089,-8.280,0,1,0
-10.960,-3.655,2.325,-6.686,10,1,0
-1.756,8.853,34.412,6.816,1,11,0
-6.715,8.633,58.061,2.111,3,10,0
-6.241,5.913,59.544,1.638,3,10,0
-11.275,2.967,42.009,-5.838,2,1,0
-12.626,-4.676,0.909,-5.500,10,1,0
-7.659,-6.432,29.703,-5.672,0,1,0
2.963,8.007,4.099,6.509,10,11,10
4.074,-3.147,56.158,2.206,3,10,0
-5.007,7.777,53.469,4.642,3,11,0
-8.185,4.755,56.462,-4.051,3,0,0
-6.893,-0.302,1.711,-16.222,10,3,0
-0.721,10.214,31.233,5.792,0,11,0
1.795,-0.841,53.453,4.222,3,10,0
-12.054,10.769,59.703,-0.500,3,0,0
-6.987,6.101,59.994,0.165,3,10,0
-12.276,-7.128,11.381,-4.781,12,0,0
-1.353,8.809,31.692,6.974,0,11,0
-5.260,4.568,58.949,3.908,3,10,0
-0.206,8.535,23.436,7.309,0,11,0
-11.649,2.646,39.910,-5.837,1,1,0
-5.079,-0.987,32.913,-15.798,1,3,0
-6.418,0.419,3.861,-20.728,10,3,0
-10.132,8.800,59.756,-0.591,3,0,0
-7.949,0.125,11.934,-13.451,12,2,0
-2.414,5.482,28.765,13.762,0,13,0
-4.177,0.927,41.497,-39.866,1,3,0
-6.493,2.077,37.466,-18.787,1,3,0
-8.986,-6.970,24.461,-5.339,0,1,0
3.762,-3.824,57.603,1.730,3,10,0
-5.860,2.721,50.915,-15.914,3,3,0
-7.068,0.652,13.659,-17.433,12,3,0
-6.015,1.123,13.848,-26.564,12,3,0
1.022,2.444,31.637,10.112,0,12,0
2.910,5.256,12.104,7.694,12,11,10
-3.700,-1.129,51.214,-9.946,3,1,0
-11.903,-1.499,13.487,-6.765,12,1,0
-1.722,1.893,38.209,20.289,1,13,0
-10.889,3.325,44.418,-5.750,2,1,0
-7.883,-2.327,11.681,-10.124,12,2,0
-7.574,5.497,59.300,-1.828,3,0,0
-0.934,-5.769,57.865,-1.899,3,0,0
-9.461,3.847,49.479,-5.887,2,1,0
-11.721,6.907,56.129,-2.318,3,0,0
0.537,-3.998,60.000,0.032,3,10,0
5.093,7.780,4.633,5.552,10,11,10
-11.167,9.311,59.479,-0.771,3,0,0
-7.933,1.509,29.771,-13.142,0,2,0
-10.747,1.009,28.640,-7.732,0,1,0
1.979,3.226,25.625,8.889,0,12,0
-11.962,-1.367,14.463,-6.736,13,1,0
-3.185,0.999,59.952,1.849,3,10,0
-4.318,11.226,49.210,3.718,2,10,0
-4.106,10.999,48.421,3.937,2,10,0
-12.255,9.230,58.707,-1.129,3,0,0
-5.563,8.712,54.913,3.508,3,10,0
3.850,2.758,31.218,6.497,0,11,0
-11.428,-0.496,18.835,-7.270,13,1,0
-12.015,7.945,57.510,-1.714,3,0,0
4.961,5.358,16.868,6.017,13,11,10
-6.216,6.545,58.923,2.238,3,10,0
5.291,1.470,38.676,4.929,1,11,0
-11.553,3.720,45.759,-5.010,2,0,0
2.659,5.589,8.917,7.844,11,11,10
1.486,1.454,40.578,8.016,1,11,0
1.135,4.253,13.680,10.417,12,12,10
-10.068,8.207,59.489,-0.900,3,0,0
-6.892,5.265,59.801,-1.118,3,0,0
-5.327,9.860,53.324,3.451,3,10,0
-6.333,-4.612,33.284,-7.120,1,1,0
-6.206,-3.954,32.499,-7.944,0,1,0
2.905,0.635,44.626,5.698,2,11,0
-3.981,7.982,47.883,6.044,2,11,0
3.345,5.269,13.369,7.275,12,11,10
-2.499,4.715,24.586,17.643,0,13,0
1.975,-0.859,53.193,4.191,3,10,0
2.398,11.183,18.804,5.091,13,11,10
-6.079,7.563,57.565,2.849,3,10,0
2.051,1.426,40.373,7.302,1,11,0
1.511,-6.320,59.897,-0.352,3,0,0
-11.480,-6.668,12.818,-5.120,12,0,0
2.722,0.047,47.964,5.150,2,11,0
0.374,-1.816,58.683,2.153,3,10,0
2.664,-1.620,54.546,3.296,3,10,0
-0.468,9.610,28.384,6.301,0,11,0
-5.562,8.502,55.082,3.558,3,10,0
-0.303,-5.398,59.029,-1.300,3,0,0
-5.645,7.640,56.162,3.594,3,10,0
4.467,-2.838,55.070,2.442,3,10,0
-8.340,-7.319,28.314,-5.146,0,0,0
-0.397,3.348,16.903,14.967,13,13,10
0.383,-6.839,58.997,-1.108,3,0,0
-0.926,5.737,14.204,12.047,12,12,10
3.835,-6.570,59.717,0.501,3,10,0
-1.709,10.379,36.804,5.455,1,11,0
-1.722,-2.962,58.644,-2.323,3,0,0
-5.705,6.596,57.525,3.479,3,10,0
3.004,2.301,33.903,7.061,1,11,0
-1.787,10.720,37.672,5.191,1,11,0
-1.118,1.249,46.941,12.546,2,12,0
-11.392,6.861,56.452,-2.298,3,0,0
3.598,0.302,45.601,5.008,2,11,0
-7.297,-5.007,28.103,-6.845,0,1,0
-5.249,10.904,52.534,3.224,3,10,0
-2.198,0.942,55.347,11.088,3,12,0
-13.286,2.003,36.013,-5.168,1,0,0
-7.766,-3.301,18.281,-8.788,13,1,0
-6.966,7.475,59.353,1.411,3,10,0
-2.192,-1.475,59.198,-2.496,3,0,0
2.292,2.956,28.378,8.306,0,11,0
-1.063,-0.061,57.041,5.186,3,11,0
2.085,2.299,33.599,8.160,1,11,0
-5.759,-1.019,23.349,-15.820,0,3,0
-0.794,9.747,30.588,6.156,0,11,0
4.642,-1.798,52.269,3.121,3,10,0
-2.068,-3.373,57.349,-3.089,3,0,0
3.273,10.173,11.924,5.375,12,11,10
-1.931,8.336,34.453,7.370,1,11,0
-11.856,5.392,52.078,-3.482,3,0,0
0.911,9.540,20.570,6.264,0,11,0
2.532,4.337,17.729,8.263,13,11,10
-10.444,8.273,59.278,-1.032,3,0,0
-9.001,4.868,55.110,-4.115,3,0,0
-12.272,-1.960,11.744,-6.416,12,1,0
-3.845,7.855,47.031,6.361,2,11,0
-12.976,-4.678,0.232,-5.363,10,1,0
1.212,-5.214,59.990,-0.121,3,0,0
-10.420,7.311,58.335,-1.685,3,0,0
-9.270,3.202,45.773,-7.177,2,1,0
-7.113,-5.846,31.341,-6.062,0,1,0
3.008,-1.602,53.960,3.330,3,10,0
-5.420,7.106,55.892,4.117,3,10,0
2.085,-4.860,59.798,0.537,3,10,0
-7.697,7.747,59.845,0.630,3,10,0
-1.261,-3.532,58.990,-1.776,3,0,0
3.123,2.743,30.825,7.188,0,11,0
-1.225,3.413,10.309,18.981,12,13,10
-10.516,-5.504,12.639,-5.901,12,1,0
-5.148,-2.330,37.167,-10.514,1,2,0
3.589,8.195,2.467,6.120,10,11,10
4.853,-2.838,54.609,2.464,3,10,0
-6.203,6.138,59.287,1.968,3,10,0
-6.796,3.888,56.697,-5.819,3,1,0
3.796,9.792,8.470,5.389,11,11,10
-8.451,-6.059,24.614,-5.944,0,1,0
-0.528,5.826,11.355,11.404,12,12,10
-9.679,0.507,22.610,-9.464,0,1,0
-4.905,4.665,57.030,6.625,3,11,0
3.162,9.103,8.237,5.892,11,11,10
-11.245,6.379,55.639,-2.653,3,0,0
-3.787,6.267,46.146,8.975,2,12,0
-11.401,-2.830,3.915,-6.775,10,1,0
-7.376,-1.857,12.410,-11.452,12,2,0
-0.946,4.107,2.372,16.156,10,13,10
-5.030,-3.332,40.303,-8.185,1,1,0
4.513,-0.614,48.503,3.966,2,10,0
2.671,-4.456,59.250,1.018,3,10,0
-2.612,-3.119,55.747,-4.183,3,0,0
1.173,5.580,2.289,9.530,10,12,10
-13.018,10.920,59.350,-0.694,3,0,0
-2.880,10.295,42.752,5.030,2,11,0
3.516,6.616,5.557,6.774,11,11,10
1.099,7.497,10.704,7.874,12,11,10
-10.458,-1.193,10.995,-8.187,12,1,0
0.460,3.923,14.050,12.010,12,12,10
-12.923,10.767,59.320,-0.720,3,0,0
5.347,-5.040,57.635,1.425,3,10,0
-4.744,-4.799,43.799,-5.996,2,1,0
-5.609,6.130,57.794,3.637,3,10,0
-10.250,9.944,59.984,-0.137,3,0,0
-10.920,6.826,56.986,-2.226,3,0,0
2.458,2.081,35.396,7.502,1,11,0
2.065,9.416,14.365,6.081,12,11,10
-7.118,5.744,59.922,-0.628,3,0,0
-2.458,-2.824,56.682,-3.885,3,0,0
-9.677,10.674,59.877,0.370,3,10,0
-12.050,0.539,26.850,-6.558,0,1,0
1.624,8.230,11.506,7.017,12,11,10
-2.985,9.373,42.644,5.671,2,11,0
-3.491,-1.762,52.396,-7.700,3,1,0
3.731,2.705,31.493,6.579,0,11,0
-7.946,4.020,53.916,-5.939,3,1,0
-11.259,-0.137,20.982,-7.429,0,1,0
-10.128,2.199,37.536,-7.635,1,1,0
-6.438,-1.381,17.881,-13.740,13,2,0
-12.859,-3.494,5.295,-5.733,11,1,0
-8.257,2.107,37.195,-11.056,1,2,0
0.271,10.305,26.222,5.779,0,11,0
-3.643,-0.762,52.224,-10.608,3,2,0
-7.146,-7.275,33.890,-5.055,1,0,0
-0.859,1.732,39.951,14.200,1,13,0
-12.358,2.816,40.494,-5.272,1,1,0
5.170,-4.939,57.672,1.439,3,10,0
-3.822,4.481,45.293,15.823,2,13,0
-10.199,-6.972,19.028,-5.218,13,0,0
-9.032,-1.207,4.563,-10.026,10,1,0
-11.700,-0.864,17.007,-7.004,13,1,0
-8.066,-7.026,28.978,-5.307,0,1,0
-11.043,1.233,30.588,-7.286,0,1,0
3.276,-1.607,53.572,3.327,3,10,0
4.303,8.083,0.675,5.829,10,11,10
1.288,6.579,4.205,8.557,10,11,10
3.178,-7.288,59.994,0.074,3,10,0
-6.148,8.598,56.787,2.792,3,10,0
5.087,7.246,7.178,5.677,11,11,10
-4.925,-3.156,40.886,-8.382,1,1,0
-9.188,-6.902,23.342,-5.365,0,1,0
-3.878,-4.930,48.626,-5.072,2,0,0
0.905,9.613,20.854,6.212,0,11,0
5.225,4.752,20.777,5.847,0,11,0
-10.715,7.019,57.572,-2.015,3,0,0
1.870,-1.996,56.770,2.735,3,10,0
-7.189,6.097,59.990,-0.207,3,0,0
0.900,-3.895,59.925,0.391,3,10,0
-11.345,5.578,53.386,-3.352,3,0,0
-7.833,7.795,59.895,0.510,3,10,0
-12.545,-2.190,11.189,-6.194,12,1,0
0.177,-6.505,58.954,-1.177,3,0,0
-10.308,0.669,25.316,-8.438,0,1,0
-10.337,1.532,32.369,-7.951,0,1,0
-3.102,-6.587,51.485,-3.569,3,0,0
-9.478,-0.251,15.056,-9.807,13,1,0
-10.656,-5.657,12.610,-5.782,12,1,0
-2.731,4.819,28.993,16.994,0,13,0
-11.798,6.222,54.511,-2.828,3,0,0
-11.836,-5.757,8.181,-5.391,11,1,0
-1.287,11.241,35.913,4.990,1,11,0
-0.638,-5.281,58.670,-1.567,3,0,0
-4.804,-2.651,41.170,-9.248,1,1,0
-8.128,5.641,58.750,-2.213,3,0,0
-4.198,5.591,49.908,9.260,2,12,0
-3.161,-3.520,52.863,-5.083,3,0,0
-0.992,8.891,29.588,6.942,0,11,0
-11.414,7.080,56.828,-2.142,3,0,0
1.531,5.440,5.215,9.177,10,12,10
-1.388,2.261,31.046,19.557,0,13,0
-1.916,-0.895,59.988,-0.332,3,0,0
5.029,6.756,9.482,5.806,11,11,10
-3.765,7.275,46.348,7.217,2,11,0
-12.304,11.097,59.722,-0.469,3,0,0
-10.682,4.978,52.422,-3.990,3,0,0
-10.748,-1.213,11.865,-7.869,12,1,0
-2.880,-4.497,53.419,-4.144,3,0,0
-2.829,-1.562,56.840,-5.125,3,0,0
4.808,-5.938,58.876,0.975,3,10,0
3.062,-0.520,50.039,4.415,2,10,0
-12.583,8.420,57.578,-1.574,3,0,0
-11.444,-6.923,13.799,-5.025,12,0,0
-2.454,6.380,33.279,10.749,1,12,0
2.339,-1.785,55.517,3.082,3,10,0
-5.302,4.147,59.710,2.345,3,10,0
-6.525,10.220,56.455,2.363,3,10,0
-2.582,-1.551,57.927,-4.089,3,0,0
-0.809,6.135,16.010,11.071,13,12,10
4.929,-0.182,46.367,4.143,2,10,0
2.657,3.706,22.954,8.067,0,11,0
-3.931,3.622,46.436,23.401,2,13,0
4.052,6.808,6.301,6.363,11,11,10
3.911,5.044,16.362,6.810,13,11,10
3.768,-5.356,59.143,0.944,3,10,0
-11.796,1.385,32.116,-6.481,0,1,0
-8.820,-1.045,4.794,-10.491,10,2,0
-5.855,-3.500,33.980,-8.520,1,1,0
2.647,2.584,31.662,7.638,0,11,0
-5.906,1.886,33.065,-26.216,1,3,0
-13.221,-3.419,6.715,-5.575,11,1,0
4.271,-3.033,55.705,2.302,3,10,0
-12.769,5.120,50.006,-3.562,2,0,0
2.049,0.622,45.762,6.255,2,11,0
-0.281,6.413,13.500,10.130,12,12,10
-8.195,5.891,59.036,-1.872,3,0,0
-12.434,8.075,57.266,-1.723,3,0,0
-0.939,-3.707,59.315,-1.396,3,0,0
-7.135,-6.789,33.116,-5.362,1,1,0
-13.105,0.635,28.485,-5.736,0,1,0
3.341,0.501,44.878,5.315,2,11,0
-4.085,4.710,49.100,12.720,2,12,0
-2.427,-5.521,54.353,-3.307,3,0,0
-2.304,-1.907,58.366,-3.266,3,0,0
-12.717,-6.809,8.795,-4.789,11,0,0
-6.291,8.274,57.437,2.597,3,10,0
-12.851,10.951,59.444,-0.647,3,0,0
-7.482,-3.086,19.272,-9.218,13,1,0
-3.653,-5.921,49.529,-4.271,2,0,0
-10.788,6.263,56.015,-2.683,3,0,0
-2.186,0.121,59.537,2.848,3,10,0
-2.318,-1.542,58.801,-3.044,3,0,0
-2.053,3.445,0.308,24.750,10,13,10
-1.005,-6.377,57.317,-1.994,3,0,0
-0.244,2.201,33.389,13.254,1,13,0
3.980,8.415,2.017,5.857,10,11,10
-4.166,4.511,50.266,13.018,2,13,0
-4.611,3.990,56.457,9.757,3,12,0
-7.675,2.034,36.442,-12.970,1,2,0
-12.789,3.089,41.628,-4.879,1,0,0
-4.517,-2.935,43.988,-8.223,2,1,0
2.144,8.014,7.846,6.919,11,11,10
-4.289,10.927,49.139,3.855,2,10,0
-4.697,1.746,17.383,-77.403,13,3,0
-0.282,4.990,2.030,12.567,10,12,10
-7.571,10.228,58.365,1.551,3,10,0
3.568,-6.158,59.673,0.562,3,10,0
-10.476,5.552,54.645,-3.355,3,0,0
-4.106,-4.771,47.429,-5.427,2,1,0
-6.041,0.147,5.603,-21.668,11,3,0
-2.539,7.163,36.383,8.891,1,12,0
-6.645,5.128,59.898,-0.856,3,0,0
-0.931,2.667,24.984,17.370,0,13,0
-2.247,-4.353,55.846,-3.329,3,0,0
-4.455,0.729,33.061,-37.104,1,3,0
-2.779,2.554,12.963,43.687,12,13,10
-13.296,2.245,37.251,-5.058,1,0,0
-4.264,-2.579,45.850,-8.438,2,1,0
-5.262,-5.647,41.498,-5.591,1,1,0
2.971,9.057,8.850,5.983,11,11,10
3.850,7.363,2.648,6.305,10,11,10
2.891,4.465,17.731,7.832,13,11,10
0.501,1.277,43.153,9.145,2,12,0
-1.406,-6.156,56.653,-2.309,3,0,0
-2.670,-1.043,58.400,-4.144,3,0,0
-11.919,0.915,29.154,-6.561,0,1,0
1.444,8.358,13.048,6.997,12,11,10
-11.069,-6.086,12.444,-5.465,12,1,0
-6.096,-0.110,8.671,-19.962,11,3,0
2.607,3.635,23.417,8.117,0,11,0
1.414,-4.336,59.879,0.457,3,10,0
-12.374,10.461,59.440,-0.687,3,0,0
-12.951,5.619,51.369,-3.211,3,0,0
-5.657,0.562,4.272,-27.271,10,3,0
4.547,5.265,16.501,6.305,13,11,10
1.801,-1.650,56.032,3.131,3,10,0
-13.067,-1.402,16.844,-5.947,13,1,0
1.887,-2.692,58.068,2.006,3,10,0
-9.298,-0.783,9.547,-9.898,11,1,0
-5.497,7.596,55.674,3.862,3,10,0
-10.506,1.070,28.847,-8.005,0,1,0
-1.312,-2.656,59.568,-1.336,3,0,0
-5.563,-4.850,38.792,-6.514,1,1,0
-8.682,3.280,47.386,-7.582,2,1,0
-6.355,0.874,11.770,-22.543,12,3,0
3.247,-5.568,59.567,0.687,3,10,0
-1.634,2.390,27.720,22.187,0,13,0
-10.364,-0.173,18.561,-8.485,13,1,0
-10.308,-2.834,0.625,-7.549,10,1,0
-2.307,7.081,34.157,9.211,1,12,0
0.110,0.159,52.475,6.459,3,11,0
1.632,5.668,3.972,8.908,10,12,10
-10.372,2.513,39.736,-7.033,1,1,0
-4.446,3.506,56.241,13.309,3,13,0
-9.098,-1.030,6.418,-10.059,11,2,0
-7.245,10.889,57.434,1.834,3,10,0
-13.307,4.577,47.502,-3.796,2,0,0
-2.290,-1.298,59.184,-2.655,3,0,0
-4.196,9.225,48.957,4.799,2,11,0
-7.934,1.627,31.308,-12.951,0,2,0
-10.811,6.423,56.334,-2.543,3,0,0
-11.890,-4.416,2.353,-5.895,10,1,0
-6.669,1.794,32.204,-18.915,0,3,0
-2.025,-7.274,54.447,-2.659,3,0,0
2.186,6.081,3.616,8.082,10,11,10
-6.598,1.542,27.112,-20.290,0,3,0
-7.626,10.963,57.997,1.590,3,10,0
-5.303,-6.319,41.852,-5.106,2,0,0
0.780,-1.608,57.652,2.775,3,10,0
-5.894,9.930,55.050,2.927,3,10,0
-12.293,1.575,33.494,-5.995,1,1,0
3.113,2.824,30.236,7.238,0,11,0
-6.729,4.027,57.521,-5.022,3,0,0
1.880,-2.832,58.289,1.869,3,10,0
5.177,7.714,5.188,5.530,10,11,10
-12.683,0.867,29.485,-5.967,0,1,0
-4.246,-1.440,45.316,-11.401,2,2,0
5.095,4.993,19.190,5.937,13,11,10
3.113,-5.026,59.343,0.885,3,10,0
-3.227,1.605,53.897,30.387,3,13,0
0.227,0.065,52.713,6.164,3,11,0
3.394,8.945,6.626,5.879,11,11,10
-10.781,-0.968,13.731,-7.891,12,1,0
-8.321,-0.604,6.064,-11.832,11,2,0
0.950,-3.894,59.909,0.429,3,10,0
-12.245,2.876,40.869,-5.298,1,1,0
1.343,-5.444,59.987,-0.137,3,0,0
2.264,-4.342,59.449,0.910,3,10,0
-12.142,3.268,42.959,-5.083,2,0,0
0.575,-7.321,58.952,-1.075,3,0,0
-7.458,-4.874,26.700,-6.982,0,1,0
-3.202,7.151,41.922,8.235,2,11,0
-2.682,-2.472,56.218,-4.497,3,0,0
-8.736,4.894,55.746,-3.998,3,0,0
2.261,3.099,27.161,8.417,0,11,0
-1.221,0.972,50.419,10.977,2,12,0
-1.551,10.742,36.508,5.245,1,11,0
1.730,-7.197,59.777,-0.477,3,0,0
-3.371,2.210,18.986,85.819,13,13,10
-11.749,8.062,57.930,-1.588,3,0,0
-5.316,5.731,57.243,4.544,3,10,0
-8.492,10.374,59.316,0.950,3,10,0
-7.083,5.228,59.577,-1.594,3,0,0
-6.655,-5.232,32.655,-6.534,1,1,0
-12.877,9.103,58.099,-1.318,3,0,0
-2.509,3.706,12.448,25.905,12,13,10
-10.724,-1.532,9.548,-7.798,11,1,0
0.250,-0.137,53.724,5.616,3,11,0
-4.294,-3.311,45.935,-7.256,2,1,0
-12.103,2.319,37.862,-5.739,1,1,0
1.627,-6.650,59.866,-0.388,3,0,0
-10.667,9.296,59.719,-0.587,3,0,0
1.171,7.298,9.203,8.009,11,11,10
3.382,7.777,1.232,6.399,10,11,10
-7.585,3.526,51.927,-7.715,3,1,0
4.928,-1.791,51.896,3.104,3,10,0
-2.558,7.001,36.143,9.202,1,12,0
-1.757,3.509,3.076,22.161,10,13,10
-5.660,3.904,59.838,-1.746,3,0,0
-9.310,-3.044,6.957,-8.137,11,1,0
-11.429,4.912,51.034,-3.954,3,0,0
-6.376,9.305,56.781,2.524,3,10,0
-11.255,-6.904,14.472,-5.070,13,0,0
-8.640,-0.797,6.055,-11.018,11,2,0
-0.722,-2.400,60.000,-0.034,3,0,0
3.579,6.116,8.728,6.883,11,11,10
5.068,10.725,7.337,4.732,11,11,10
1.790,9.215,14.904,6.282,13,11,10
-7.055,0.192,6.540,-16.802,11,3,0
1.873,1.453,40.294,7.538,1,11,0
-5.943,-5.715,37.753,-5.862,1,1,0
-7.494,-2.854,17.926,-9.574,13,1,0
-6.062,5.787,59.371,2.010,3,10,0
1.150,1.324,41.944,8.260,2,11,0
-9.992,-4.910,12.682,-6.412,12,1,0
-10.177,-5.285,13.327,-6.125,12,1,0
2.703,-1.858,55.145,3.057,3,10,0
-3.919,-5.221,48.398,-4.911,2,0,0
2.915,-6.871,59.990,0.099,3,10,0
-10.866,-1.147,12.726,-7.764,12,1,0
1.820,-1.484,55.543,3.345,3,10,0
-8.001,-5.695,25.979,-6.236,0,1,0
-6.576,5.609,59.983,0.319,3,10,0
2.036,7.342,4.853,7.420,10,11,10
0.757,-6.765,59.359,-0.877,3,0,0
-0.151,0.564,50.505,7.886,2,11,0
-8.820,9.652,59.802,0.539,3,10,0
-1.201,8.119,28.673,7.833,0,11,0
-12.103,-4.495,1.931,-5.775,10,1,0
3.742,9.962,9.316,5.337,11,11,10
-6.508,4.019,58.141,-4.603,3,0,0
-12.242,3.495,43.990,-4.871,2,0,0
-10.993,1.751,34.272,-7.038,1,1,0
-12.675,6.913,54.979,-2.410,3,0,0
-6.119,10.046,55.585,2.715,3,10,0
-11.856,9.928,59.435,-0.736,3,0,0
-12.746,9.590,58.649,-1.093,3,0,0
-1.206,3.755,4.962,18.123,10,13,10
-9.573,9.850,59.980,0.163,3,10,0
-12.375,8.371,57.714,-1.559,3,0,0
5.138,-0.655,47.963,3.788,2,10,0
-0.838,8.737,28.155,7.119,0,11,0
-3.034,-7.019,51.560,-3.383,3,0,0
-8.725,4.088,52.327,-5.683,3,1,0
-10.400,-6.001,14.996,-5.670,13,1,0
5.160,-7.346,59.480,0.603,3,10,0
-12.857,-5.703,4.335,-5.098,10,0,0
-0.185,-7.209,58.124,-1.494,3,0,0
-1.315,8.967,31.842,6.811,0,11,0
3.537,-5.388,59.309,0.860,3,10,0
-8.780,-4.123,15.680,-7.456,13,1,0
-2.430,8.371,37.996,7.077,1,11,0
-10.319,0.734,25.868,-8.401,0,1,0
-6.263,3.459,56.263,-7.741,3,1,0
-1.429,3.374,9.126,20.340,11,13,10
-3.646,3.858,40.422,23.440,1,13,0
-11.286,-4.960,7.126,-5.913,11,1,0
-2.957,-3.679,53.713,-4.631,3,0,0
-2.851,6.674,38.022,9.643,1,12,0
1.761,-4.966,59.932,0.315,3,10,0
-11.835,-6.545,11.048,-5.087,12,0,0
-4.407,-4.703,45.730,-5.784,2,1,0
2.109,-2.995,58.253,1.821,3,10,0
-4.986,-2.115,38.286,-10.917,1,2,0
-9.671,10.256,59.948,0.249,3,10,0
-11.998,6.342,54.539,-2.748,3,0,0
-8.587,-5.440,21.966,-6.388,0,1,0
-10.183,-0.229,17.589,-8.728,13,1,0
-1.165,5.498,14.626,12.924,13,12,10
-11.144,0.500,25.368,-7.448,0,1,0
-11.173,-3.846,2.417,-6.479,10,1,0
-9.029,10.158,59.751,0.570,3,10,0
-8.129,-3.768,18.076,-8.065,13,1,0
5.033,5.614,15.590,5.955,13,11,10
-5.272,10.532,52.784,3.307,3,10,0
2.747,10.040,13.626,5.567,12,11,10
-1.385,-2.598,59.521,-1.430,3,0,0
1.966,8.040,8.848,6.990,11,11,10
-1.148,10.922,34.761,5.221,1,11,0
-5.765,-0.062,13.059,-21.576,12,3,0
3.149,-0.852,51.225,4.059,3,10,0
4.783,9.544,3.967,5.171,10,11,10
-0.819,9.576,30.317,6.302,0,11,0
-10.583,5.489,54.286,-3.430,3,0,0
0.801,-2.398,58.969,1.701,3,10,0
-10.424,-7.251,18.892,-5.056,13,0,0
-6.512,3.736,56.906,-6.228,3,1,0
-1.564,-3.592,58.383,-2.268,3,0,0
0.273,-2.041,59.137,1.724,3,10,0
3.011,4.422,18.356,7.701,13,11,10
4.592,0.316,44.559,4.589,2,10,0
-9.496,5.169,55.164,-3.720,3,0,0
0.537,4.838,5.063,11.172,10,12,10
-8.650,-4.175,16.687,-7.456,13,1,0
0.133,-5.813,59.262,-1.061,3,0,0
-6.699,0.436,7.081,-19.097,11,3,0
5.348,-1.481,50.487,3.250,2,10,0
1.610,3.383,23.466,9.558,0,12,0
-3.435,2.699,14.691,64.713,13,13,10
-0.293,9.083,25.834,6.774,0,11,0
-2.260,0.788,56.979,8.865,3,12,0
-11.849,-5.496,7.114,-5.489,11,1,0
-7.778,8.176,59.732,0.782,3,10,0
1.151,-6.912,59.573,-0.694,3,0,0
-0.661,-3.246,59.824,-0.739,3,0,0
0.397,-4.493,59.930,-0.369,3,0,0
-4.096,3.266,50.582,25.410,2,13,0
2.300,4.498,15.769,8.542,13,11,10
-6.095,10.513,55.212,2.679,3,10,0
-3.327,-0.992,54.732,-8.016,3,1,0
-8.994,4.500,53.676,-4.801,3,0,0
-7.963,9.638,59.186,1.145,3,10,0
-0.378,5.750,9.513,11.364,11,12,10
-8.297,-4.541,20.350,-7.212,0,1,0
-11.770,10.011,59.520,-0.679,3,0,0
-2.330,4.771,22.521,17.189,0,13,0
-0.482,-0.612,57.516,3.899,3,10,0
-4.768,-2.470,41.208,-9.614,1,1,0
-10.910,6.071,55.382,-2.878,3,0,0
4.907,-2.469,53.704,2.685,3,10,0
-9.583,2.352,38.949,-8.159,1,1,0
-8.759,-4.882,19.005,-6.801,13,1,0
-9.055,8.984,59.991,0.118,3,10,0
5.210,-1.244,49.903,3.411,2,10,0
-6.532,7.798,58.395,2.178,3,10,0
-12.477,0.490,27.023,-6.221,0,1,0
-0.133,5.969,9.256,10.697,11,12,10
-1.007,-5.944,57.610,-1.975,3,0,0
-6.470,5.350,59.998,0.116,3,10,0
4.924,2.076,35.590,5.413,1,11,0
-2.930,8.764,41.786,6.287,2,11,0
-10.111,5.018,53.535,-3.975,3,0,0
-8.892,0.586,21.256,-11.019,0,2,0
-2.049,-3.076,57.719,-3.013,3,0,0
-1.852,-2.005,59.316,-1.988,3,0,0
-8.662,6.398,59.125,-1.593,3,0,0
3.508,1.861,36.879,6.303,1,11,0
-10.432,1.084,28.874,-8.095,0,1,0
1.486,-4.145,59.782,0.621,3,10,0
-9.836,9.075,59.936,-0.302,3,0,0
0.453,5.343,0.021,10.775,10,12,10
4.347,6.635,8.170,6.225,11,11,10
-9.963,11.081,59.883,0.344,3,10,0
4.558,-4.753,57.996,1.411,3,10,0
-1.111,-2.939,59.609,-1.195,3,0,0
-8.080,6.301,59.600,-1.167,3,0,0
-13.080,3.057,41.306,-4.760,1,0,0
4.713,4.789,19.653,6.197,13,11,10
-8.125,11.315,58.466,1.323,3,10,0
-7.889,-2.345,11.752,-10.090,12,2,0
-7.133,0.655,14.142,-17.103,12,3,0
-9.253,-6.376,21.540,-5.664,0,1,0
-0.068,-5.556,59.199,-1.148,3,0,0
-3.731,-4.075,49.546,-5.565,2,1,0
2.975,2.176,34.779,7.007,1,11,0
-2.894,5.515,34.977,13.229,1,13,0
1.398,10.544,21.348,5.548,0,11,0
-9.488,-0.107,16.408,-9.817,13,1,0
-6.217,-0.376,10.544,-18.176,12,3,0
-0.392,4.143,6.447,14.215,11,13,10
2.154,7.246,3.743,7.406,10,11,10
3.646,9.115,6.348,5.713,11,11,10
2.907,-5.102,59.509,0.773,3,10,0
-8.505,-0.719,6.020,-11.346,11,2,0
-12.234,8.309,57.771,-1.562,3,0,0
-10.827,4.624,50.826,-4.360,3,0,0
-8.080,-5.729,25.640,-6.207,0,1,0
2.257,4.672,14.255,8.567,12,11,10
-9.870,9.977,59.998,0.055,3,10,0
-2.755,3.322,10.262,32.562,12,13,10
-12.986,-6.902,8.209,-4.699,11,0,0
-11.676,-0.067,22.278,-7.008,0,1,0
-3.006,2.532,9.101,52.600,11,13,10
2.018,-4.239,59.540,0.855,3,10,0
-3.660,8.540,46.068,5.870,2,11,0
-12.345,2.269,37.531,-5.607,1,1,0
-8.393,10.741,59.055,1.084,3,10,0
-11.648,-0.668,18.183,-7.059,13,1,0
-10.611,0.211,22.212,-8.138,0,1,0
1.097,-6.304,59.740,-0.572,3,0,0
-5.615,8.534,55.237,3.481,3,10,0
-9.483,8.856,59.971,-0.212,3,0,0
-12.402,-4.426,0.566,-5.672,10,1,0
0.916,-3.417,59.738,0.765,3,10,0
-11.396,2.812,41.020,-5.885,1,1,0
-5.859,-2.226,29.436,-11.325,0,2,0
-12.914,-7.099,9.093,-4.656,11,0,0
-6.980,-0.370,1.693,-15.751,10,3,0
-12.527,-0.909,18.574,-6.333,13,1,0
3.990,2.211,34.718,6.122,1,11,0
-6.985,6.942,59.699,1.040,3,10,0
0.214,6.857,12.663,9.120,12,12,10
-2.043,-6.789,54.678,-2.744,3,0,0
-11.944,8.661,58.427,-1.317,3,0,0
2.847,0.184,47.101,5.247,2,11,0
3.756,4.690,18.280,6.962,13,11,10
1.056,1.215,42.939,8.190,2,11,0
-6.165,-0.022,6.454,-20.137,11,3,0
-7.269,-2.068,14.865,-11.140,13,2,0
4.577,-3.467,56.157,2.077,3,10,0
-5.652,1.494,20.373,-32.666,0,3,0
-4.775,-4.008,43.003,-6.907,2,1,0
-6.542,1.134,18.607,-21.240,13,3,0
-6.357,-5.567,35.122,-6.138,1,1,0
-11.998,8.697,58.417,-1.312,3,0,0
-9.632,-0.813,10.758,-9.377,12,1,0
4.787,0.247,44.696,4.468,2,10,0
-7.655,-3.353,19.339,-8.762,13,1,0
-4.108,4.597,49.457,13.069,2,13,0
-2.596,1.213,54.872,15.076,3,13,0
-11.677,2.356,38.184,-6.023,1,1,0
-9.460,6.333,58.037,-2.184,3,0,0
3.848,8.977,4.988,5.694,10,11,10
-11.847,-0.660,18.682,-6.881,13,1,0
-8.621,-6.815,25.796,-5.443,0,1,0
5.325,-2.864,54.117,2.464,3,10,0
-10.904,4.857,51.618,-4.094,3,0,0
-10.005,-2.966,2.848,-7.691,10,1,0
-12.025,4.124,47.084,-4.480,2,0,0
-0.183,5.184,3.098,12.055,10,12,10
-7.985,4.636,56.508,-4.222,3,0,0
3.385,-2.688,56.118,2.427,3,10,0
-9.268,7.944,59.800,-0.616,3,0,0
-7.167,9.607,58.149,1.795,3,10,0
1.371,-5.165,60.000,-0.001,3,0,0
-12.586,7.504,56.211,-2.057,3,0,0
-4.940,-5.886,43.403,-5.216,2,0,0
3.145,-6.973,59.975,0.152,3,10,0
-0.016,2.442,30.489,12.893,0,12,0
-3.780,8.282,46.710,5.991,2,11,0
-1.023,4.264,0.399,16.044,10,13,10
2.873,9.835,12.347,5.634,12,11,10
-1.468,9.622,34.206,6.137,1,11,0
-4.350,-5.477,46.262,-5.104,2,0,0
-13.033,-6.657,7.222,-4.761,11,0,0
4.611,-4.721,57.913,1.436,3,10,0
-12.359,10.810,59.599,-0.570,3,0,0
-5.780,10.522,54.346,2.921,3,10,0
-1.627,-1.738,59.818,-1.055,3,0,0
-4.097,-0.447,46.532,-15.465,2,3,0
4.334,-0.079,46.548,4.408,2,10,0
-3.049,-6.338,51.770,-3.614,3,0,0
-13.180,1.574,33.734,-5.399,1,1,0
-8.395,-0.114,11.638,-12.068,12,2,0
-6.324,5.938,59.636,1.444,3,10,0
-10.419,10.609,60.000,0.016,3,10,0
-11.988,-3.010,4.997,-6.341,10,1,0
-10.711,0.895,27.726,-7.824,0,1,0
-11.515,-4.881,5.861,-5.860,11,1,0
-5.979,-7.260,39.415,-4.777,1,0,0
3.485,-5.043,59.111,1.001,3,10,0
-7.689,9.655,58.870,1.364,3,10,0
-5.925,1.240,15.849,-27.960,13,3,0
1.210,2.329,32.904,9.611,1,12,0
-8.604,6.613,59.405,-1.293,3,0,0
-10.315,8.840,59.688,-0.657,3,0,0
-6.446,1.079,16.774,-22.045,13,3,0
0.430,-3.376,59.937,0.394,3,10,0
1.231,-3.991,59.835,0.559,3,10,0
-7.135,-0.331,0.244,-15.357,10,3,0
-12.347,-0.668,19.677,-6.469,13,1,0
-11.311,-7.247,15.326,-4.921,13,0,0
-4.436,9.399,50.034,4.468,2,10,0
-3.997,7.923,47.982,6.082,2,11,0
-5.829,2.769,51.794,-15.267,3,3,0
-11.304,3.812,46.498,-5.039,2,0,0
-12.454,7.119,55.658,-2.268,3,0,0
0.024,5.989,8.228,10.490,11,12,10
-13.299,0.234,26.410,-5.692,0,1,0
-7.794,8.288,59.697,0.820,3,10,0
0.523,-2.702,59.551,1.123,3,10,0
-1.221,-3.736,58.893,-1.800,3,0,0
-8.416,-4.255,18.448,-7.457,13,1,0
-12.787,5.123,49.995,-3.557,2,0,0
-1.392,2.956,17.286,20.684,13,13,10
-0.659,1.809,38.678,13.706,1,13,0
2.093,8.040,8.224,6.927,11,11,10
-8.147,-5.782,25.429,-6.163,0,1,0
-2.422,-6.686,53.663,-3.040,3,0,0
-7.845,7.935,59.859,0.582,3,10,0
-12.634,-4.342,0.598,-5.600,10,1,0
-3.906,7.318,47.356,6.927,2,11,0
-2.935,5.035,33.367,15.503,1,13,0
-5.380,2.850,55.823,-13.572,3,2,0
-5.532,8.908,54.655,3.499,3,10,0
-7.553,-5.240,27.230,-6.629,0,1,0
-1.167,5.662,15.934,12.493,13,12,10
-12.053,6.294,54.352,-2.785,3,0,0
2.633,-5.424,59.780,0.516,3,10,0
-4.262,-4.886,46.595,-5.485,2,1,0
-7.998,0.449,16.198,-13.471,13,2,0
5.340,1.869,36.667,5.085,1,11,0
-11.971,6.385,54.677,-2.716,3,0,0
-3.041,-5.937,51.970,-3.751,3,0,0
1.634,1.744,38.142,8.212,1,11,0
-6.415,2.723,48.249,-14.149,2,2,0
-6.344,7.949,57.856,2.486,3,10,0
-3.287,6.019,40.977,10.738,1,12,0
-1.108,11.088,34.822,5.123,1,11,0
-12.748,-4.551,0.043,-5.490,10,1,0
-1.549,-5.555,56.767,-2.446,3,0,0
3.702,-2.739,55.815,2.434,3,10,0
-7.447,10.137,58.240,1.633,3,10,0
-0.333,-6.947,58.067,-1.562,3,0,0
-3.471,-1.096,53.376,-8.725,3,1,0
-8.845,-6.816,24.729,-5.435,0,1,0
-3.338,-3.195,52.163,-5.661,3,1,0
1.700,9.258,15.517,6.281,13,11,10
-2.407,-4.062,55.573,-3.609,3,0,0
-5.706,-3.068,34.009,-9.244,1,1,0
-2.595,-0.588,59.361,-2.966,3,0,0
-8.063,3.584,50.979,-7.256,3,1,0
-9.110,-1.220,4.871,-9.901,10,1,0
-2.637,-1.081,58.460,-4.009,3,0,0
-7.234,-6.125,31.283,-5.855,0,1,0
-12.208,8.191,57.646,-1.619,3,0,0
-12.576,-0.742,19.672,-6.296,13,1,0
-6.135,6.814,58.472,2.555,3,10,0
-5.880,0.559,0.629,-25.332,10,3,0
-5.050,-7.223,43.619,-4.438,2,0,0
-0.630,-3.335,59.807,-0.761,3,0,0
4.838,6.221,11.799,6.007,12,11,10
1.548,-2.224,57.719,2.350,3,10,0
-5.004,3.224,59.943,-1.645,3,0,0
3.037,-3.060,57.250,2.072,3,10,0
-12.514,1.689,34.223,-5.784,1,1,0
-5.791,1.228,14.062,-29.905,12,3,0
2.831,-6.225,59.926,0.278,3,10,0
-0.910,0.659,52.135,8.816,3,12,0
-2.216,8.524,36.805,7.006,1,11,0
-7.760,-5.575,26.987,-6.337,0,1,0
-5.942,1.035,10.888,-27.210,12,3,0
-0.176,7.769,20.120,8.167,0,11,0
-10.973,-5.784,11.734,-5.631,12,1,0
4.700,11.299,10.455,4.640,12,11,10
-8.486,-5.942,24.090,-6.025,0,1,0
-1.393,6.537,23.682,10.536,0,12,0
-4.902,-3.088,40.980,-8.481,1,1,0
-9.906,5.349,54.994,-3.534,3,0,0
-6.891,-5.235,31.217,-6.577,0,1,0
-9.981,9.740,59.994,-0.089,3,0,0
-4.708,7.242,52.384,5.531,3,11,0
2.464,-1.373,54.124,3.552,3,10,0
0.836,7.420,11.852,8.097,12,11,10
0.672,0.117,51.334,6.166,3,11,0
4.946,3.717,26.309,5.919,0,11,0
2.468,2.376,33.150,7.718,1,11,0
-7.273,-0.178,3.372,-15.237,10,3,0
-8.198,7.079,59.933,-0.429,3,0,0
4.819,-6.740,59.358,0.705,3,10,0
-7.955,-1.864,7.793,-10.760,11,2,0
-10.715,6.620,56.866,-2.348,3,0,0
-12.186,-4.649,2.319,-5.685,10,1,0
-2.937,10.243,43.001,5.035,2,11,0
-2.085,8.580,36.024,7.002,1,11,0
-0.480,9.516,28.204,6.381,0,11,0
1.813,6.740,2.434,7.993,10,11,10
-10.282,4.211,49.896,-5.004,2,0,0
0.579,7.279,12.669,8.392,12,11,10
2.128,2.392,32.863,8.176,1,11,0
-7.480,-0.888,2.945,-13.251,10,2,0
-1.439,2.474,26.668,20.637,0,13,0
-1.236,10.034,33.678,5.844,1,11,0
4.948,8.118,2.626,5.530,10,11,10
-0.032,0.700,49.155,8.240,2,11,0
1.993,-0.677,52.447,4.440,3,10,0
-1.224,9.614,32.767,6.202,1,11,0
-2.465,-0.274,59.926,-1.085,3,0,0
-9.950,5.589,55.620,-3.239,3,0,0
-5.053,-4.697,41.823,-6.346,2,1,0
-5.973,8.724,56.194,3.001,3,10,0
3.882,9.758,8.015,5.377,11,11,10
-13.137,-0.847,20.089,-5.908,0,1,0
-7.798,5.974,59.574,-1.299,3,0,0
-9.865,-3.409,6.078,-7.482,11,1,0
3.001,1.701,38.016,6.624,1,11,0
1.337,5.214,6.080,9.581,11,12,10
-6.293,8.856,56.940,2.617,3,10,0
3.483,10.357,11.743,5.245,12,11,10
-6.779,10.713,56.669,2.156,3,10,0
-3.411,-6.391,50.404,-3.869,2,0,0
-5.781,8.907,55.469,3.206,3,10,0
-3.800,-5.348,48.960,-4.718,2,0,0
-2.816,-0.190,59.344,-3.553,3,0,0
1.812,-0.509,52.074,4.708,3,11,0
-1.112,-2.696,59.746,-1.001,3,0,0
-8.660,-6.267,24.137,-5.788,0,1,0
-11.779,-4.234,1.927,-6.016,10,1,0
-11.710,-0.879,16.934,-6.994,13,1,0
0.844,-3.461,59.798,0.673,3,10,0
2.101,-3.822,59.182,1.170,3,10,0
-3.653,-4.120,49.960,-5.420,2,1,0
-5.071,-6.451,43.092,-4.901,2,0,0
-9.244,11.251,59.511,0.719,3,10,0
-2.813,9.426,41.714,5.735,1,11,0
-6.338,-0.709,12.819,-16.382,12,3,0
-7.841,-6.611,29.173,-5.561,0,1,0
-3.960,5.918,47.630,9.313,2,12,0
-2.097,0.744,56.488,8.870,3,12,0
-9.703,6.421,57.860,-2.201,3,0,0
-0.262,0.317,52.530,7.073,3,11,0
-10.343,7.547,58.698,-1.475,3,0,0
3.547,4.855,16.686,7.142,13,11,10
-4.505,9.495,50.313,4.352,2,10,0
-7.675,1.786,33.143,-13.587,1,2,0
5.344,-3.852,55.989,1.956,3,10,0
-0.499,1.323,44.453,11.301,2,12,0
1.136,11.262,24.521,5.171,0,11,0
-2.448,6.425,33.382,10.632,1,12,0
-6.230,-2.565,27.333,-10.513,0,2,0
-1.591,-3.685,58.243,-2.335,3,0,0
-0.303,1.172,45.619,10.288,2,12,0
-12.444,-1.758,13.373,-6.328,12,1,0
3.818,9.699,8.027,5.419,11,11,10
-2.270,-0.292,60.000,0.063,3,10,0
-0.566,-6.802,57.802,-1.703,3,0,0
-0.044,2.657,27.649,13.279,0,13,0
0.266,11.124,28.234,5.257,0,11,0
-0.524,9.560,28.574,6.341,0,11,0
-5.769,10.348,54.421,2.961,3,10,0
5.183,9.355,1.908,5.097,10,11,10
-11.833,-5.922,8.820,-5.327,11,1,0
2.375,7.482,4.003,7.121,10,11,10
-12.283,-6.045,7.618,-5.154,11,0,0
1.743,-1.471,55.640,3.346,3,10,0
-6.589,-0.042,1.454,-18.193,10,3,0
-12.973,2.868,40.453,-4.915,1,0,0
-11.174,4.723,50.689,-4.184,2,0,0
-11.546,10.542,59.808,-0.421,3,0,0
2.445,6.411,2.602,7.675,10,11,10
-12.808,1.621,33.903,-5.615,1,1,0
-9.033,-0.233,13.436,-10.621,12,2,0
-2.933,6.224,37.718,10.710,1,12,0
-2.427,-4.147,55.425,-3.622,3,0,0
-10.016,3.285,45.233,-6.408,2,1,0
-8.416,4.421,54.643,-4.921,3,0,0
-10.065,8.374,59.589,-0.796,3,0,0
-4.086,2.697,52.038,42.529,3,13,0
0.262,4.014,12.038,12.468,12,12,10
2.252,-3.433,58.659,1.523,3,10,0
1.661,7.351,6.809,7.653,11,11,10
-9.454,-6.231,20.127,-5.725,0,1,0
-10.974,1.026,29.016,-7.458,0,1,0
-3.008,-3.017,54.071,-5.085,3,0,0
-4.374,0.586,37.199,-32.184,1,3,0
-1.189,7.737,27.265,8.366,0,11,0
-11.183,11.264,59.992,-0.082,3,0,0
-7.569,-6.117,29.449,-5.895,0,1,0
-3.062,-4.164,52.868,-4.550,3,0,0
0.752,-5.083,59.917,-0.370,3,0,0
-8.942,6.856,59.320,-1.300,3,0,0
4.000,-0.130,47.137,4.484,2,10,0
1.342,5.780,1.660,9.165,10,12,10
-2.119,2.524,21.792,28.634,0,13,0
-12.041,5.709,52.795,-3.219,3,0,0
3.540,-3.887,57.914,1.639,3,10,0
-6.267,-2.209,25.186,-11.392,0,2,0
-7.889,4.536,56.372,-4.425,3,0,0
-9.166,2.387,39.489,-8.721,1,1,0
4.412,-4.672,58.033,1.419,3,10,0
-0.286,-3.789,59.840,-0.638,3,0,0
-8.980,-6.411,22.963,-5.671,0,1,0
1.403,-6.484,59.825,-0.456,3,0,0
-5.059,3.814,59.602,3.287,3,10,0
0.605,-0.607,54.974,4.543,3,10,0
1.726,-5.078,59.960,0.242,3,10,0
-7.255,-6.120,31.161,-5.861,0,1,0
-11.930,2.936,41.379,-5.441,1,1,0
-7.466,1.044,21.937,-15.530,0,3,0
-2.643,-6.342,53.159,-3.292,3,0,0
-8.747,10.153,59.595,0.738,3,10,0
-10.881,3.901,47.481,-5.139,2,0,0
-5.598,-2.274,32.349,-11.074,0,2,0
-6.288,9.434,56.466,2.608,3,10,0
-0.258,8.027,21.792,7.880,0,11,0
-5.847,-5.891,38.534,-5.675,1,1,0
-7.363,6.831,59.962,0.361,3,10,0
-3.278,7.243,42.636,7.977,2,11,0
-9.649,7.040,58.818,-1.565,3,0,0
-9.528,6.542,58.288,-1.989,3,0,0
-1.694,-6.278,55.899,-2.537,3,0,0
4.222,9.818,6.987,5.252,11,11,10
-5.365,-5.002,40.226,-6.240,1,1,0
-6.598,0.244,2.951,-19.114,10,3,0
-8.824,-0.599,8.925,-10.827,11,2,0
1.810,3.805,20.140,9.290,0,12,0
-3.059,-1.513,55.679,-6.148,3,1,0
0.514,-4.802,59.900,-0.423,3,0,0
-9.795,2.510,40.069,-7.676,1,1,0
-5.321,6.828,55.797,4.407,3,10,0
3.227,1.135,41.449,5.960,1,11,0
-12.426,-6.677,9.357,-4.900,11,0,0
3.387,1.055,41.799,5.780,2,11,0
-9.848,-1.934,3.079,-8.502,10,1,0
-8.727,2.647,42.173,-8.945,2,1,0
-8.901,6.659,59.164,-1.476,3,0,0
4.805,6.324,11.155,6.010,12,11,10
3.067,5.850,8.652,7.378,11,11,10
-11.071,11.296,59.999,-0.035,3,0,0
2.285,10.107,15.879,5.641,13,11,10
3.983,-1.560,52.427,3.338,3,10,0
-0.138,7.570,18.937,8.400,13,11,10
0.210,11.177,28.616,5.223,0,11,0
-10.880,-2.845,1.799,-7.128,10,1,0
-12.895,-1.399,16.495,-6.058,13,1,0
-1.832,-0.853,59.999,0.103,3,10,0
-0.954,0.481,53.636,7.902,3,11,0
-11.223,5.930,54.563,-3.035,3,0,0
-8.848,-1.695,0.463,-9.843,10,1,0
-4.326,5.695,50.976,8.531,3,11,0
0.900,1.143,43.731,8.258,2,11,0
-9.399,9.728,59.966,0.214,3,10,0
2.696,-0.440,50.258,4.599,2,10,0
-10.131,8.519,59.629,-0.744,3,0,0
0.255,7.748,17.162,8.039,13,11,10
-4.120,8.603,48.647,5.318,2,11,0
-11.991,8.161,57.817,-1.589,3,0,0
-10.229,10.797,59.978,0.152,3,10,0
-7.432,11.328,57.479,1.731,3,10,0
-12.161,-0.012,23.461,-6.570,0,1,0
0.828,5.116,4.214,10.416,10,12,10
-6.126,-0.023,7.012,-20.307,11,3,0
-1.059,10.778,34.076,5.334,1,11,0
-5.462,1.899,32.614,-34.357,0,3,0
0.445,6.783,10.650,9.043,12,12,10
5.197,-6.126,58.760,0.989,3,10,0
-9.653,3.756,48.617,-5.940,2,1,0
-8.571,10.773,59.203,0.985,3,10,0
3.205,8.043,3.262,6.371,10,11,10
-9.722,-5.114,14.842,-6.368,13,1,0
-1.695,-3.477,58.206,-2.451,3,0,0
-1.651,-4.944,57.006,-2.553,3,0,0
3.648,4.899,16.649,7.048,13,11,10
2.678,-2.641,56.955,2.320,3,10,0
-0.474,3.068,20.539,15.300,0,13,0
-7.387,2.272,39.732,-13.231,1,2,0
-6.846,-5.759,32.669,-6.089,1,1,0
2.391,5.559,8.102,8.127,11,11,10
-3.233,7.165,42.188,8.170,2,11,0
-8.042,2.773,44.374,-9.814,2,1,0
-12.995,-4.985,1.004,-5.268,10,1,0
-2.437,9.344,39.454,6.021,1,11,0
-5.975,-5.413,37.114,-6.145,1,1,0
-11.998,-1.663,12.746,-6.665,12,1,0
1.773,4.397,14.844,9.300,13,12,10
1.181,4.418,12.321,10.271,12,12,10
-8.691,-1.952,3.394,-9.767,10,1,0
-9.132,-5.331,18.680,-6.372,13,1,0
-11.074,-1.339,12.071,-7.513,12,1,0
1.061,-2.468,58.755,1.801,3,10,0
-3.705,-3.821,49.762,-5.752,2,1,0
-3.194,10.484,44.381,4.738,2,11,0
-7.775,-3.788,20.539,-8.158,0,1,0
1.459,-0.055,50.604,5.527,2,11,0
2.931,6.891,1.738,7.070,10,11,10
-5.145,-1.135,32.732,-15.065,1,3,0
1.147,6.483,4.374,8.767,10,11,10
2.370,-0.730,51.998,4.320,3,10,0
-5.648,8.973,54.995,3.348,3,10,0
-2.529,7.264,36.539,8.707,1,11,0
-6.033,9.985,55.399,2.797,3,10,0
-12.443,8.843,58.191,-1.345,3,0,0
-6.426,-6.926,36.879,-5.117,1,0,0
4.208,7.122,5.129,6.179,10,11,10
5.054,6.372,11.548,5.856,12,11,10
-2.641,3.872,17.678,24.787,13,13,10
-5.167,5.442,57.016,5.141,3,11,0
0.916,7.361,11.049,8.108,12,11,10
5.327,8.179,3.505,5.354,10,11,10
-1.897,0.883,54.306,10.715,3,12,0
-9.260,-6.734,22.547,-5.453,0,1,0
-0.699,7.077,20.615,9.305,0,12,0
-11.183,5.949,54.670,-3.016,3,0,0
3.142,-0.925,51.506,3.988,3,10,0
-2.190,6.771,32.109,9.932,0,12,0
3.812,5.396,13.876,6.853,12,11,10
-8.402,9.338,59.681,0.722,3,10,0
5.105,-5.119,57.926,1.353,3,10,0
-7.033,3.829,55.614,-6.358,3,1,0
-11.812,3.675,45.265,-4.930,2,0,0
1.835,6.038,2.287,8.449,10,11,10
-9.530,-3.325,7.367,-7.756,11,1,0
0.207,-5.142,59.630,-0.803,3,0,0
-5.513,8.140,55.219,3.711,3,10,0
-12.287,8.471,57.916,-1.491,3,0,0
-1.529,-5.732,56.681,-2.424,3,0,0
-10.565,-1.219,11.193,-8.063,12,1,0
-6.073,-4.249,34.221,-7.485,1,1,0
4.511,-3.648,56.537,1.967,3,10,0
3.616,-4.253,58.282,1.447,3,10,0
2.709,-2.446,56.524,2.501,3,10,0
-10.273,-3.465,4.385,-7.193,10,1,0
-1.635,-0.824,59.913,0.876,3,10,0
-1.456,-1.604,59.975,-0.392,3,0,0
3.890,7.905,0.060,6.088,10,11,10
-0.484,4.330,3.495,14.200,10,13,10
-0.291,-1.316,58.832,2.368,3,10,0
-8.697,2.734,42.976,-8.808,2,1,0
-2.236,-4.239,55.984,-3.329,3,0,0
3.601,2.502,32.757,6.599,1,11,0
2.636,4.241,18.749,8.137,13,11,10
-12.489,2.267,37.492,-5.516,1,1,0
-9.271,-2.349,2.782,-8.771,10,1,0
3.191,9.265,8.790,5.807,11,11,10
-1.130,6.377,20.396,10.781,0,12,0
-10.672,5.816,55.082,-3.095,3,0,0
-1.787,5.848,23.668,12.420,0,12,0
-8.948,-5.295,19.513,-6.437,13,1,0
0.094,-2.365,59.639,1.099,3,10,0
4.619,1.670,37.811,5.401,1,11,0
5.232,6.260,12.576,5.770,12,11,10
-12.372,10.182,59.296,-0.783,3,0,0
3.667,0.517,44.463,5.159,2,11,0
-12.921,8.179,56.925,-1.747,3,0,0
-0.668,4.554,0.631,14.291,10,13,10
-1.547,6.513,24.978,10.620,0,12,0
-2.974,-7.216,51.689,-3.286,3,0,0
-0.858,2.522,27.651,16.721,0,13,0
-0.442,10.557,30.502,5.576,0,11,0
-4.167,-6.862,47.312,-4.163,2,0,0
-3.383,-2.435,52.505,-6.486,3,1,0
-3.975,9.999,47.888,4.519,2,10,0
0.402,-4.917,59.823,-0.561,3,0,0
-0.321,8.640,24.541,7.213,0,11,0
-12.973,4.828,48.765,-3.716,2,0,0
-12.445,3.454,43.620,-4.808,2,0,0
-8.655,7.245,59.796,-0.705,3,0,0
-6.010,2.584,47.962,-17.220,2,3,0
-7.733,3.634,52.223,-7.250,3,1,0
-7.863,-3.729,19.676,-8.203,13,1,0
-6.193,-3.929,32.528,-7.975,0,1,0
-8.089,-4.345,20.847,-7.454,0,1,0
-3.055,-3.136,53.723,-5.116,3,0,0
-9.020,-5.003,18.034,-6.641,13,1,0
-9.355,-2.858,5.590,-8.262,11,1,0
5.063,5.030,18.922,5.958,13,11,10
-13.007,1.993,35.964,-5.332,1,1,0
2.771,6.617,2.700,7.314,10,11,10
-11.713,7.250,56.769,-2.082,3,0,0
1.609,-1.970,57.115,2.675,3,10,0
2.215,-0.373,50.753,4.811,2,11,0
-11.265,2.292,37.899,-6.397,1,1,0
-4.179,2.456,57.852,32.495,3,13,0
-5.917,-4.820,36.468,-6.726,1,1,0
-8.568,9.945,59.556,0.795,3,10,0
1.359,-0.326,52.132,5.084,3,11,0
-9.409,-4.496,13.853,-6.906,12,1,0
-5.603,-6.563,40.555,-5.076,1,0,0
1.020,9.106,18.429,6.563,13,11,10
-8.390,7.819,60.000,-0.023,3,0,0
0.717,1.978,36.228,10.140,1,12,0
3.411,1.762,37.525,6.314,1,11,0
-4.304,1.446,24.817,-86.416,0,3,0
4.123,-3.665,56.987,1.896,3,10,0
-2.854,-5.344,52.976,-3.790,3,0,0
-3.571,-5.170,50.065,-4.604,2,0,0
-11.242,-4.526,5.392,-6.130,11,1,0
-10.845,-0.218,19.448,-7.888,13,1,0
-2.274,-2.008,58.326,-3.225,3,0,0
-12.652,-3.526,4.501,-5.828,10,1,0
-3.765,6.831,46.190,7.918,2,11,0
3.763,3.316,27.472,6.774,0,11,0
-1.826,-1.497,59.771,-1.271,3,0,0
-3.013,-1.014,56.818,-6.080,3,1,0
-2.152,-7.341,54.074,-2.731,3,0,0
-1.688,0.736,54.612,9.433,3,12,0
4.526,7.899,2.293,5.783,10,11,10
-4.750,-2.723,41.762,-9.010,2,1,0
3.728,10.195,10.226,5.249,12,11,10
3.503,10.134,10.874,5.332,12,11,10
-11.865,7.230,56.556,-2.121,3,0,0
-4.505,-0.189,38.688,-20.411,1,3,0
-0.142,-2.258,59.743,0.966,3,10,0
-9.135,-3.900,12.573,-7.500,12,1,0
-5.860,9.847,55.010,2.971,3,10,0
1.743,0.881,44.516,6.876,2,11,0
0.554,5.998,4.610,9.872,10,12,10
-12.843,6.156,52.998,-2.879,3,0,0
-8.969,4.801,54.930,-4.232,3,0,0
-7.922,4.287,55.277,-5.139,3,0,0
5.263,-2.969,54.414,2.405,3,10,0
-4.257,6.850,49.835,6.880,2,11,0
-6.615,5.777,59.957,0.496,3,10,0
3.509,2.743,31.102,6.800,0,11,0
2.687,8.886,9.353,6.174,11,11,10
-1.773,7.592,31.272,8.507,0,11,0
-11.124,-1.363,12.061,-7.461,12,1,0
1.892,0.529,46.552,6.233,2,11,0
0.529,1.423,41.778,9.432,2,12,0
-1.090,3.460,10.655,18.135,12,13,10
-12.539,-1.862,13.019,-6.250,12,1,0
-10.382,3.350,45.153,-6.057,2,1,0
-4.172,1.814,10.818,-232.857,12,3,0
-11.333,3.590,45.354,-5.235,2,0,0
-9.917,10.589,59.952,0.231,3,10,0
1.227,5.153,6.031,9.780,11,12,10
-9.589,-7.066,21.971,-5.242,0,0,0
-3.724,-5.370,49.316,-4.634,2,0,0
-1.207,10.434,34.251,5.545,1,11,0
1.565,9.006,15.193,6.487,13,11,10
-4.705,-3.120,42.643,-8.167,2,1,0
-12.620,-1.727,13.993,-6.213,12,1,0
4.914,-3.255,55.389,2.229,3,10,0
5.245,9.562,2.526,5.019,10,11,10
-3.165,-3.035,53.241,-5.421,3,1,0
-0.530,1.378,43.899,11.603,2,12,0
-8.161,8.543,59.822,0.596,3,10,0
-4.628,7.164,51.996,5.755,3,11,0
4.887,-7.147,59.513,0.598,3,10,0
-0.951,-6.773,57.158,-1.965,3,0,0
-3.331,-3.643,51.906,-5.296,3,1,0
4.267,-3.101,55.842,2.259,3,10,0
-8.799,8.702,59.985,0.160,3,10,0
3.365,5.830,9.798,7.131,11,11,10
3.119,10.314,13.046,5.351,12,11,10
-11.926,-1.237,15.179,-6.780,13,1,0
-8.082,6.232,59.541,-1.260,3,0,0
0.758,-4.500,59.996,-0.087,3,0,0
3.933,-4.337,58.085,1.481,3,10,0
-12.175,2.097,36.567,-5.818,1,1,0
-1.009,-6.018,57.554,-1.981,3,0,0
-12.284,-4.152,0.286,-5.815,10,1,0
0.388,4.657,5.933,11.640,11,12,10
2.362,-2.352,56.815,2.502,3,10,0
-12.550,-4.775,1.596,-5.498,10,1,0
-3.792,-3.323,49.371,-6.401,2,1,0
-0.457,7.763,22.033,8.249,0,11,0
5.280,3.119,29.996,5.559,0,11,0
-7.452,-6.350,30.604,-5.711,0,1,0
4.707,-2.731,54.549,2.522,3,10,0
-10.065,-6.792,19.069,-5.326,13,1,0
-3.597,-4.703,50.073,-4.923,2,0,0
-11.471,0.684,27.127,-7.055,0,1,0
-5.805,9.710,54.944,3.044,3,10,0
-11.887,-1.096,15.972,-6.826,13,1,0
-2.650,3.345,8.374,31.179,11,13,10
-2.084,5.832,26.830,12.525,0,12,0
4.615,-4.542,57.698,1.521,3,10,0
-11.642,-1.756,11.135,-6.923,12,1,0
2.936,-5.039,59.458,0.814,3,10,0
-3.561,-2.395,51.342,-7.029,3,1,0
-1.815,7.014,29.616,9.541,0,12,0
-4.107,6.406,48.856,7.902,2,11,0
2.808,-2.272,56.008,2.678,3,10,0
-5.134,3.521,60.000,0.098,3,10,0
-7.819,3.561,51.484,-7.469,3,1,0
-1.022,10.429,33.266,5.586,1,11,0
-0.099,0.540,50.539,7.765,2,11,0
-11.661,-4.893,5.345,-5.799,11,1,0
2.913,9.906,12.435,5.589,12,11,10
3.405,-3.343,57.280,1.956,3,10,0
-3.751,0.852,54.529,-21.307,3,3,0
-2.134,-0.379,59.986,0.431,3,10,0
4.772,0.791,42.217,4.815,2,11,0
2.719,-1.945,55.348,2.973,3,10,0
-13.114,4.319,46.723,-4.003,2,0,0
-1.499,-1.241,59.994,0.201,3,10,0
-11.338,-3.547,0.231,-6.523,10,1,0
-7.856,4.006,54.088,-5.975,3,1,0
-5.265,6.610,55.815,4.606,3,10,0
-2.199,-0.611,59.953,-0.747,3,0,0
0.466,10.728,26.334,5.499,0,11,0
-3.169,7.610,42.207,7.520,2,11,0
-0.313,10.865,30.495,5.382,0,11,0
-10.423,0.771,26.335,-8.243,0,1,0
3.626,0.534,44.416,5.195,2,11,0
-2.777,-2.414,55.869,-4.777,3,0,0
-7.770,3.590,51.824,-7.389,3,1,0
-8.660,-5.928,23.136,-6.020,0,1,0
-1.426,-0.756,59.652,1.711,3,10,0
-6.554,-1.691,18.984,-12.679,13,2,0
-12.197,0.050,23.913,-6.531,0,1,0
-10.677,4.498,50.535,-4.537,2,0,0
-7.383,8.407,59.256,1.300,3,10,0
-4.487,7.768,50.858,5.500,3,11,0
-9.762,7.317,59.008,-1.385,3,0,0
-10.083,-7.093,19.878,-5.175,13,0,0
-3.474,0.359,56.697,-11.394,3,2,0
-9.274,10.385,59.798,0.496,3,10,0
-2.563,8.659,39.324,6.652,1,11,0
-12.368,-4.261,0.067,-5.741,10,1,0
-8.787,-5.587,21.385,-6.249,0,1,0
5.210,0.282,44.189,4.332,2,10,0
-11.524,1.008,29.419,-6.891,0,1,0
4.704,3.717,26.032,6.093,0,11,0
4.222,-4.694,58.223,1.367,3,10,0
0.064,5.993,7.963,10.438,11,12,10
-3.291,-2.737,52.802,-5.949,3,1,0
-5.468,2.362,46.440,-25.120,2,3,0
2.773,2.763,30.400,7.589,0,11,0
1.821,-1.344,55.126,3.529,3,10,0
-7.300,5.021,58.964,-2.482,3,0,0
5.255,-5.399,58.092,1.267,3,10,0
3.041,-5.741,59.732,0.541,3,10,0
4.064,0.793,42.711,5.168,2,11,0
-5.260,0.753,8.162,-33.532,11,3,0
-6.925,0.615,11.987,-18.165,12,3,0
2.068,4.906,11.734,8.745,12,11,10
-11.725,-0.487,19.556,-6.990,13,1,0
3.795,6.757,5.724,6.540,11,11,10
2.368,10.914,18.131,5.221,13,11,10
4.495,2.103,35.415,5.701,1,11,0
0.064,-3.222,59.990,0.162,3,10,0
-4.228,6.320,49.834,7.723,2,11,0
-11.095,3.719,46.293,-5.229,2,0,0
0.372,-6.096,59.341,-0.964,3,0,0
-9.512,-5.221,16.311,-6.356,13,1,0
-3.000,0.589,59.978,-0.929,3,0,0
-4.764,10.605,50.996,3.660,3,10,0
-3.160,11.006,44.450,4.456,2,10,0
-11.289,-3.455,0.064,-6.591,10,1,0
-9.385,-5.326,17.351,-6.317,13,1,0
4.728,7.069,7.027,5.904,11,11,10
-0.171,3.290,18.791,14.102,13,13,10
-11.517,9.206,59.204,-0.935,3,0,0
-12.437,-4.301,0.122,-5.698,10,1,0
-3.088,2.584,4.437,55.238,10,13,10
5.088,-0.455,47.273,3.925,2,10,0
1.075,-6.178,59.768,-0.548,3,0,0
-12.692,10.079,59.048,-0.897,3,0,0
3.178,9.480,9.704,5.711,11,11,10
-10.540,0.542,24.691,-8.161,0,1,0
-1.167,4.773,7.852,15.007,11,13,10
-4.264,5.497,50.571,9.207,2,12,0
-10.716,1.069,29.070,-7.742,0,1,0
-12.617,3.261,42.571,-4.855,2,0,0
-3.800,9.752,47.055,4.801,2,11,0
-11.907,10.718,59.740,-0.474,3,0,0
4.350,8.392,0.592,5.705,10,11,10
2.399,-4.465,59.440,0.899,3,10,0
4.742,2.689,32.117,5.779,0,11,0
-1.532,-1.896,59.814,-1.025,3,0,0
-1.605,-4.412,57.562,-2.473,3,0,0
-5.596,6.874,56.821,3.757,3,10,0
-0.660,10.558,31.624,5.550,0,11,0
-10.392,-1.562,8.081,-8.125,11,1,0
1.690,-2.202,57.474,2.435,3,10,0
-2.451,10.391,40.669,5.170,1,11,0
-8.259,-0.754,4.167,-11.801,10,2,0
-7.575,-5.857,28.781,-6.099,0,1,0
-2.003,4.701,17.190,17.111,13,13,10
-1.393,1.413,45.669,14.562,2,13,0
-6.552,-4.473,31.448,-7.344,0,1,0
-2.559,-6.625,53.278,-3.156,3,0,0
-1.140,3.009,17.980,18.878,13,13,10
-12.740,-4.192,1.628,-5.600,10,1,0
1.629,-4.597,59.881,0.435,3,10,0
-11.885,-3.195,3.655,-6.342,10,1,0
-8.844,10.663,59.465,0.805,3,10,0
-5.178,-2.431,37.143,-10.278,1,2,0
0.887,1.270,42.693,8.532,2,11,0
-2.927,4.722,31.460,17.463,0,13,0
-11.587,7.636,57.522,-1.805,3,0,0
4.362,-4.736,58.146,1.378,3,10,0
-0.123,10.818,29.449,5.427,0,11,0
-1.098,2.229,32.104,17.415,0,13,0
-8.616,11.221,59.038,1.038,3,10,0
3.263,7.274,0.924,6.684,10,11,10
-11.508,-3.665,0.173,-6.379,10,1,0
-4.505,-4.033,44.828,-6.587,2,1,0
-1.959,-4.460,56.616,-2.932,3,0,0
-0.965,-3.041,59.691,-1.034,3,0,0
-11.913,1.289,31.561,-6.423,0,1,0
1.893,6.103,2.115,8.350,10,11,10
-0.841,-3.327,59.649,-1.046,3,0,0
-0.866,-6.993,57.174,-1.911,3,0,0
4.245,9.308,4.896,5.428,10,11,10
-10.949,9.706,59.756,-0.521,3,0,0
-9.559,2.315,38.654,-8.242,1,1,0
-10.792,5.982,55.333,-2.947,3,0,0
1.068,5.758,0.328,9.509,10,12,10
-10.455,0.010,20.261,-8.361,0,1,0
0.947,-0.381,53.254,5.034,3,11,0
-11.178,2.746,40.766,-6.100,1,1,0
-1.784,9.875,36.452,5.825,1,11,0
-10.227,10.998,59.956,0.209,3,10,0
-12.016,3.213,42.779,-5.190,2,0,0
-1.988,-0.743,59.997,-0.189,3,0,0
0.079,-2.631,59.815,0.763,3,10,0
4.850,-5.616,58.597,1.105,3,10,0
-6.717,-5.018,31.764,-6.764,0,1,0
-5.111,10.300,52.351,3.501,3,10,0
4.571,-2.771,54.800,2.491,3,10,0
-10.839,-1.222,12.111,-7.774,12,1,0
-9.138,-7.244,24.466,-5.180,0,0,0
-9.267,-1.756,1.443,-9.273,10,1,0
4.416,2.475,33.237,5.926,1,11,0
1.071,-5.196,59.974,-0.202,3,0,0
-0.182,-6.842,58.339,-1.456,3,0,0
-5.130,0.475,17.125,-30.293,13,3,0
4.122,8.942,3.822,5.604,10,11,10
-4.528,3.152,58.630,10.057,3,12,0
-10.652,11.036,59.998,0.048,3,10,0
-8.294,1.239,27.074,-12.277,0,2,0
-0.631,-3.602,59.688,-0.935,3,0,0
-9.985,-0.758,12.610,-8.901,12,1,0
-3.131,8.498,42.807,6.413,2,11,0
-0.231,0.254,52.841,6.843,3,11,0
-8.356,3.751,51.306,-6.626,3,1,0
-12.932,1.015,30.519,-5.749,0,1,0
-2.237,-2.733,57.546,-3.363,3,0,0
-13.037,-1.741,14.902,-5.942,13,1,0
-12.913,6.307,53.298,-2.784,3,0,0
2.946,3.732,23.320,7.723,0,11,0
-10.853,5.366,53.474,-3.564,3,0,0
-6.748,4.126,57.846,-4.586,3,0,0
-3.792,-2.037,49.792,-8.281,2,1,0
-5.109,1.025,4.675,-40.510,10,3,0
-1.695,1.749,40.984,18.901,1,13,0
-0.510,8.438,25.039,7.446,0,11,0
1.396,-5.993,59.926,-0.309,3,0,0
2.089,-2.140,56.761,2.641,3,10,0
-8.671,10.845,59.256,0.942,3,10,0
3.093,5.099,13.770,7.545,12,11,10
5.190,6.800,9.690,5.711,11,11,10
5.140,-6.994,59.327,0.699,3,10,0
-5.918,-1.913,27.250,-12.266,0,2,0
2.694,10.535,15.553,5.343,13,11,10
-7.071,5.267,59.631,-1.481,3,0,0
2.081,-1.511,55.178,3.356,3,10,0
-8.510,8.991,59.851,0.508,3,10,0
-0.782,-6.329,57.749,-1.823,3,0,0
-12.460,-4.312,0.149,-5.684,10,1,0
2.304,-1.018,53.197,3.971,3,10,0
-3.114,6.343,39.838,10.122,1,12,0
-4.617,7.650,51.626,5.379,3,11,0
-0.804,0.622,52.063,8.570,3,11,0
-9.017,-1.464,2.357,-9.834,10,1,0
-6.757,1.547,27.733,-19.043,0,3,0
-8.681,-5.443,21.468,-6.372,0,1,0
1.149,-3.047,59.309,1.260,3,10,0
2.562,-2.529,56.893,2.390,3,10,0
-5.555,-1.673,30.170,-13.002,0,2,0
-0.395,7.411,19.989,8.701,13,11,10
-10.126,3.439,46.020,-6.118,2,1,0
-0.383,-3.269,59.947,-0.393,3,0,0
-2.555,5.616,31.210,13.158,0,13,0
4.954,9.733,4.128,5.059,10,11,10
-0.789,4.907,5.522,13.793,11,13,10
-11.193,-2.591,4.522,-7.011,10,1,0
4.878,5.565,15.519,6.058,13,11,10
4.261,4.192,22.485,6.509,0,11,0
3.935,-3.551,57.012,1.931,3,10,0
5.090,8.289,2.296,5.424,10,11,10
-1.354,1.385,45.933,14.210,2,13,0
0.671,-1.311,57.128,3.203,3,10,0
-12.194,3.655,44.791,-4.776,2,0,0
0.479,1.527,40.846,9.758,1,12,0
5.289,0.072,45.005,4.183,2,10,0
0.948,-7.253,59.304,-0.868,3,0,0
-0.507,0.367,52.944,7.321,3,11,0
-3.590,5.111,42.891,13.371,2,13,0
-2.428,-3.246,56.315,-3.781,3,0,0
-7.517,9.290,58.875,1.429,3,10,0
-8.425,11.255,58.834,1.148,3,10,0
4.088,-1.510,52.134,3.368,3,10,0
-6.547,7.528,58.659,2.072,3,10,0
-11.704,3.389,43.944,-5.219,2,0,0
-9.104,1.143,27.551,-10.299,0,2,0
-3.418,6.503,42.989,9.218,2,12,0
1.323,9.061,16.660,6.518,13,11,10
-8.759,2.659,42.248,-8.868,2,1,0
0.664,-3.373,59.848,0.601,3,10,0
3.759,-1.819,53.496,3.142,3,10,0
-11.244,7.586,57.819,-1.752,3,0,0
-8.631,-2.663,8.691,-9.034,11,1,0
2.726,7.347,1.694,6.980,10,11,10
-11.830,-3.545,1.638,-6.251,10,1,0
-5.892,0.585,0.083,-25.392,10,3,0
2.246,8.987,11.792,6.277,12,11,10
5.301,-4.085,56.404,1.841,3,10,0
-12.597,2.917,40.887,-5.079,1,0,0
-10.014,2.165,37.302,-7.812,1,1,0
-7.193,7.261,59.712,0.954,3,10,0
-12.027,-0.168,22.239,-6.702,0,1,0
-2.134,5.520,25.554,13.626,0,13,0
-5.764,9.917,54.679,3.046,3,10,0
2.690,10.731,16.207,5.252,13,11,10
-9.602,-6.676,20.797,-5.450,0,1,0
-4.188,-0.955,45.623,-13.161,2,2,0
-0.157,-1.075,58.099,3.044,3,10,0
-10.458,6.607,57.182,-2.290,3,0,0
-2.139,2.747,15.539,28.895,13,13,10
-2.249,-4.870,55.404,-3.248,3,0,0
4.995,2.615,32.642,5.584,1,11,0
-1.143,-2.696,59.718,-1.057,3,0,0
-4.232,6.076,49.969,8.135,2,11,0
1.197,1.068,43.910,7.744,2,11,0
-3.245,6.040,40.575,10.754,1,12,0
-6.678,3.457,54.559,-8.188,3,1,0
5.292,0.585,42.818,4.472,2,10,0
-6.858,9.541,57.643,2.065,3,10,0
-8.110,4.781,56.716,-3.945,3,0,0
-4.157,3.657,51.181,18.812,3,13,0
-7.353,4.768,58.321,-3.241,3,0,0
1.241,-5.904,59.899,-0.367,3,0,0
4.712,-0.545,48.016,3.964,2,10,0
-6.864,-2.524,21.302,-10.475,0,2,0
4.657,-6.206,59.149,0.844,3,10,0
-12.547,2.401,38.211,-5.406,1,1,0
-10.864,10.133,59.901,-0.324,3,0,0
5.164,5.728,15.259,5.865,13,11,10
-11.266,-2.048,8.089,-7.148,11,1,0
-4.783,11.223,50.873,3.437,3,10,0
-13.141,-7.058,8.215,-4.618,11,0,0
5.311,-1.023,49.061,3.528,2,10,0
-4.879,8.533,52.374,4.441,3,10,0
-11.042,8.849,59.273,-0.948,3,0,0
-0.189,9.242,25.713,6.625,0,11,0
2.060,-4.969,59.843,0.469,3,10,0
-7.981,6.052,59.470,-1.401,3,0,0
-1.349,3.539,7.040,19.442,11,13,10
-11.829,4.844,50.224,-3.941,2,0,0
-5.627,-4.034,36.971,-7.561,1,1,0
2.433,-4.360,59.347,0.976,3,10,0
4.711,7.671,3.981,5.760,10,11,10
-0.447,8.469,24.742,7.406,0,11,0
-5.267,5.481,57.421,4.698,3,11,0
0.660,1.023,45.088,8.315,2,11,0
-0.991,4.406,1.856,15.568,10,13,10
-4.289,-6.231,46.707,-4.573,2,0,0
0.137,-4.312,59.880,-0.503,3,0,0
-4.273,1.878,13.279,-195.321,12,3,0
-8.188,-5.832,25.354,-6.123,0,1,0
4.475,5.246,16.452,6.358,13,11,10
0.914,-2.213,58.572,2.010,3,10,0
-10.025,4.509,51.688,-4.669,3,0,0
-1.037,6.017,17.261,11.512,13,12,10
-0.107,-2.113,59.608,1.209,3,10,0
4.368,1.787,37.209,5.623,1,11,0
-0.070,5.731,6.943,10.998,11,12,10
3.505,4.326,20.176,7.192,0,11,0
-0.562,-3.906,59.594,-1.019,3,0,0
-5.244,6.081,56.410,4.792,3,11,0
-8.130,-3.036,14.290,-8.947,12,1,0
-0.469,-6.271,58.280,-1.586,3,0,0
1.818,-6.030,59.992,-0.100,3,0,0
-12.941,3.447,43.206,-4.596,2,0,0
1.212,-5.369,59.977,-0.186,3,0,0
-10.986,8.929,59.362,-0.887,3,0,0
-8.511,11.147,58.973,1.084,3,10,0
-4.304,0.936,36.247,-43.197,1,3,0
-5.128,-2.582,37.999,-9.840,1,1,0
-9.667,10.002,59.978,0.167,3,10,0
-5.509,3.062,57.064,-10.047,3,2,0
-9.734,7.990,59.568,-0.866,3,0,0
-2.190,-4.688,55.737,-3.206,3,0,0
-1.033,8.130,27.522,7.829,0,11,0
1.213,-5.064,59.998,-0.053,3,0,0
2.211,1.534,39.490,7.252,1,11,0
-0.942,-5.952,57.724,-1.921,3,0,0
-3.292,-2.825,52.715,-5.876,3,1,0
-6.046,-0.453,13.806,-18.282,12,3,0
-11.605,-3.715,0.056,-6.307,10,1,0
-2.196,3.786,8.192,23.419,11,13,10
-2.933,-5.747,52.463,-3.723,3,0,0
3.646,6.890,4.468,6.592,10,11,10
0.091,-3.910,59.957,-0.317,3,0,0
-4.972,8.247,52.965,4.459,3,10,0
-5.943,-1.463,24.246,-13.820,0,2,0
-6.604,-6.588,35.490,-5.391,1,1,0
-8.523,6.263,59.120,-1.647,3,0,0
-12.390,4.814,49.396,-3.849,2,0,0
-11.549,0.832,28.237,-6.931,0,1,0
-9.113,-4.714,16.378,-6.840,13,1,0
-7.282,-4.865,27.775,-6.989,0,1,0
-6.058,1.481,23.178,-26.070,0,3,0
-1.328,9.226,32.534,6.544,0,11,0
-11.983,-0.029,23.063,-6.725,0,1,0
1.579,7.373,7.371,7.688,11,11,10
-4.736,6.111,53.594,6.459,3,11,0
-2.789,11.147,42.861,4.551,2,10,0
-2.219,8.360,36.516,7.209,1,11,0
-10.311,4.686,51.922,-4.383,3,0,0
-3.544,6.868,44.433,8.247,2,11,0
-8.709,-1.110,3.586,-10.613,10,2,0
-4.949,1.298,0.399,-50.827,10,3,0
-7.817,3.356,49.994,-8.190,2,1,0
-7.722,2.122,37.559,-12.565,1,2,0
-11.985,-2.309,8.889,-6.540,11,1,0
3.380,-3.361,57.337,1.938,3,10,0
-10.835,-0.442,17.752,-7.896,13,1,0
-10.483,4.987,52.785,-3.996,3,0,0
-10.546,0.964,28.051,-8.003,0,1,0
-4.303,-3.347,45.890,-7.217,2,1,0
-0.633,10.339,31.031,5.711,0,11,0
-11.265,5.322,52.701,-3.590,3,0,0
-4.280,9.748,49.271,4.416,2,10,0
-2.934,1.429,54.391,20.947,3,13,0
2.731,-0.095,48.639,4.984,2,11,0
-8.631,-1.276,1.669,-10.573,10,2,0
-11.808,7.627,57.269,-1.859,3,0,0
-11.808,2.705,40.173,-5.684,1,1,0
-8.300,-1.283,0.511,-11.090,10,2,0
-6.472,-3.644,29.526,-8.477,0,1,0
-5.441,-2.037,33.107,-11.673,1,2,0
5.282,2.841,31.525,5.478,0,11,0
-2.102,-7.100,54.338,-2.737,3,0,0
-9.306,-3.688,10.539,-7.594,12,1,0
0.903,9.949,21.956,5.979,0,11,0
-8.817,7.443,59.803,-0.668,3,0,0
-12.017,1.098,30.408,-6.411,0,1,0
-1.684,7.661,30.798,8.419,0,11,0
1.163,-6.610,59.680,-0.616,3,0,0
2.992,3.029,28.628,7.461,0,11,0
0.212,7.961,18.422,7.823,13,11,10
-1.333,10.916,35.672,5.184,1,11,0
4.808,-7.162,59.553,0.575,3,10,0
-8.625,-5.621,22.358,-6.246,0,1,0
-5.001,8.509,52.913,4.296,3,10,0
4.532,-5.153,58.426,1.226,3,10,0
-9.735,-2.144,1.068,-8.479,10,1,0
-10.168,5.682,55.514,-3.169,3,0,0
-6.271,6.516,59.056,2.098,3,10,0
-4.161,9.460,48.764,4.685,2,11,0
-8.257,8.100,59.965,0.276,3,10,0
5.176,-6.808,59.211,0.763,3,10,0
4.001,-6.613,59.669,0.536,3,10,0
-11.450,-1.054,15.102,-7.212,13,1,0
-8.612,6.353,59.127,-1.608,3,0,0
-10.345,-0.253,17.863,-8.507,13,1,0
-10.911,3.090,43.041,-5.975,2,1,0
0.772,3.183,23.395,11.238,0,12,0
-6.603,6.120,59.808,0.985,3,10,0
-5.501,-0.261,20.072,-20.834,0,3,0
-3.306,8.039,43.578,6.785,2,11,0
1.235,7.302,8.864,7.964,11,11,10
2.071,9.588,14.992,5.978,13,11,10
-0.414,3.019,21.512,15.026,0,13,0
-11.562,4.246,48.176,-4.533,2,0,0
1.708,1.606,39.217,7.937,1,11,0
-3.485,0.241,56.188,-11.484,3,2,0
-12.245,3.974,46.185,-4.518,2,0,0
-2.652,4.058,20.428,22.937,0,13,0
-1.359,5.694,18.108,12.595,13,12,10
5.172,-6.299,58.899,0.925,3,10,0
2.298,6.624,0.609,7.679,10,11,10
-10.446,-6.601,16.819,-5.358,13,1,0
-12.379,0.214,25.205,-6.356,0,1,0
-5.748,-7.073,40.322,-4.809,1,0,0
0.963,4.990,6.068,10.302,11,12,10
-6.394,10.525,55.946,2.448,3,10,0
-3.999,-4.336,48.004,-5.681,2,1,0
-1.170,0.825,51.657,9.961,3,12,0
-5.087,1.763,24.968,-49.052,0,3,0
-0.253,-2.540,59.935,0.474,3,10,0
-7.233,3.390,52.027,-8.492,3,1,0
-1.393,-3.031,59.181,-1.743,3,0,0
-6.621,6.168,59.797,1.000,3,10,0
-3.598,6.428,44.545,9.040,2,12,0
-9.777,-0.120,17.257,-9.338,13,1,0
-2.888,1.530,51.844,25.023,3,13,0
-3.389,9.289,44.823,5.453,2,11,0
5.206,2.092,35.520,5.252,1,11,0
-5.571,0.527,6.567,-27.695,11,3,0
-0.186,6.024,10.077,10.668,12,12,10
4.816,10.263,6.557,4.936,11,11,10
-12.960,7.435,55.674,-2.135,3,0,0
3.657,-6.104,59.613,0.610,3,10,0
4.894,-2.833,54.549,2.469,3,10,0
-7.301,-6.658,32.024,-5.476,0,1,0
3.938,-6.622,59.697,0.514,3,10,0
-7.184,5.919,59.955,-0.461,3,0,0
4.873,9.246,2.478,5.233,10,11,10
3.477,-3.870,57.957,1.633,3,10,0
-2.031,-4.868,56.062,-2.992,3,0,0
-7.401,-3.300,20.951,-8.928,0,1,0
2.566,1.015,42.721,6.345,2,11,0
0.365,2.482,30.516,11.762,0,12,0
-8.431,4.104,53.109,-5.691,3,1,0
-11.625,9.060,59.027,-1.036,3,0,0
-11.101,10.666,59.945,-0.230,3,0,0
-4.942,10.691,51.600,3.502,3,10,0
-7.783,-4.277,22.528,-7.588,0,1,0
-10.099,5.177,54.103,-3.772,3,0,0
-6.331,2.065,37.314,-20.146,1,3,0
-5.845,6.308,58.298,3.028,3,10,0
-8.635,6.146,58.833,-1.893,3,0,0
-4.171,6.816,49.248,7.112,2,11,0
0.999,-3.297,59.617,0.929,3,10,0
-2.542,-6.486,53.402,-3.177,3,0,0
4.819,3.501,27.437,5.965,0,11,0
-7.755,9.129,59.246,1.177,3,10,0
-1.021,-6.361,57.298,-2.006,3,0,0
3.788,-3.937,57.731,1.669,3,10,0
-2.135,1.056,53.801,12.708,3,12,0
-10.047,-4.243,9.433,-6.817,11,1,0
-12.129,-3.721,1.816,-6.033,10,1,0
2.612,4.687,15.275,8.130,13,11,10
1.528,6.362,1.471,8.518,10,11,10
4.911,4.669,20.715,6.053,0,11,0
3.408,0.049,47.038,4.862,2,11,0
4.445,7.656,3.202,5.895,10,11,10
-4.338,3.392,55.133,16.521,3,13,0
-6.312,9.569,56.422,2.579,3,10,0
-11.702,-2.155,8.892,-6.780,11,1,0
4.665,10.461,7.776,4.912,11,11,10
-2.051,6.790,30.897,9.945,0,12,0
-8.694,2.500,40.878,-9.304,1,1,0
-5.666,7.141,56.762,3.598,3,10,0
-9.090,3.250,46.408,-7.256,2,1,0
-2.413,4.441,20.610,19.355,0,13,0
5.054,8.121,2.941,5.483,10,11,10
3.494,-2.102,54.627,2.905,3,10,0
-10.217,5.431,54.711,-3.469,3,0,0
2.973,-6.358,59.919,0.285,3,10,0
2.122,-0.105,49.653,5.203,2,11,0
-12.824,-4.962,1.470,-5.337,10,1,0
-4.517,0.982,26.476,-47.164,0,3,0
-5.794,-4.404,36.514,-7.159,1,1,0
-11.539,3.912,46.694,-4.845,2,0,0
-4.149,-6.531,47.363,-4.317,2,0,0
0.623,-3.084,59.733,0.824,3,10,0
-9.407,5.122,55.178,-3.775,3,0,0
-9.773,6.081,57.103,-2.605,3,0,0
0.821,-1.130,56.332,3.594,3,10,0
-7.734,-2.655,14.917,-9.738,13,1,0
1.533,-4.073,59.727,0.696,3,10,0
2.971,-0.483,50.020,4.478,2,10,0
-12.083,11.007,59.769,-0.435,3,0,0
-4.966,-4.829,42.488,-6.142,2,1,0
3.163,7.240,0.713,6.760,10,11,10
-3.390,6.056,42.109,10.421,2,12,0
-10.784,3.336,44.598,-5.804,2,1,0
-11.685,-1.232,14.576,-6.981,13,1,0
-6.604,1.831,32.807,-19.253,1,3,0
-7.344,0.731,16.636,-16.117,13,3,0
-6.735,-6.810,35.170,-5.270,1,1,0
3.000,0.077,47.427,5.063,2,11,0
-12.487,11.308,59.725,-0.456,3,0,0
-11.083,6.778,56.686,-2.301,3,0,0
3.130,-0.572,50.152,4.345,2,10,0
1.940,10.342,18.218,5.582,13,11,10
-10.415,6.271,56.566,-2.596,3,0,0
-3.038,5.080,35.092,15.082,1,13,0
-3.887,-3.269,48.764,-6.634,2,1,0
-12.999,6.582,53.861,-2.618,3,0,0
1.977,7.997,8.586,7.014,11,11,10
3.513,10.032,10.462,5.372,12,11,10
-6.749,8.135,58.524,1.967,3,10,0
4.194,-4.569,58.112,1.422,3,10,0
-4.511,1.152,22.551,-56.146,0,3,0
2.902,-0.662,50.862,4.303,3,10,0
-10.045,-4.438,10.354,-6.692,12,1,0
4.135,3.512,26.623,6.499,0,11,0
-13.107,2.519,38.674,-5.029,1,0,0
1.314,5.219,5.925,9.610,11,12,10
-4.687,4.357,56.156,8.607,3,11,0
-2.451,-5.484,54.299,-3.340,3,0,0
4.237,-4.916,58.436,1.265,3,10,0
-8.050,-4.807,22.844,-7.004,0,1,0
-3.640,5.966,44.552,10.091,2,12,0
-8.989,-5.684,20.654,-6.149,0,1,0
-0.873,-1.813,59.944,0.527,3,10,0
-9.610,-2.482,1.835,-8.351,10,1,0
-3.605,4.850,42.600,14.687,2,13,0
-9.001,2.863,43.636,-8.115,2,1,0
-5.699,-7.315,40.760,-4.650,1,0,0
2.867,1.747,37.742,6.788,1,11,0
-1.766,2.216,31.214,22.829,0,13,0
0.508,5.895,4.142,10.047,10,12,10
-12.934,7.249,55.355,-2.234,3,0,0
-10.644,2.212,37.510,-7.045,1,1,0
1.096,6.090,1.969,9.178,10,12,10
-10.520,-1.590,8.381,-7.982,11,1,0
-4.508,6.289,51.903,6.970,3,11,0
-10.990,0.289,23.560,-7.668,0,1,0
-4.739,-4.379,43.538,-6.429,2,1,0
-1.135,-1.605,59.976,0.365,3,10,0
3.339,7.997,2.498,6.325,10,11,10
-7.278,-6.558,31.946,-5.542,0,1,0
-11.442,8.757,58.919,-1.128,3,0,0
-0.805,5.991,14.976,11.364,13,12,10
-10.703,10.664,59.993,-0.082,3,0,0
-6.954,3.084,50.330,-10.380,2,2,0
-0.175,5.120,2.446,12.144,10,12,10
-11.329,0.324,24.394,-7.291,0,1,0
-2.846,-5.935,52.681,-3.581,3,0,0
-2.101,-2.756,57.928,-3.053,3,0,0
-4.786,3.879,58.175,7.210,3,11,0
2.188,-2.442,57.236,2.363,3,10,0
-13.309,6.234,52.642,-2.815,3,0,0
-7.631,2.915,46.633,-10.082,2,2,0
-3.256,4.176,33.773,21.562,1,13,0
-3.457,11.244,45.805,4.185,2,10,0
3.144,10.557,13.774,5.239,12,11,10
-9.944,-0.614,13.635,-8.999,12,1,0
2.961,8.002,4.081,6.513,10,11,10
-12.651,3.536,43.838,-4.662,2,0,0
4.851,3.240,28.993,5.878,0,11,0
-9.839,6.660,58.078,-2.016,3,0,0
-7.532,3.613,52.686,-7.394,3,1,0
-0.714,5.992,14.180,11.276,12,12,10
-11.431,-0.057,21.893,-7.245,0,1,0
-9.788,-5.100,14.455,-6.357,13,1,0
-6.492,8.043,58.099,2.292,3,10,0
-11.182,1.639,33.542,-6.919,1,1,0
-10.076,-1.766,5.315,-8.360,11,1,0
-6.632,-0.196,3.105,-17.479,10,3,0
-7.806,-5.350,26.068,-6.529,0,1,0
-5.410,5.111,58.581,3.798,3,10,0
4.522,0.944,41.628,5.032,1,11,0
-11.535,6.468,55.447,-2.617,3,0,0
-6.318,-4.192,32.330,-7.645,0,1,0
-4.239,3.046,54.820,22.722,3,13,0
1.565,2.136,34.814,8.779,1,11,0
3.676,-0.113,47.448,4.613,2,10,0
-8.961,9.543,59.886,0.410,3,10,0
1.394,-1.058,54.991,3.871,3,10,0
-0.525,1.491,42.572,12.039,2,12,0
2.016,3.860,20.212,8.972,0,12,0
-7.506,-0.065,6.668,-14.654,11,2,0
-8.906,8.838,59.987,0.151,3,10,0
-2.065,-6.483,54.804,-2.807,3,0,0
-8.685,5.757,58.114,-2.485,3,0,0
0.050,-6.178,58.991,-1.201,3,0,0
-3.038,-3.608,53.395,-4.810,3,0,0
-11.644,6.540,55.464,-2.574,3,0,0
2.899,7.240,0.364,6.926,10,11,10
-4.976,10.264,51.890,3.620,3,10,0
-7.803,-5.015,25.040,-6.833,0,1,0
-2.523,7.180,36.284,8.872,1,12,0
-9.320,4.203,51.626,-5.310,3,1,0
-5.543,-5.182,39.366,-6.164,1,1,0
-7.337,8.543,59.116,1.397,3,10,0
-10.130,5.999,56.377,-2.806,3,0,0
-9.249,4.255,52.022,-5.233,3,0,0
-1.503,-3.174,58.876,-2.012,3,0,0
-12.751,7.938,56.742,-1.844,3,0,0
2.468,9.435,12.589,5.953,12,11,10
-6.282,7.925,57.733,2.573,3,10,0
-10.490,-6.501,16.306,-5.399,13,1,0
4.442,5.225,16.499,6.383,13,11,10
0.274,0.190,51.870,6.497,3,11,0
-3.329,-3.094,52.288,-5.727,3,1,0
3.813,9.087,5.588,5.663,11,11,10
-5.744,10.489,54.263,2.954,3,10,0
2.909,-6.867,59.990,0.098,3,10,0
1.028,0.398,48.871,6.596,2,11,0
-2.100,7.684,34.114,8.236,1,11,0
-1.624,-6.770,55.744,-2.443,3,0,0
-4.213,-6.104,47.039,-4.594,2,0,0
2.221,-3.310,58.544,1.606,3,10,0
-1.882,10.510,37.882,5.306,1,11,0
-0.876,7.556,24.200,8.613,0,11,0
3.908,8.644,3.317,5.800,10,11,10
-0.287,-3.506,59.924,-0.454,3,0,0
4.456,-2.697,54.779,2.531,3,10,0
2.631,10.272,14.934,5.482,13,11,10
-3.832,5.754,46.344,10.141,2,12,0
-5.600,-6.378,40.394,-5.202,1,0,0
4.715,-1.525,51.371,3.298,3,10,0
-11.631,7.178,56.741,-2.115,3,0,0
2.821,-1.578,54.178,3.347,3,10,0
-2.157,-0.555,59.990,-0.355,3,0,0
2.197,-3.766,59.053,1.254,3,10,0
-7.208,9.405,58.355,1.729,3,10,0
1.774,-5.667,60.000,0.012,3,10,0
-2.617,4.577,25.269,18.606,0,13,0
-12.758,11.334,59.637,-0.515,3,0,0
-1.906,6.712,29.243,10.161,0,12,0
-10.612,-3.379,2.366,-7.034,10,1,0
3.572,-1.998,54.247,2.994,3,10,0
-11.578,8.356,58.428,-1.380,3,0,0
-8.712,-6.181,23.627,-5.842,0,1,0
-6.710,-0.687,8.228,-15.575,11,3,0
-1.990,6.571,29.447,10.469,0,12,0
3.382,9.915,10.552,5.457,12,11,10
-10.468,-3.680,4.622,-6.949,10,1,0
5.215,10.646,6.589,4.719,11,11,10
-9.556,9.323,59.999,-0.036,3,0,0
0.953,-1.636,57.425,2.830,3,10,0
-1.694,2.632,22.030,23.338,0,13,0
-9.287,-1.238,5.631,-9.635,11,1,0
-4.900,0.718,18.606,-36.418,13,3,0
-1.767,0.363,57.414,6.292,3,11,0
2.764,-4.595,59.285,0.978,3,10,0
-7.715,0.888,20.732,-14.518,0,2,0
-8.790,-0.626,8.490,-10.872,11,2,0
-13.047,10.329,58.996,-0.889,3,0,0
-8.096,2.953,45.943,-9.177,2,1,0
1.117,9.640,19.849,6.158,13,11,10
-0.058,8.188,21.139,7.654,0,11,0
-4.541,0.653,31.117,-35.333,0,3,0
-3.169,0.900,60.000,0.149,3,10,0
-5.741,7.921,56.207,3.402,3,10,0
-0.209,8.781,24.332,7.060,0,11,0
-0.881,1.468,43.563,13.039,2,13,0
-7.476,7.363,59.860,0.642,3,10,0
-11.197,-1.885,8.882,-7.255,11,1,0
-1.141,-1.067,59.657,1.527,3,10,0
-10.121,-6.691,18.517,-5.369,13,1,0
5.275,5.409,17.229,5.816,13,11,10
-12.764,-6.880,8.874,-4.756,11,0,0
-12.485,8.027,57.146,-1.757,3,0,0
-3.517,11.237,46.054,4.158,2,10,0
-12.961,9.707,58.593,-1.093,3,0,0
1.525,0.388,48.001,6.255,2,11,0
-3.136,3.289,19.821,36.500,13,13,10
-11.565,3.855,46.397,-4.884,2,0,0
-1.510,-3.880,58.239,-2.260,3,0,0
-11.896,-6.783,11.628,-4.984,12,0,0
4.938,2.866,31.203,5.707,0,11,0
-4.381,-4.048,45.645,-6.426,2,1,0
-0.880,-3.115,59.725,-0.957,3,0,0
-4.464,7.406,50.904,5.854,3,11,0
-1.104,-0.097,57.312,4.966,3,11,0
-12.971,-1.521,15.975,-6.001,13,1,0
-12.229,7.022,55.734,-2.305,3,0,0
0.853,0.934,45.458,7.882,2,11,0
-12.798,-5.598,4.129,-5.149,10,0,0
-10.738,-2.098,5.813,-7.572,11,1,0
-12.490,-2.810,7.662,-6.098,11,1,0
-8.446,0.162,14.928,-12.079,13,2,0
-2.173,4.845,20.942,16.631,0,13,0
-2.681,0.997,57.710,9.907,3,12,0
4.680,0.822,42.129,4.877,2,11,0
-0.598,11.005,32.178,5.261,0,11,0
-3.185,-7.239,50.979,-3.411,3,0,0
-7.721,-5.035,25.599,-6.819,0,1,0
-8.323,1.132,25.848,-12.281,0,2,0
1.967,-2.961,58.368,1.791,3,10,0
-6.616,-6.903,35.906,-5.180,1,0,0
-4.060,2.195,56.521,98.824,3,13,0
-12.446,6.671,54.734,-2.547,3,0,0
-1.742,1.436,46.553,16.266,2,13,0
0.516,-4.468,59.965,-0.259,3,0,0
-7.169,-4.365,26.926,-7.541,0,1,0
1.156,-6.121,59.818,-0.485,3,0,0
-12.664,9.865,58.918,-0.969,3,0,0
-11.794,5.284,51.814,-3.577,3,0,0
-2.580,-6.546,53.252,-3.191,3,0,0
0.783,8.917,19.007,6.767,13,11,10
-10.285,0.733,25.805,-8.448,0,1,0
4.290,-0.644,48.883,3.999,2,10,0
-4.835,9.731,51.590,3.940,3,10,0
-2.244,-4.239,55.957,-3.340,3,0,0
-2.192,10.333,39.277,5.319,1,11,0
-11.032,-6.588,14.332,-5.249,12,0,0
-6.466,4.905,59.890,-0.952,3,0,0
-5.650,7.841,55.979,3.558,3,10,0
-2.995,2.388,16.273,53.625,13,13,10
1.635,3.183,25.367,9.444,0,12,0
-2.288,-1.533,58.894,-2.921,3,0,0
3.665,4.182,21.483,7.030,0,11,0
-13.134,7.512,55.624,-2.109,3,0,0
-12.397,1.934,35.623,-5.749,1,1,0
4.277,6.083,11.052,6.390,12,11,10
-1.366,6.511,23.297,10.585,0,12,0
-0.894,5.073,8.166,13.603,11,13,10
0.354,10.236,25.608,5.825,0,11,0
2.747,9.238,10.561,5.969,12,11,10
-12.053,5.546,52.290,-3.344,3,0,0
4.630,7.240,5.858,5.914,11,11,10
-3.263,10.929,44.877,4.445,2,10,0
-5.156,6.793,55.101,4.817,3,11,0
-2.173,-0.418,60.000,0.073,3,10,0
4.412,1.595,38.268,5.487,1,11,0
-8.727,-3.067,10.543,-8.524,12,1,0
-2.677,0.673,59.411,4.475,3,10,0
-7.630,-1.107,3.858,-12.531,10,2,0
1.458,4.059,16.741,9.877,13,12,10
-0.741,-1.725,59.831,0.910,3,10,0
4.069,8.352,1.403,5.841,10,11,10
-10.809,-4.300,6.175,-6.434,11,1,0
-5.930,-7.252,39.638,-4.766,1,0,0
-2.371,10.515,40.380,5.119,1,11,0
-12.633,7.270,55.737,-2.196,3,0,0
3.763,6.960,4.494,6.495,10,11,10
0.611,6.883,10.183,8.804,12,12,10
3.846,11.225,13.239,4.832,12,11,10
-3.058,6.649,39.895,9.447,1,12,0
-8.349,4.802,56.261,-4.030,3,0,0
4.961,-1.625,51.374,3.206,3,10,0
-12.272,7.951,57.254,-1.761,3,0,0
0.059,0.550,50.048,7.679,2,11,0
-1.034,-2.632,59.836,-0.806,3,0,0
-7.563,4.654,57.545,-3.824,3,0,0
-8.332,-5.280,22.839,-6.549,0,1,0
-8.021,-3.181,15.845,-8.824,13,1,0
-8.477,-5.691,23.373,-6.210,0,1,0
-6.260,5.950,59.541,1.627,3,10,0
-5.050,5.843,55.792,5.540,3,11,0
-8.565,8.514,59.969,0.243,3,10,0
1.071,7.960,13.233,7.478,12,11,10
3.152,-4.817,59.177,1.003,3,10,0
0.890,8.707,17.578,6.911,13,11,10
-5.186,1.407,10.761,-44.509,12,3,0
1.698,-6.981,59.817,-0.440,3,0,0
-5.831,7.394,57.026,3.275,3,10,0
-5.523,-4.832,39.020,-6.512,1,1,0
-5.093,0.264,21.433,-27.314,0,3,0
2.824,-2.215,55.852,2.733,3,10,0
-9.093,-0.714,9.203,-10.273,11,2,0
2.016,4.028,18.777,8.976,13,12,10
-2.455,5.679,30.319,12.975,0,13,0
-11.884,2.955,41.510,-5.455,1,1,0
-9.857,1.371,30.671,-8.754,0,1,0
-11.810,3.819,45.948,-4.812,2,0,0
4.300,-2.131,53.616,2.905,3,10,0
-10.513,10.815,59.998,0.039,3,10,0
-0.669,9.497,29.247,6.386,0,11,0
-6.439,7.132,58.806,2.096,3,10,0
-3.132,5.506,37.936,12.871,1,12,0
-12.173,-2.217,9.980,-6.433,12,1,0
-3.631,5.349,43.771,12.179,2,12,0
-10.909,-5.865,12.305,-5.610,12,1,0
-8.389,6.710,59.660,-0.991,3,0,0
3.026,-6.106,59.850,0.395,3,10,0
1.294,1.763,38.111,8.745,1,11,0
5.288,0.933,41.242,4.661,1,11,0
-4.612,-2.755,43.009,-8.725,2,1,0
-7.735,10.800,58.250,1.505,3,10,0
-11.851,10.836,59.794,-0.421,3,0,0
-0.259,0.336,52.404,7.136,3,11,0
0.583,2.281,32.996,10.914,1,12,0
-10.831,-2.212,5.454,-7.446,11,1,0
-1.010,4.192,0.649,16.184,10,13,10
-8.744,10.288,59.542,0.775,3,10,0
3.340,2.147,35.033,6.635,1,11,0
4.709,-6.448,59.261,0.774,3,10,0
-11.333,-2.617,4.887,-6.901,10,1,0
-13.113,10.838,59.260,-0.740,3,0,0
0.788,4.849,6.390,10.708,11,12,10
-1.854,-1.898,59.411,-1.885,3,0,0
-2.384,-2.299,57.599,-3.659,3,0,0
3.082,-5.725,59.709,0.563,3,10,0
-4.247,3.799,52.458,16.041,3,13,0
4.431,5.410,15.376,6.377,13,11,10
-13.219,6.587,53.614,-2.616,3,0,0
-3.021,2.998,9.050,42.418,11,13,10
-8.096,-1.956,7.450,-10.456,11,2,0
-1.422,7.022,26.264,9.557,0,12,0
-5.325,1.615,21.187,-40.697,0,3,0
-1.015,-0.442,58.258,3.721,3,10,0
-3.995,-1.886,48.050,-9.248,2,1,0
-11.785,-5.042,5.503,-5.691,11,1,0
3.933,7.426,2.614,6.237,10,11,10
1.149,10.137,21.315,5.824,0,11,0
-0.227,-6.215,58.645,-1.403,3,0,0
4.046,8.891,3.879,5.652,10,11,10
3.679,9.068,6.017,5.720,11,11,10
4.718,3.046,30.027,5.916,0,11,0
-9.269,9.263,59.992,0.106,3,10,0
-7.252,7.338,59.722,0.923,3,10,0
-9.929,7.674,59.196,-1.193,3,0,0
-4.942,5.310,56.017,6.246,3,11,0
5.197,0.038,45.223,4.193,2,10,0
-2.351,10.368,40.132,5.230,1,11,0
-3.791,5.350,45.667,11.595,2,12,0
-2.713,-0.932,58.422,-4.268,3,0,0
-0.288,7.564,19.950,8.459,13,11,10
3.260,8.663,5.930,6.059,11,11,10
-3.780,-0.506,50.961,-12.588,3,2,0
-3.060,-1.467,55.746,-6.178,3,1,0
-3.912,5.586,47.098,10.363,2,12,0
1.006,6.324,4.131,9.049,10,12,10
4.267,-2.474,54.506,2.668,3,10,0
1.052,8.787,17.013,6.800,13,11,10
-9.742,-3.580,7.634,-7.433,11,1,0
-3.791,-4.318,49.162,-5.441,2,1,0
3.616,9.234,6.955,5.673,11,11,10
-3.825,-3.987,49.033,-5.773,2,1,0
-9.552,4.737,53.513,-4.384,3,0,0
4.685,-6.768,59.437,0.665,3,10,0
-1.958,9.787,37.300,5.838,1,11,0
1.664,1.562,39.592,7.936,1,11,0
1.390,-0.793,54.047,4.292,3,10,0
-0.571,-2.382,59.987,0.220,3,10,0
3.795,6.743,5.806,6.545,11,11,10
-1.194,2.790,21.651,19.194,0,13,0
-2.073,7.281,32.751,8.943,1,12,0
3.848,8.422,2.538,5.911,10,11,10
3.092,-2.835,56.783,2.258,3,10,0
2.301,10.887,18.333,5.244,13,11,10
-9.774,8.910,59.917,-0.350,3,0,0
-2.337,0.947,56.092,10.822,3,12,0
-0.745,10.911,32.734,5.300,1,11,0
-7.502,0.722,17.363,-15.405,13,3,0
-9.001,2.069,36.658,-9.498,1,1,0
-6.163,-4.918,35.071,-6.717,1,1,0
-1.435,8.643,31.810,7.145,0,11,0
-1.764,-3.267,58.251,-2.513,3,0,0
-12.557,-5.611,5.000,-5.221,10,0,0
3.160,-3.785,58.168,1.598,3,10,0
-5.720,8.803,55.360,3.297,3,10,0
-7.517,8.283,59.469,1.106,3,10,0
-5.971,-1.781,25.923,-12.689,0,2,0
-8.864,8.247,59.990,-0.137,3,0,0
-13.016,4.819,48.685,-3.712,2,0,0
4.525,-6.443,59.355,0.731,3,10,0
3.340,2.825,30.415,7.002,0,11,0
-9.051,-4.644,16.422,-6.915,13,1,0
-4.249,6.362,49.971,7.602,2,11,0
-5.980,-2.286,28.479,-11.187,0,2,0
2.867,1.463,39.632,6.540,1,11,0
-2.687,-1.920,56.950,-4.568,3,0,0
4.672,5.050,18.038,6.225,13,11,10
-3.799,-1.165,50.186,-10.369,2,2,0
-0.687,9.178,28.498,6.679,0,11,0
5.060,6.824,9.218,5.776,11,11,10
-0.359,5.297,5.537,12.164,11,12,10
-12.275,10.778,59.621,-0.558,3,0,0
1.372,-2.306,58.110,2.170,3,10,0
-7.930,3.177,48.255,-8.692,2,1,0
-10.336,7.931,59.085,-1.203,3,0,0
-6.367,-6.529,36.627,-5.369,1,1,0
-5.114,-6.875,43.141,-4.662,2,0,0
-11.286,-5.367,8.813,-5.728,11,1,0
3.214,6.642,4.300,6.976,10,11,10
-9.713,5.870,56.727,-2.833,3,0,0
4.656,1.626,38.040,5.356,1,11,0
-0.088,6.325,11.453,10.099,12,12,10
-0.235,-6.365,58.546,-1.431,3,0,0
4.661,-0.163,46.557,4.240,2,10,0
-4.651,-7.202,45.341,-4.260,2,0,0
-8.383,8.581,59.906,0.425,3,10,0
2.914,1.343,40.378,6.391,1,11,0
3.589,2.679,31.577,6.696,0,11,0
4.488,-2.726,54.803,2.514,3,10,0
-7.716,-2.482,13.980,-10.022,12,1,0
-9.188,6.082,57.974,-2.342,3,0,0
-3.042,3.398,19.229,33.541,13,13,10
-8.203,8.217,59.928,0.392,3,10,0
-0.831,-2.208,60.000,0.022,3,10,0
-9.653,-6.966,21.402,-5.288,0,1,0
-5.641,8.086,55.718,3.532,3,10,0
-11.893,-1.732,12.028,-6.732,12,1,0
3.254,9.442,9.246,5.705,11,11,10
-7.445,7.581,59.754,0.827,3,10,0
0.692,10.946,25.786,5.363,0,11,0
-5.201,-0.121,24.034,-22.551,0,3,0
-10.002,7.990,59.388,-1.008,3,0,0
-7.998,7.625,59.980,0.223,3,10,0
-4.432,3.922,54.732,12.479,3,12,0
4.069,2.879,30.592,6.359,0,11,0
-1.379,3.320,10.566,20.126,12,13,10
-3.778,3.042,39.461,42.430,1,13,0
-4.215,1.537,28.337,-103.603,0,3,0
-0.014,-5.593,59.233,-1.115,3,0,0
-11.968,3.640,44.937,-4.887,2,0,0
-1.001,3.043,18.240,18.001,13,13,10
-3.334,1.131,59.997,0.548,3,10,0
-7.400,8.536,59.196,1.329,3,10,0
4.976,10.393,6.487,4.854,11,11,10
-5.325,-4.726,40.137,-6.506,1,1,0
-6.251,0.005,4.884,-19.882,10,3,0
5.092,-4.097,56.633,1.810,3,10,0
-1.207,8.283,29.237,7.621,0,11,0
-8.973,7.720,59.844,-0.571,3,0,0
3.190,5.341,12.421,7.404,12,11,10
-10.157,3.813,48.090,-5.590,2,1,0
-4.561,-3.492,44.094,-7.370,2,1,0
-2.427,-2.990,56.601,-3.805,3,0,0
-13.278,5.566,50.825,-3.208,2,0,0
-12.401,-1.434,15.160,-6.396,13,1,0
-0.556,-1.126,58.918,2.439,3,10,0
-7.014,9.355,58.066,1.901,3,10,0
-10.339,7.324,58.438,-1.643,3,0,0
-11.172,-2.182,6.921,-7.179,11,1,0
-7.861,-4.218,21.788,-7.638,0,1,0
5.071,1.651,37.816,5.131,1,11,0
-2.979,-4.129,53.263,-4.446,3,0,0
-6.416,-1.195,16.579,-14.395,13,2,0
-12.198,6.783,55.284,-2.457,3,0,0
-5.873,0.915,7.090,-27.530,11,3,0
4.854,-4.528,57.460,1.570,3,10,0
2.262,-2.116,56.447,2.714,3,10,0
-9.185,-5.494,18.988,-6.246,13,1,0
2.446,-6.488,59.999,0.034,3,10,0
-12.957,7.747,56.221,-1.969,3,0,0
3.955,1.538,38.720,5.752,1,11,0
-6.718,5.749,59.992,0.211,3,10,0
-10.259,-6.470,17.210,-5.458,13,1,0
1.038,10.157,21.923,5.826,0,11,0
-1.103,9.531,31.875,6.300,0,11,0
4.411,-1.343,51.182,3.459,3,10,0
-2.409,0.655,58.481,6.439,3,11,0
0.279,-6.429,59.096,-1.098,3,0,0
2.244,6.590,0.579,7.742,10,11,10
-0.951,7.769,25.616,8.315,0,11,0
-1.460,8.880,32.560,6.871,0,11,0
-12.459,2.025,36.142,-5.662,1,1,0
-11.275,4.228,48.477,-4.647,2,0,0
3.104,-5.444,59.579,0.690,3,10,0
-13.223,0.160,25.911,-5.754,0,1,0
-11.734,4.756,50.024,-4.035,2,0,0
-4.729,1.197,11.353,-54.316,12,3,0
-0.387,-0.520,56.986,4.263,3,10,0
2.528,3.015,28.200,8.016,0,11,0
-7.788,-2.519,13.665,-9.908,12,1,0
-12.575,-5.415,4.164,-5.280,10,1,0
-13.079,8.222,56.831,-1.748,3,0,0
5.099,-2.366,53.222,2.745,3,10,0
-4.613,-6.700,45.351,-4.505,2,0,0
2.146,8.693,11.005,6.491,12,11,10
-12.220,8.528,58.042,-1.448,3,0,0
-8.586,9.671,59.672,0.701,3,10,0
0.176,8.509,20.963,7.269,0,11,0
5.106,2.788,31.726,5.572,0,11,0
-1.707,-4.973,56.844,-2.616,3,0,0
-10.488,3.979,48.437,-5.220,2,0,0
4.509,5.438,15.394,6.319,13,11,10
-8.761,-2.377,5.984,-9.231,11,1,0
-8.474,-4.210,17.897,-7.482,13,1,0
-4.613,-5.897,45.069,-5.001,2,0,0
-12.329,2.362,38.048,-5.565,1,1,0
-1.607,-6.217,56.152,-2.470,3,0,0
-10.298,4.752,52.210,-4.302,3,0,0
5.191,0.422,43.604,4.420,2,10,0
-6.538,8.403,57.888,2.291,3,10,0
-7.166,8.224,59.105,1.478,3,10,0
-8.156,4.288,54.687,-5.204,3,0,0
-4.238,8.384,49.309,5.351,2,11,0
0.834,3.187,23.514,11.089,0,12,0
-4.270,-6.068,46.768,-4.656,2,0,0
-4.775,-5.161,43.847,-5.686,2,1,0
-11.318,-2.605,4.906,-6.916,10,1,0
-1.875,-7.245,54.844,-2.565,3,0,0
-0.616,2.514,28.385,15.442,0,13,0
-1.388,-1.844,59.935,-0.601,3,0,0
-5.982,3.318,56.554,-8.419,3,1,0
0.208,3.502,17.773,12.826,13,12,10
-3.870,-3.143,48.896,-6.759,2,1,0
-0.770,-6.503,57.656,-1.826,3,0,0
-3.280,2.537,0.166,66.765,10,13,10
-3.778,10.928,47.090,4.163,2,10,0
1.997,-4.294,59.585,0.811,3,10,0
-10.197,9.340,59.900,-0.360,3,0,0
5.201,-3.763,55.988,1.987,3,10,0
4.997,10.261,5.948,4.888,11,11,10
-1.432,6.533,24.013,10.554,0,12,0
-12.751,-4.328,1.048,-5.555,10,1,0
-3.734,-6.343,49.124,-4.127,2,0,0
-7.836,-7.161,30.371,-5.210,0,0,0
2.734,2.770,30.314,7.640,0,11,0
-0.751,3.527,12.156,16.366,12,13,10
-2.900,-3.973,53.727,-4.398,3,0,0
-13.342,1.866,35.310,-5.192,1,0,0
-6.482,2.425,43.579,-16.381,2,3,0
3.523,8.493,4.112,6.024,10,11,10
-5.723,8.521,55.605,3.342,3,10,0
-2.483,0.859,57.621,8.813,3,12,0
-10.516,1.817,34.635,-7.516,1,1,0
-13.268,1.496,33.343,-5.374,1,1,0
1.474,-0.963,54.508,4.029,3,10,0
4.714,-6.982,59.519,0.606,3,10,0
3.767,-1.098,51.221,3.737,3,10,0
3.838,2.646,31.933,6.459,0,11,0
2.015,9.145,13.532,6.259,12,11,10
-9.593,-4.634,13.494,-6.738,12,1,0
0.294,0.183,51.856,6.473,3,11,0
-12.958,-4.106,2.713,-5.529,10,1,0
-3.155,-1.456,55.179,-6.623,3,1,0
-0.675,-6.111,58.069,-1.723,3,0,0
-9.776,1.261,29.620,-8.961,0,1,0
-3.499,8.537,45.110,6.034,2,11,0
-5.115,-4.972,41.714,-6.109,1,1,0
-11.879,-2.889,5.280,-6.445,11,1,0
-1.051,-4.236,58.784,-1.743,3,0,0
4.346,-2.885,55.317,2.403,3,10,0
2.978,9.776,11.680,5.633,12,11,10
-6.147,11.030,55.026,2.577,3,10,0
0.114,8.122,19.760,7.681,13,11,10
-13.007,4.559,47.749,-3.880,2,0,0
-12.044,1.186,30.983,-6.355,0,1,0
0.029,-7.157,58.434,-1.361,3,0,0
-4.136,2.597,54.810,39.879,3,13,0
-13.221,-5.050,0.556,-5.169,10,0,0
3.795,7.993,0.718,6.102,10,11,10
-4.722,7.753,52.108,5.130,3,11,0
-5.862,-7.086,39.796,-4.841,1,0,0
-11.605,-3.507,1.005,-6.389,10,1,0
-7.655,0.650,17.146,-14.757,13,2,0
-9.706,2.908,43.093,-7.226,2,1,0
-1.734,1.755,40.941,19.243,1,13,0
0.696,6.895,9.716,8.728,11,11,10
-3.110,4.207,31.061,21.571,0,13,0
-2.850,8.080,40.476,7.158,1,11,0
-3.410,8.234,44.392,6.446,2,11,0
-0.802,-4.083,59.239,-1.386,3,0,0
-9.835,-0.241,16.400,-9.233,13,1,0
-11.415,-0.116,21.447,-7.267,0,1,0
-7.581,7.085,59.973,0.289,3,10,0
-2.815,-0.478,58.833,-4.286,3,0,0
-12.404,-6.423,8.551,-4.991,11,0,0
-5.964,-4.160,34.800,-7.560,1,1,0
4.601,5.252,16.700,6.267,13,11,10
-2.748,10.623,42.330,4.880,2,11,0
-8.931,0.785,23.470,-10.874,0,2,0
-2.910,-1.379,56.735,-5.498,3,1,0
-8.216,-1.119,0.392,-11.441,10,2,0
-3.938,1.654,53.605,-76.743,3,3,0
-4.620,-4.778,44.524,-5.909,2,1,0
-0.551,4.994,4.279,13.102,10,13,10
0.554,3.577,18.307,11.856,13,12,10
4.333,8.567,1.435,5.654,10,11,10
-7.366,-0.209,3.764,-14.876,10,3,0
-6.094,-2.719,29.276,-10.145,0,2,0
-1.094,4.979,9.220,14.248,11,13,10
-3.918,9.743,47.615,4.715,2,11,0
-8.407,-1.387,0.707,-10.794,10,2,0
-11.761,6.089,54.223,-2.928,3,0,0
-12.390,-3.378,4.403,-6.004,10,1,0
-7.709,0.027,9.233,-14.112,11,2,0
-0.424,7.309,19.700,8.853,13,12,10
-1.899,-3.839,57.354,-2.840,3,0,0
2.627,2.484,32.410,7.599,0,11,0
1.258,0.775,45.953,7.146,2,11,0
-8.404,5.408,57.847,-2.861,3,0,0
-7.801,2.647,43.540,-10.707,2,2,0
0.840,3.168,23.736,11.067,0,12,0
-10.320,-0.731,14.008,-8.474,12,1,0
-8.425,9.683,59.562,0.816,3,10,0
4.725,-0.248,46.839,4.162,2,10,0
2.307,11.279,19.461,5.059,13,11,10
-9.603,-5.837,18.109,-5.938,13,1,0
-1.989,7.931,33.896,7.905,1,11,0
-4.043,9.270,48.214,4.912,2,11,0
-8.423,4.006,52.614,-5.939,3,1,0
-0.093,-0.339,55.543,4.983,3,11,0
2.003,4.019,18.822,8.995,13,12,10
-1.640,-2.373,59.339,-1.787,3,0,0
-1.206,-3.590,59.031,-1.719,3,0,0
-7.468,9.257,58.831,1.466,3,10,0
-9.087,10.405,59.704,0.605,3,10,0
1.586,0.377,47.962,6.198,2,11,0
-9.179,-5.867,20.297,-5.995,0,1,0
0.471,10.104,24.635,5.911,0,11,0
-2.528,-2.485,56.835,-4.074,3,0,0
-8.423,4.107,53.146,-5.684,3,1,0
-6.341,8.785,57.117,2.560,3,10,0
-0.132,-1.768,59.280,1.716,3,10,0
-12.234,-0.463,20.732,-6.551,0,1,0
-0.540,7.756,22.592,8.276,0,11,0
-2.242,7.137,33.756,9.137,1,12,0
2.504,-4.059,59.059,1.191,3,10,0
-2.719,10.186,41.858,5.188,2,11,0
-0.898,2.237,32.240,16.264,0,13,0
-7.216,-2.923,20.495,-9.590,0,1,0
-0.214,1.205,45.096,10.230,2,12,0
2.719,-2.278,56.147,2.656,3,10,0
-11.146,8.072,58.514,-1.415,3,0,0
-12.911,6.581,53.962,-2.618,3,0,0
-0.725,0.237,54.448,6.777,3,11,0
1.814,5.998,2.462,8.496,10,11,10
-9.978,-3.823,7.708,-7.130,11,1,0
0.495,6.566,8.948,9.259,11,12,10
-2.864,4.789,30.877,17.085,0,13,0
-7.786,-2.144,11.156,-10.502,12,2,0
2.241,1.060,42.744,6.671,2,11,0
-5.889,1.781,30.225,-27.260,0,3,0
4.075,2.663,31.952,6.268,0,11,0
2.258,-5.955,59.984,0.137,3,10,0
-7.650,-6.047,28.844,-5.954,0,1,0
-2.169,0.287,59.082,4.168,3,10,0
-7.601,1.219,25.007,-14.801,0,2,0
-9.700,9.144,59.973,-0.197,3,0,0
-1.878,5.970,25.360,12.079,0,12,0
1.403,7.150,7.063,7.982,11,11,10
-3.004,8.934,42.395,6.061,2,11,0
3.743,1.034,41.664,5.533,1,11,0
-0.712,-4.639,58.991,-1.479,3,0,0
-9.344,-4.889,15.860,-6.637,13,1,0
-4.173,1.354,37.085,-70.530,1,3,0
-2.433,-0.545,59.749,-1.835,3,0,0
-5.770,-0.653,19.946,-17.744,13,3,0
-9.057,-1.972,1.339,-9.328,10,1,0
-13.065,-3.404,6.343,-5.654,11,1,0
-2.298,5.312,26.245,14.488,0,13,0
-13.198,9.860,58.551,-1.083,3,0,0
-10.208,5.014,53.348,-3.979,3,0,0
-7.884,8.319,59.744,0.746,3,10,0
-7.872,-5.870,27.179,-6.099,0,1,0
-3.523,-1.589,52.323,-8.112,3,1,0
-12.174,7.517,56.693,-1.992,3,0,0
0.746,-0.665,54.892,4.451,3,10,0
-9.908,0.820,25.901,-8.983,0,1,0
1.040,-5.349,59.946,-0.285,3,0,0
-6.751,8.003,58.634,1.928,3,10,0
-0.640,-5.780,58.340,-1.654,3,0,0
3.072,7.643,1.801,6.628,10,11,10
-11.522,-1.992,9.298,-6.961,11,1,0
-5.748,7.870,56.277,3.397,3,10,0
-3.222,0.647,59.556,-4.665,3,0,0
-3.238,-1.872,54.052,-6.601,3,1,0
-12.701,-4.395,0.580,-5.556,10,1,0
3.815,3.398,26.984,6.750,0,11,0
-4.941,3.217,59.993,-0.579,3,0,0
-3.314,5.416,39.976,12.841,1,12,0
-1.467,-2.819,59.237,-1.752,3,0,0
-12.746,-1.710,14.399,-6.131,12,1,0
-4.962,9.742,52.072,3.821,3,10,0
-6.602,-4.773,31.894,-7.004,0,1,0
3.993,-4.738,58.463,1.291,3,10,0
4.367,-1.864,52.809,3.090,3,10,0
-5.710,-6.873,40.322,-4.917,1,0,0
-13.195,-2.127,13.189,-5.808,12,1,0
-9.361,5.914,57.378,-2.643,3,0,0
-0.644,6.668,17.963,9.958,13,12,10
-3.492,6.530,43.688,9.022,2,12,0
4.905,-4.523,57.407,1.581,3,10,0
0.045,0.458,50.734,7.400,2,11,0
-10.315,7.155,58.242,-1.769,3,0,0
4.728,-3.810,56.566,1.908,3,10,0
3.523,7.748,0.534,6.337,10,11,10
4.065,2.539,32.719,6.222,1,11,0
-0.266,8.723,24.482,7.123,0,11,0
-1.459,3.788,1.823,19.301,10,13,10
-10.837,3.067,42.972,-6.052,2,1,0
2.065,-6.041,60.000,0.016,3,10,0
-13.093,6.349,53.189,-2.755,3,0,0
-8.067,10.605,58.780,1.265,3,10,0
-4.609,2.723,59.904,-3.594,3,0,0
-2.914,4.999,32.880,15.735,1,13,0
-4.439,3.500,56.181,13.476,3,13,0
-2.361,2.900,8.451,31.775,11,13,10
-8.263,7.740,59.999,0.040,3,10,0
-13.046,5.585,51.154,-3.223,3,0,0
-10.796,7.889,58.640,-1.412,3,0,0
3.565,-0.878,50.715,3.961,2,10,0
-1.092,6.873,22.770,9.783,0,12,0
-11.379,6.315,55.307,-2.721,3,0,0
-5.495,-1.065,27.353,-15.658,0,3,0
0.015,-4.091,59.889,-0.499,3,0,0
-10.345,-4.764,10.383,-6.372,12,1,0
-0.959,1.281,46.084,12.296,2,12,0
3.964,-5.928,59.377,0.767,3,10,0
-5.080,-4.874,41.830,-6.182,2,1,0
2.101,-1.156,54.030,3.798,3,10,0
-10.125,3.593,46.921,-5.909,2,1,0
-12.881,9.535,58.505,-1.143,3,0,0
0.986,2.419,31.858,10.162,0,12,0
-6.381,-3.689,30.378,-8.390,0,1,0
4.596,3.907,24.746,6.208,0,11,0
4.548,-6.913,59.561,0.586,3,10,0
-4.571,-4.619,44.730,-6.019,2,1,0
-4.917,-3.135,40.920,-8.413,1,1,0
-4.748,10.273,51.045,3.796,3,10,0
-7.532,-1.441,7.712,-12.067,11,2,0
-7.408,1.437,27.692,-15.410,0,3,0
1.236,3.033,26.032,10.130,0,12,0
-6.372,0.035,2.893,-19.459,10,3,0
-13.156,-0.132,24.178,-5.842,0,1,0
0.231,2.694,27.759,12.407,0,12,0
-4.363,-1.843,44.398,-10.456,2,2,0
2.441,10.785,17.424,5.270,13,11,10
-3.621,5.619,43.990,11.214,2,12,0
3.751,-6.972,59.857,0.349,3,10,0
-11.105,6.220,55.464,-2.769,3,0,0
-7.827,-1.484,5.691,-11.542,11,2,0
-1.071,8.197,28.013,7.741,0,11,0
-8.845,5.020,55.941,-3.800,3,0,0
1.771,2.012,35.902,8.331,1,11,0
-2.635,3.388,8.987,30.473,11,13,10
-5.968,4.430,59.958,-0.716,3,0,0
-10.123,7.681,59.037,-1.282,3,0,0
-1.025,-6.752,57.033,-2.016,3,0,0
-2.718,6.654,36.717,9.829,1,12,0
-6.970,4.672,58.865,-2.908,3,0,0
-5.167,-4.133,40.423,-7.102,1,1,0
-2.902,-5.831,52.532,-3.666,3,0,0
0.948,-3.827,59.890,0.475,3,10,0
-1.931,-0.689,59.995,0.218,3,10,0
-2.433,-0.752,59.525,-2.379,3,0,0
-8.645,-6.270,24.220,-5.787,0,1,0
-8.423,-4.585,19.773,-7.141,13,1,0
-4.248,-7.093,46.999,-4.100,2,0,0
-4.473,5.694,52.181,7.953,3,11,0
4.362,-6.229,59.327,0.764,3,10,0
-11.357,2.702,40.395,-6.003,1,1,0
-11.788,1.431,32.408,-6.466,0,1,0
4.955,1.498,38.632,5.118,1,11,0
-5.150,-2.485,37.557,-10.106,1,2,0
5.280,-5.193,57.859,1.353,3,10,0
0.980,10.942,24.421,5.355,0,11,0
-8.510,5.994,58.774,-2.003,3,0,0
-0.690,-6.075,58.068,-1.731,3,0,0
-11.178,-6.836,14.559,-5.113,13,0,0
-8.774,5.260,56.798,-3.345,3,0,0
4.348,-6.753,59.581,0.585,3,10,0
-5.581,7.296,56.291,3.758,3,10,0
-6.278,2.729,48.909,-14.530,2,2,0
-9.061,8.352,59.974,-0.216,3,0,0
-9.930,1.603,32.714,-8.463,1,1,0
-9.598,4.282,51.456,-5.104,3,0,0
2.565,-2.612,57.050,2.316,3,10,0
-8.976,8.020,59.933,-0.363,3,0,0
-5.996,10.406,55.017,2.771,3,10,0
-11.223,2.206,37.356,-6.497,1,1,0
3.715,7.918,0.650,6.171,10,11,10
4.531,11.287,10.998,4.677,12,11,10
2.746,5.250,11.597,7.862,12,11,10
-8.284,-4.760,21.274,-7.010,0,1,0
0.302,9.312,23.115,6.526,0,11,0
-12.220,9.912,59.224,-0.843,3,0,0
3.369,9.140,7.547,5.801,11,11,10
-2.460,0.423,59.493,3.532,3,10,0
-8.237,6.158,59.314,-1.524,3,0,0
4.515,4.003,24.052,6.284,0,11,0
-11.314,0.088,22.693,-7.347,0,1,0
-9.134,-2.561,4.968,-8.707,10,1,0
2.376,-4.950,59.707,0.628,3,10,0
-10.470,0.534,24.505,-8.255,0,1,0
-1.652,-1.483,59.924,-0.717,3,0,0
-2.900,-6.161,52.380,-3.553,3,0,0
-11.865,1.629,33.701,-6.305,1,1,0
5.346,10.062,4.092,4.850,10,11,10
-7.380,-1.490,9.438,-12.196,11,2,0
-1.114,8.834,30.211,6.988,0,11,0
1.732,-6.204,59.966,-0.202,3,0,0
-10.314,5.512,54.793,-3.384,3,0,0
-3.719,1.664,59.917,7.198,3,11,0
-7.732,2.750,44.753,-10.498,2,2,0
-4.890,10.053,51.664,3.765,3,10,0
3.716,6.361,7.725,6.714,11,11,10
-13.191,0.915,30.124,-5.607,0,1,0
5.344,2.440,33.703,5.306,1,11,0
1.096,-2.393,58.607,1.910,3,10,0
-1.370,-2.538,59.581,-1.350,3,0,0
-10.222,0.304,22.113,-8.649,0,1,0
1.238,7.336,9.036,7.933,11,11,10
1.654,2.826,28.681,9.223,0,12,0
-3.206,7.347,42.190,7.892,2,11,0
-5.210,1.254,5.466,-42.028,11,3,0
0.383,-3.880,60.000,-0.024,3,0,0
4.145,-6.938,59.727,0.473,3,10,0
-2.728,10.647,42.252,4.874,2,11,0
0.977,8.229,15.025,7.286,13,11,10
-2.702,4.011,20.808,23.507,0,13,0
-1.585,-2.376,59.419,-1.666,3,0,0
-1.681,10.864,37.328,5.127,1,11,0
1.576,-0.388,51.992,4.937,3,11,0
0.301,-2.132,59.215,1.622,3,10,0
5.117,-3.110,54.871,2.322,3,10,0
2.890,9.186,9.732,5.947,11,11,10
-9.857,4.321,51.150,-4.978,3,0,0
-9.236,9.112,59.998,0.060,3,10,0
-5.761,-6.613,39.817,-5.105,1,0,0
-4.560,-2.146,42.753,-10.061,2,2,0
2.761,6.857,1.237,7.206,10,11,10
-5.070,9.195,52.774,3.925,3,10,0
0.790,-5.317,59.878,-0.438,3,0,0
3.045,10.738,14.773,5.181,13,11,10
-11.730,4.726,49.915,-4.062,2,0,0
0.613,4.631,7.487,11.210,11,12,10
-0.479,-6.267,58.269,-1.592,3,0,0
3.419,1.710,37.848,6.270,1,11,0
-7.897,-4.540,22.809,-7.290,0,1,0
-4.685,-0.013,33.839,-23.303,1,3,0
0.855,-0.172,52.464,5.474,3,11,0
-4.527,3.319,57.927,11.009,3,12,0
-6.977,-1.371,12.148,-13.064,12,2,0
-7.321,5.553,59.650,-1.331,3,0,0
-4.845,3.355,59.780,3.218,3,10,0
5.022,-3.014,54.783,2.371,3,10,0
-12.084,-2.964,5.563,-6.298,11,1,0
-0.221,6.764,15.234,9.544,13,12,10
-9.803,-0.175,16.867,-9.291,13,1,0
-5.366,0.377,13.525,-27.558,12,3,0
-0.130,10.824,29.497,5.423,0,11,0
-9.302,1.548,31.797,-9.562,0,1,0
-4.284,-4.008,46.249,-6.355,2,1,0
-3.695,-3.155,50.045,-6.409,2,1,0
-2.520,-1.576,58.119,-3.851,3,0,0
-7.468,1.653,31.036,-14.732,0,2,0
4.292,9.167,4.151,5.461,10,11,10
-0.814,11.186,33.554,5.116,1,11,0
-6.885,-6.623,34.097,-5.430,1,1,0
-6.689,1.102,18.949,-20.083,13,3,0
-4.256,8.182,49.447,5.493,2,11,0
-7.497,2.348,40.576,-12.579,1,2,0
2.676,-3.935,58.797,1.338,3,10,0
3.650,-4.786,58.784,1.175,3,10,0
-0.408,10.427,30.040,5.669,0,11,0
-1.998,5.458,23.503,13.815,0,13,0
1.002,-2.837,59.247,1.362,3,10,0
-11.489,0.818,28.073,-6.994,0,1,0
-2.507,-2.303,57.148,-4.013,3,0,0
-12.530,8.314,57.493,-1.617,3,0,0
0.695,10.343,24.177,5.736,0,11,0
-10.474,-6.725,17.095,-5.294,13,1,0
0.466,8.849,20.546,6.894,0,11,0
-9.195,-0.293,13.551,-10.292,12,2,0
2.497,-7.134,59.981,-0.135,3,0,0
-8.355,-4.922,21.459,-6.851,0,1,0
4.373,-6.520,59.468,0.667,3,10,0
-3.388,5.775,41.619,11.300,1,12,0
-4.464,-2.435,43.991,-9.149,2,1,0
-7.162,-3.174,22.179,-9.194,0,1,0
2.632,-7.295,59.983,-0.125,3,0,0
-10.995,8.855,59.308,-0.928,3,0,0
4.995,0.930,41.420,4.792,1,11,0
1.113,9.201,18.293,6.470,13,11,10
2.013,0.514,46.466,6.128,2,11,0
3.095,1.228,40.980,6.141,1,11,0
-0.393,11.070,31.302,5.244,0,11,0
-6.822,-0.287,2.257,-16.508,10,3,0
0.435,6.793,10.783,9.038,12,12,10
-11.750,-3.359,2.308,-6.363,10,1,0
-5.754,0.374,6.242,-24.948,11,3,0
-10.944,-4.567,6.825,-6.237,11,1,0
-7.892,6.916,59.979,-0.251,3,0,0
-3.963,-2.863,48.270,-7.328,2,1,0
-9.653,-6.137,18.879,-5.748,13,1,0
-4.827,11.089,51.064,3.452,3,10,0
-8.245,4.427,55.077,-4.867,3,0,0
-4.688,2.910,59.999,-0.217,3,0,0
-9.152,7.098,59.352,-1.213,3,0,0
0.539,6.889,10.684,8.850,12,12,10
-2.640,-5.739,53.508,-3.455,3,0,0
1.980,-7.083,59.887,-0.338,3,0,0
-8.827,0.290,17.904,-11.183,13,2,0
-7.623,1.984,35.792,-13.293,1,2,0
-6.426,-1.144,16.003,-14.562,13,2,0
-8.425,-6.002,24.584,-5.986,0,1,0
-5.229,-6.763,42.537,-4.782,2,0,0
-11.759,-3.999,0.880,-6.117,10,1,0
-7.362,10.922,57.611,1.758,3,10,0
1.520,-6.956,59.751,-0.519,3,0,0
0.369,-4.205,59.973,-0.237,3,0,0
-10.322,7.025,58.048,-1.880,3,0,0
-9.611,0.632,23.606,-9.552,0,1,0
-2.554,6.470,34.586,10.436,1,12,0
0.004,-0.243,54.864,5.292,3,11,0
-3.734,-1.678,50.474,-8.797,2,1,0
-0.740,0.539,52.479,8.141,3,11,0
1.617,11.344,22.589,5.099,0,11,0
-6.457,0.134,0.353,-19.446,10,3,0
1.765,-1.638,56.062,3.136,3,10,0
-7.463,2.742,45.255,-11.125,2,2,0
-6.423,-5.270,34.154,-6.437,1,1,0
-7.834,11.307,58.093,1.491,3,10,0
-5.078,8.513,53.232,4.193,3,10,0
-10.958,0.918,28.200,-7.521,0,1,0
-11.236,6.207,55.248,-2.796,3,0,0
-7.189,9.481,58.273,1.757,3,10,0
-6.698,11.279,56.143,2.190,3,10,0
-3.823,10.914,47.277,4.144,2,10,0
-5.392,-1.546,31.531,-13.401,0,2,0
1.409,-0.401,52.377,4.946,3,11,0
-7.085,9.221,58.284,1.815,3,10,0
-1.597,1.366,47.058,14.975,2,13,0
0.880,-1.668,57.618,2.742,3,10,0
-10.173,8.349,59.510,-0.864,3,0,0
-8.723,-3.677,13.873,-7.905,12,1,0
-7.160,-4.935,28.750,-6.910,0,1,0
3.000,1.346,40.310,6.322,1,11,0
-10.472,1.852,34.894,-7.540,1,1,0
-5.577,1.176,9.669,-33.274,11,3,0
-13.302,-1.287,17.949,-5.803,13,1,0
2.325,3.008,28.001,8.286,0,11,0
0.839,2.040,35.606,9.979,1,12,0
-10.138,-5.552,14.544,-5.982,13,1,0
-9.101,6.600,58.880,-1.680,3,0,0
-4.743,-2.602,41.647,-9.265,1,1,0
-9.441,8.556,59.927,-0.347,3,0,0
-0.583,-7.258,57.496,-1.738,3,0,0
4.790,7.188,6.606,5.843,11,11,10
1.778,-5.605,59.999,0.039,3,10,0
-1.173,-0.332,58.315,3.854,3,10,0
-5.293,0.354,15.508,-27.687,13,3,0
-5.435,-6.454,41.300,-5.076,1,0,0
-11.264,8.774,59.065,-1.062,3,0,0
-12.439,5.438,51.449,-3.388,3,0,0
3.762,3.888,23.639,6.903,0,11,0
-6.684,-4.805,31.443,-6.985,0,1,0
1.942,0.605,46.018,6.308,2,11,0
-3.425,2.148,22.884,93.426,0,13,0
3.140,6.239,6.452,7.184,11,11,10
-2.153,10.651,39.425,5.113,1,11,0
1.208,-1.175,55.723,3.648,3,10,0
-5.302,2.770,55.416,-15.210,3,3,0
0.577,1.860,37.450,10.238,1,12,0
1.558,-3.772,59.547,0.919,3,10,0
1.733,7.134,5.200,7.767,10,11,10
-6.194,-4.819,34.667,-6.837,1,1,0
-0.076,6.947,15.237,9.191,13,12,10
-8.944,5.104,56.013,-3.684,3,0,0
-2.334,4.980,24.333,16.064,0,13,0
-1.912,-1.710,59.487,-1.839,3,0,0
1.705,2.608,30.714,8.983,0,12,0
-2.806,10.695,42.654,4.808,2,11,0
-7.479,-3.719,22.296,-8.322,0,1,0
-9.176,0.804,24.273,-10.329,0,2,0
-11.443,-0.480,18.981,-7.256,13,1,0
-6.588,-4.876,32.245,-6.887,0,1,0
-6.664,1.068,18.134,-20.267,13,3,0
-11.743,5.569,52.787,-3.345,3,0,0
0.872,2.151,34.493,10.072,1,12,0
0.839,0.292,49.924,6.485,2,11,0
-7.641,-3.431,19.823,-8.660,13,1,0
-7.828,-2.229,11.429,-10.327,12,2,0
3.402,4.450,19.095,7.295,13,11,10
3.410,-6.391,59.809,0.428,3,10,0
1.768,-6.676,59.903,-0.327,3,0,0
-8.250,1.284,27.529,-12.369,0,2,0
3.314,-5.515,59.506,0.733,3,10,0
-0.528,3.059,20.436,15.540,0,13,0
-5.323,-2.940,37.049,-9.229,1,1,0
-7.008,-0.030,2.993,-16.513,10,3,0
4.688,-6.393,59.242,0.787,3,10,0
4.442,-2.455,54.242,2.687,3,10,0
-12.675,2.933,40.928,-5.029,1,0,0
0.152,5.074,0.369,11.614,10,12,10
4.038,3.830,24.448,6.647,0,11,0
0.828,6.389,5.645,9.155,11,12,10
2.138,3.028,27.575,8.562,0,11,0
-13.252,6.229,52.696,-2.820,3,0,0
-6.526,4.017,58.083,-4.655,3,0,0
4.128,-4.651,58.258,1.367,3,10,0
4.540,8.899,2.159,5.462,10,11,10
-12.627,-2.041,12.242,-6.165,12,1,0
-0.450,-1.507,59.345,1.772,3,10,0
-3.273,0.541,59.017,-6.636,3,1,0
4.116,2.135,35.196,5.986,1,11,0
3.580,6.051,9.123,6.900,11,11,10
-0.656,2.807,23.740,16.020,0,13,0
4.429,6.735,7.878,6.152,11,11,10
-12.904,8.553,57.445,-1.567,3,0,0
-11.588,4.384,48.734,-4.401,2,0,0
-4.247,0.097,42.960,-21.827,2,3,0
-10.029,8.316,59.578,-0.813,3,0,0
-2.146,5.585,26.103,13.387,0,13,0
-4.137,-5.016,47.290,-5.262,2,1,0
-7.961,6.473,59.802,-0.815,3,0,0
1.914,7.574,6.723,7.337,11,11,10
-7.609,10.903,58.008,1.596,3,10,0
0.777,6.395,6.007,9.196,11,12,10
2.349,3.904,20.692,8.497,0,11,0
-3.430,10.937,45.609,4.353,2,10,0
-11.751,-4.727,4.275,-5.831,10,1,0
4.719,1.071,40.882,5.009,1,11,0
-5.723,8.829,55.350,3.288,3,10,0
2.514,4.451,16.787,8.277,13,11,10
-6.996,8.918,58.353,1.852,3,10,0
-11.424,4.873,50.896,-3.991,3,0,0
0.862,2.878,26.903,10.855,0,12,0
-2.523,10.906,41.463,4.804,1,11,0
-2.216,0.996,54.919,11.804,3,12,0
2.485,-3.697,58.725,1.425,3,10,0
-10.015,7.866,59.286,-1.099,3,0,0
1.593,-4.471,59.856,0.485,3,10,0
-6.349,2.156,39.106,-19.332,1,3,0
-2.641,-5.710,53.519,-3.464,3,0,0
-9.747,4.920,53.837,-4.109,3,0,0
-11.090,-1.764,9.290,-7.384,11,1,0
-9.546,-6.567,20.728,-5.517,0,1,0
-4.001,7.115,48.009,7.035,2,11,0
-3.699,-5.953,49.326,-4.293,2,0,0
3.584,8.726,4.915,5.899,10,11,10
-10.685,-3.158,0.818,-7.105,10,1,0
-4.854,3.113,59.996,-0.467,3,0,0
-9.699,-6.143,18.686,-5.736,13,1,0
2.296,6.115,3.875,7.961,10,11,10
2.562,-2.074,55.903,2.821,3,10,0
-13.232,1.888,35.414,-5.246,1,0,0
-5.430,0.995,1.851,-34.316,10,3,0
1.517,5.858,1.992,8.907,10,12,10
-0.574,0.636,51.203,8.481,3,11,0
-5.371,-0.779,27.121,-17.271,0,3,0
1.393,2.364,32.685,9.309,1,12,0
4.090,-2.493,54.777,2.646,3,10,0
-7.288,7.148,59.831,0.737,3,10,0
-12.963,-0.766,20.245,-6.022,0,1,0
5.175,0.077,45.081,4.224,2,10,0
-12.444,1.026,30.260,-6.095,0,1,0
-9.306,-3.455,9.311,-7.789,11,1,0
0.905,-2.823,59.324,1.306,3,10,0
-9.960,1.033,27.844,-8.803,0,1,0
2.905,9.226,9.835,5.922,11,11,10
1.851,-4.147,59.588,0.827,3,10,0
0.083,1.613,40.369,10.824,1,12,0
2.561,10.717,16.705,5.282,13,11,10
0.463,-2.911,59.735,0.849,3,10,0
-12.584,3.164,42.122,-4.933,2,0,0
-4.639,10.676,50.516,3.721,2,10,0
-0.523,-2.305,59.961,0.389,3,10,0
-12.264,-6.698,9.999,-4.931,12,0,0
5.132,3.914,25.386,5.827,0,11,0
-9.937,2.171,37.364,-7.904,1,1,0
-10.351,5.539,54.810,-3.357,3,0,0
-10.240,3.344,45.298,-6.164,2,1,0
-1.772,10.393,37.154,5.425,1,11,0
-5.141,10.222,52.494,3.501,3,10,0
-13.330,8.659,57.187,-1.584,3,0,0
-0.188,-0.879,57.656,3.476,3,10,0
1.177,11.015,23.696,5.302,0,11,0
-4.756,-2.123,40.715,-10.514,1,2,0
0.651,-6.689,59.307,-0.922,3,0,0
2.293,5.522,7.974,8.246,11,11,10
1.486,0.949,44.390,7.226,2,11,0
-6.802,-0.685,7.220,-15.349,11,3,0
0.944,10.629,23.754,5.540,0,11,0
-3.118,-4.013,52.714,-4.715,3,0,0
-1.806,-4.834,56.707,-2.731,3,0,0
-2.134,-6.105,54.852,-2.924,3,0,0
-2.474,8.136,37.896,7.357,1,11,0
-4.943,3.890,59.022,5.109,3,11,0
-3.940,3.010,45.793,38.323,2,13,0
1.730,0.142,49.050,5.737,2,11,0
-8.449,-2.830,10.918,-8.984,12,1,0
-1.507,8.077,30.744,7.844,0,11,0
-3.233,5.140,38.084,14.343,1,13,0
-8.372,5.526,58.156,-2.628,3,0,0
-10.045,-4.990,12.756,-6.344,12,1,0
-13.242,-6.693,6.665,-4.700,11,0,0
-4.875,6.145,54.399,5.975,3,11,0
-6.285,1.335,21.163,-23.593,0,3,0
-2.177,-6.951,54.219,-2.813,3,0,0
-9.194,-7.105,23.856,-5.252,0,0,0
0.818,-6.980,59.316,-0.886,3,0,0
2.400,4.781,13.884,8.365,12,11,10
-1.030,7.748,26.121,8.349,0,11,0
-3.486,11.301,45.941,4.143,2,10,0
2.885,-3.215,57.679,1.913,3,10,0
-13.231,2.759,39.812,-4.846,1,0,0
4.370,9.252,4.223,5.404,10,11,10
-7.347,-4.310,25.535,-7.601,0,1,0
-9.675,0.828,25.548,-9.369,0,1,0
3.104,1.464,39.511,6.338,1,11,0
4.019,2.335,33.963,6.163,1,11,0
-12.661,3.727,44.689,-4.533,2,0,0
3.003,7.862,3.207,6.560,10,11,10
3.256,9.300,8.664,5.768,11,11,10
-5.219,-5.966,42.003,-5.317,2,1,0
-8.995,10.545,59.607,0.692,3,10,0
-7.006,6.704,59.832,0.804,3,10,0
3.977,-4.350,58.060,1.484,3,10,0
-11.714,2.218,37.340,-6.086,1,1,0
-0.330,-5.813,58.751,-1.411,3,0,0
-2.584,8.390,39.076,6.957,1,11,0
-2.953,1.474,53.721,22.805,3,13,0
-10.262,-5.613,14.201,-5.914,12,1,0
0.642,-1.480,57.596,2.898,3,10,0
-1.114,-1.092,59.654,1.522,3,10,0
-4.284,-4.347,46.340,-5.999,2,1,0
-9.301,-4.299,13.546,-7.100,12,1,0
-5.431,-0.326,22.022,-20.436,0,3,0
-12.080,5.813,53.041,-3.139,3,0,0
-12.356,-0.393,21.393,-6.450,0,1,0
-9.252,7.829,59.758,-0.686,3,0,0
-12.149,-0.385,21.068,-6.616,0,1,0
-3.937,2.842,45.194,46.723,2,13,0
-7.848,-4.692,23.670,-7.142,0,1,0
0.579,0.990,45.495,8.342,2,11,0
1.150,-1.349,56.348,3.355,3,10,0
-4.289,-3.869,46.169,-6.521,2,1,0
-3.114,1.300,58.001,13.605,3,13,0
-7.410,6.429,59.995,-0.135,3,0,0
2.479,5.016,12.380,8.216,12,11,10
-5.980,2.921,52.884,-12.978,3,2,0
4.178,-1.602,52.294,3.292,3,10,0
-5.689,4.936,59.558,2.147,3,10,0
-2.520,10.726,41.302,4.917,1,11,0
-9.535,-4.923,15.012,-6.554,13,1,0
-9.323,3.962,50.377,-5.745,2,1,0
-12.105,4.538,48.699,-4.127,2,0,0
-5.866,1.613,25.502,-28.504,0,3,0
-2.387,8.653,38.166,6.763,1,11,0
-7.513,5.095,58.744,-2.608,3,0,0
1.114,-7.025,59.510,-0.738,3,0,0
-6.404,9.647,56.586,2.489,3,10,0
-10.595,0.959,28.077,-7.942,0,1,0
-5.746,-0.369,17.279,-19.523,13,3,0
-5.956,1.157,14.073,-27.385,12,3,0
0.566,0.742,47.454,7.752,2,11,0
3.974,7.229,3.786,6.280,10,11,10
2.025,-2.846,58.136,1.919,3,10,0
-4.085,-0.491,46.737,-15.097,2,3,0
-11.026,4.817,51.279,-4.115,3,0,0
2.055,4.066,18.574,8.917,13,12,10
4.874,-3.436,55.772,2.126,3,10,0
-1.730,4.902,15.621,15.723,13,13,10
3.903,-3.696,57.271,1.836,3,10,0
-0.256,7.259,18.224,8.855,13,12,10
5.242,-6.909,59.231,0.746,3,10,0
-8.322,9.936,59.372,0.958,3,10,0
-4.137,4.059,50.284,15.866,2,13,0
3.213,-5.124,59.343,0.873,3,10,0
4.996,1.935,36.344,5.307,1,11,0
-5.820,6.697,57.766,3.220,3,10,0
-3.127,0.982,59.873,2.914,3,10,0
-12.730,1.693,34.291,-5.637,1,1,0
-0.595,1.003,48.035,10.133,2,12,0
-10.590,2.121,36.876,-7.181,1,1,0
-11.179,8.716,59.082,-1.064,3,0,0
-11.588,-3.729,0.194,-6.311,10,1,0
-11.906,6.665,55.397,-2.511,3,0,0
2.131,-1.136,53.909,3.825,3,10,0
0.098,11.015,28.800,5.315,0,11,0
4.004,10.708,10.978,4.987,12,11,10
-9.113,3.115,45.397,-7.497,2,1,0
-1.856,-2.652,58.662,-2.460,3,0,0
-11.837,0.832,28.528,-6.661,0,1,0
3.666,-6.090,59.604,0.618,3,10,0
-3.431,6.707,43.329,8.754,2,11,0
0.594,9.380,21.724,6.433,0,11,0
-8.562,-0.508,8.425,-11.410,11,2,0
-9.287,9.829,59.926,0.314,3,10,0
-3.314,5.377,39.871,13.010,1,13,0
-6.669,10.680,56.461,2.235,3,10,0
-12.132,-6.445,9.605,-5.052,11,0,0
-3.473,6.314,43.278,9.562,2,12,0
-7.675,0.483,14.960,-14.614,13,2,0
2.957,0.714,44.122,5.747,2,11,0
-6.463,6.832,59.114,1.894,3,10,0
2.914,-0.914,51.816,4.032,3,10,0
1.939,2.174,34.582,8.252,1,11,0
-0.347,9.691,27.913,6.238,0,11,0
-5.575,-6.185,40.332,-5.330,1,1,0
1.678,-5.963,59.983,-0.147,3,0,0
-4.699,9.406,51.169,4.212,3,10,0
-9.413,-0.490,12.646,-9.844,12,1,0
-1.419,4.389,6.179,16.970,11,13,10
5.012,0.929,41.414,4.784,1,11,0
-10.338,4.791,52.294,-4.248,3,0,0
-6.783,7.951,58.731,1.868,3,10,0
-11.301,11.144,59.972,-0.155,3,0,0
-8.558,-6.189,24.432,-5.847,0,1,0
2.260,6.654,0.252,7.692,10,11,10
-9.667,-7.182,21.940,-5.176,0,0,0
5.335,-2.372,52.959,2.736,3,10,0
4.755,1.964,36.198,5.465,1,11,0
2.074,9.139,13.232,6.244,12,11,10
-10.608,4.340,49.956,-4.740,2,0,0
-3.983,-4.301,48.096,-5.693,2,1,0
2.440,5.176,11.054,8.212,12,11,10
-4.490,-1.018,41.608,-14.137,1,2,0
4.276,4.063,23.324,6.481,0,11,0
-8.428,-1.222,0.867,-10.954,10,2,0
-3.352,-4.379,51.391,-4.830,3,0,0
-4.371,-5.999,46.281,-4.768,2,0,0
-12.465,-2.977,6.706,-6.072,11,1,0
-6.259,-5.807,36.104,-5.896,1,1,0
-11.049,-5.549,10.517,-5.719,12,1,0
-1.672,6.667,26.879,10.286,0,12,0
4.591,-2.179,53.370,2.870,3,10,0
5.200,-4.507,57.109,1.633,3,10,0
-0.716,-3.316,59.757,-0.864,3,0,0
0.435,0.675,48.230,7.711,2,11,0
-6.493,10.162,56.422,2.392,3,10,0
-7.558,7.968,59.664,0.912,3,10,0
5.278,-6.971,59.246,0.735,3,10,0
4.189,-5.170,58.705,1.139,3,10,0
1.806,-4.802,59.881,0.423,3,10,0
-4.813,4.855,56.022,7.238,3,11,0
3.912,1.872,36.773,5.992,1,11,0
-7.359,5.563,59.621,-1.375,3,0,0
-3.477,0.965,59.075,-9.049,3,1,0
3.242,-0.295,48.820,4.591,2,10,0
-12.075,9.842,59.267,-0.831,3,0,0
-4.056,-5.595,47.735,-4.786,2,0,0
-12.238,1.588,33.559,-6.030,1,1,0
-10.898,-2.340,4.912,-7.337,10,1,0
-0.714,-1.589,59.713,1.205,3,10,0
-2.328,5.690,28.862,12.983,0,13,0
-6.212,0.130,3.501,-20.681,10,3,0
-12.306,-1.676,13.493,-6.437,12,1,0
3.511,11.085,14.053,4.949,12,11,10
-1.227,7.730,27.522,8.375,0,11,0
-6.540,-4.305,31.069,-7.551,0,1,0
-5.521,-6.468,40.879,-5.105,1,0,0
-4.446,1.405,16.807,-77.415,13,3,0
-11.368,0.521,25.849,-7.205,0,1,0
-11.440,5.077,51.610,-3.801,3,0,0
-8.619,10.739,59.259,0.951,3,10,0
-11.021,3.701,46.289,-5.284,2,1,0
-11.322,-0.030,21.870,-7.353,0,1,0
-0.432,2.608,27.424,14.743,0,13,0
-5.527,9.135,54.471,3.448,3,10,0
-6.321,9.602,56.420,2.568,3,10,0
-3.564,-3.340,50.773,-5.967,2,1,0
-5.356,-2.149,34.437,-11.257,1,2,0
-3.685,-6.225,49.341,-4.148,2,0,0
-4.112,2.185,59.713,27.150,3,13,0
0.729,-5.883,59.681,-0.672,3,0,0
-0.453,-3.546,59.834,-0.678,3,0,0
-6.203,2.099,38.122,-21.014,1,3,0
-2.101,3.144,6.063,26.931,11,13,10
5.149,-5.029,57.791,1.398,3,10,0
-8.875,9.785,59.788,0.548,3,10,0
-4.173,3.252,52.474,23.021,3,13,0
-10.767,11.034,60.000,0.003,3,10,0
-0.517,5.442,8.127,12.140,11,12,10
-0.618,-5.033,58.859,-1.492,3,0,0
-0.495,-4.051,59.580,-1.014,3,0,0
-1.964,-1.100,59.883,-1.010,3,0,0
-10.785,-6.447,14.877,-5.365,13,1,0
1.410,-7.120,59.650,-0.610,3,0,0
-7.773,-2.485,13.559,-9.973,12,1,0
-8.252,-3.367,15.271,-8.474,13,1,0
-2.536,1.337,52.603,17.957,3,13,0
-12.309,3.344,43.205,-4.946,2,0,0
-8.075,-1.992,7.876,-10.427,11,2,0
-9.343,4.691,53.745,-4.459,3,0,0
4.823,0.411,43.937,4.558,2,10,0
-1.083,-3.308,59.404,-1.392,3,0,0
-9.810,7.587,59.219,-1.197,3,0,0
2.617,4.516,16.589,8.145,13,11,10
-8.994,-4.441,15.873,-7.099,13,1,0
-3.441,5.150,40.976,13.699,1,13,0
-4.926,-3.139,40.855,-8.415,1,1,0
3.822,-0.403,48.511,4.315,2,10,0
0.235,-7.259,58.625,-1.255,3,0,0
-6.087,8.263,56.919,2.875,3,10,0
1.575,5.451,5.348,9.115,11,12,10
4.178,10.714,10.364,4.945,12,11,10
-11.901,3.191,42.754,-5.268,2,1,0
1.040,-6.938,59.493,-0.758,3,0,0
-8.169,-1.300,1.563,-11.280,10,2,0
2.008,-2.508,57.604,2.235,3,10,0
-13.341,10.333,58.817,-0.947,3,0,0
-7.248,-5.579,29.937,-6.306,0,1,0
1.260,3.035,26.060,10.082,0,12,0
4.978,-0.807,48.681,3.728,2,10,0
-5.656,0.603,3.422,-27.648,10,3,0
-0.426,9.700,28.381,6.227,0,11,0
-7.885,-6.290,28.187,-5.785,0,1,0
-4.678,10.580,50.685,3.731,2,10,0
0.369,1.247,43.629,9.289,2,12,0
-4.542,1.889,25.599,-98.140,0,3,0
-6.626,-5.787,33.978,-6.018,1,1,0
-1.339,1.551,43.484,15.322,2,13,0
-0.374,-2.011,59.749,1.014,3,10,0
1.763,10.210,18.604,5.687,13,11,10
-6.275,1.293,20.123,-23.727,0,3,0
-12.939,1.002,30.452,-5.748,0,1,0
-9.968,5.543,55.461,-3.298,3,0,0
-10.899,-6.701,15.244,-5.226,13,0,0
1.071,2.340,32.708,9.897,1,12,0
2.593,-3.131,57.890,1.888,3,10,0
-11.700,7.520,57.225,-1.904,3,0,0
-6.528,8.927,57.433,2.355,3,10,0
-6.722,4.557,59.104,-2.767,3,0,0
-13.237,0.267,26.533,-5.726,0,1,0
-6.858,11.032,56.623,2.095,3,10,0
-1.077,0.600,53.203,8.558,3,11,0
0.516,5.429,0.360,10.581,10,12,10
2.109,-1.396,54.788,3.500,3,10,0
-2.594,-1.092,58.596,-3.799,3,0,0
-5.890,2.861,52.655,-13.852,3,2,0
-7.869,-7.040,29.962,-5.286,0,1,0
4.390,1.120,40.811,5.214,1,11,0
-4.894,-6.503,43.973,-4.774,2,0,0
-8.488,2.272,38.837,-10.171,1,2,0
-5.055,2.924,58.710,-8.825,3,1,0
-8.605,3.237,47.218,-7.764,2,1,0
-7.286,3.240,50.633,-9.166,2,1,0
-12.427,-3.478,4.020,-5.956,10,1,0
-5.416,4.909,58.915,3.511,3,10,0
-7.050,5.091,59.451,-1.864,3,0,0
-6.849,9.441,57.698,2.066,3,10,0
3.961,-3.930,57.544,1.712,3,10,0
5.255,5.854,14.779,5.800,13,11,10
-0.874,-0.663,58.531,3.214,3,10,0
-5.851,4.856,59.860,1.205,3,10,0
-12.498,5.988,52.982,-2.999,3,0,0
-13.166,3.255,42.180,-4.612,2,0,0
4.483,-2.918,55.219,2.394,3,10,0
1.231,6.516,4.116,8.662,10,11,10
-4.556,8.035,51.102,5.188,3,11,0
-12.749,0.486,27.288,-6.018,0,1,0
5.268,2.340,34.214,5.315,1,11,0
-5.501,-6.579,41.077,-5.022,1,0,0
-6.716,2.495,44.018,-14.770,2,2,0
-5.822,3.594,58.701,-5.128,3,0,0
-7.813,-2.850,15.483,-9.396,13,1,0
-10.451,5.320,53.975,-3.612,3,0,0
-3.837,9.453,47.201,4.969,2,11,0
-6.641,7.114,59.167,1.731,3,10,0
-0.696,8.941,27.864,6.912,0,11,0
-1.469,2.674,22.435,21.247,0,13,0
-4.384,0.024,40.247,-22.106,1,3,0
-8.766,4.946,55.861,-3.908,3,0,0
4.341,7.896,1.688,5.872,10,11,10
-9.535,-0.029,17.282,-9.746,13,1,0
5.305,-3.912,56.127,1.924,3,10,0
-5.189,6.765,55.288,4.746,3,11,0
4.561,-7.054,59.611,0.547,3,10,0
-6.755,3.933,57.041,-5.529,3,1,0
-10.834,8.035,58.757,-1.333,3,0,0
-11.353,2.754,40.712,-5.963,1,1,0
-5.870,4.283,59.945,-0.868,3,0,0
-5.681,1.112,9.415,-31.173,11,3,0
2.903,-3.618,58.220,1.630,3,10,0
-5.408,7.928,55.020,3.928,3,10,0
-4.644,6.535,52.583,6.308,3,11,0
-4.655,11.338,50.400,3.478,2,10,0
-7.991,3.811,52.619,-6.578,3,1,0
-0.909,-0.248,57.346,4.617,3,10,0
-7.554,8.112,59.591,0.990,3,10,0
4.527,4.381,21.763,6.316,0,11,0
4.381,-7.126,59.704,0.480,3,10,0
5.129,-4.618,57.319,1.573,3,10,0
-1.404,8.678,31.693,7.110,0,11,0
-12.224,10.958,59.705,-0.489,3,0,0
-2.288,-1.726,58.648,-3.088,3,0,0
4.984,-5.242,58.152,1.281,3,10,0
-12.975,5.863,52.044,-3.056,3,0,0
-8.117,-4.220,20.160,-7.576,0,1,0
-11.757,10.282,59.643,-0.576,3,0,0
-7.997,2.878,45.461,-9.569,2,1,0
1.305,9.309,17.702,6.348,13,11,10
-11.507,-5.675,9.142,-5.523,11,1,0
-0.690,10.354,31.366,5.692,0,11,0
-0.659,5.009,5.367,13.290,11,13,10
2.954,7.164,0.285,6.927,10,11,10
-13.073,2.144,36.756,-5.226,1,0,0
-12.182,3.117,42.163,-5.169,2,0,0
-2.401,-0.478,59.852,-1.431,3,0,0
-11.115,-5.806,11.222,-5.580,12,1,0
-7.739,9.906,58.783,1.375,3,10,0
3.160,-6.043,59.789,0.467,3,10,0
-10.777,-0.232,19.176,-7.968,13,1,0
-12.693,2.334,37.818,-5.355,1,1,0
-5.276,2.526,51.586,-22.201,3,3,0
-3.245,1.912,41.329,57.185,1,13,0
-6.558,8.340,57.984,2.256,3,10,0
-2.825,2.693,6.626,43.730,11,13,10
-0.595,6.375,15.774,10.442,13,12,10
-2.033,5.633,25.066,13.195,0,13,0
0.412,0.433,49.988,7.087,2,11,0
0.633,8.904,19.798,6.813,13,11,10
-12.598,3.003,41.319,-5.026,1,0,0
-12.502,-1.162,17.012,-6.343,13,1,0
-13.304,-5.302,1.318,-5.072,10,0,0
-3.330,4.810,38.335,15.977,1,13,0
-2.571,-3.189,55.834,-4.082,3,0,0
-7.927,-1.647,6.286,-11.134,11,2,0
1.018,9.310,19.199,6.411,13,11,10
-8.036,-0.405,6.353,-12.698,11,2,0
-12.311,3.986,46.172,-4.484,2,0,0
1.398,10.163,20.184,5.774,0,11,0
-6.627,7.321,58.977,1.859,3,10,0
-2.814,-6.515,52.507,-3.377,3,0,0
-6.520,2.366,42.523,-16.623,2,3,0
4.699,4.357,22.193,6.185,0,11,0
2.385,6.161,3.956,7.856,10,11,10
2.341,-5.812,59.956,0.229,3,10,0
-3.360,-3.614,51.770,-5.367,3,1,0
-0.269,10.191,28.758,5.850,0,11,0
-8.798,-6.482,24.055,-5.641,0,1,0
-1.429,4.915,12.179,15.116,12,13,10
-10.355,0.045,20.295,-8.491,0,1,0
-4.472,-6.782,45.998,-4.381,2,0,0
4.782,-5.251,58.321,1.238,3,10,0
-12.773,-3.850,3.319,-5.681,10,1,0
-4.344,3.738,54.074,14.672,3,13,0
1.959,-3.687,59.182,1.199,3,10,0
2.553,6.023,5.567,7.769,11,11,10
-5.069,6.044,55.606,5.388,3,11,0
0.281,10.916,27.686,5.382,0,11,0
3.412,6.229,7.481,6.976,11,11,10
-6.309,-0.224,7.372,-18.572,11,3,0
0.029,7.353,16.703,8.602,13,11,10
-9.233,9.868,59.904,0.359,3,10,0
-10.727,0.451,24.309,-7.946,0,1,0
-1.202,-1.773,59.999,-0.069,3,0,0
-4.004,0.577,47.895,-25.389,2,3,0
-3.843,1.526,56.872,-38.292,3,3,0
1.389,4.099,16.130,9.993,13,12,10
3.119,9.297,9.218,5.816,11,11,10
1.689,-3.047,58.784,1.580,3,10,0
1.399,2.810,28.477,9.674,0,12,0
4.000,-2.452,54.798,2.669,3,10,0
-0.278,-2.000,59.664,1.161,3,10,0
0.894,-3.712,59.874,0.517,3,10,0
-5.416,1.582,20.936,-38.078,0,3,0
-10.844,11.249,59.999,0.034,3,10,0
-3.466,-5.558,50.419,-4.293,2,0,0
-12.307,6.578,54.697,-2.600,3,0,0
-6.951,-6.893,34.217,-5.260,1,0,0
-1.078,5.303,12.104,13.325,12,13,10
-3.097,0.175,58.989,-5.388,3,1,0
-0.642,-3.474,59.740,-0.870,3,0,0
1.594,-5.640,59.996,-0.073,3,0,0
-7.986,1.688,32.142,-12.672,0,2,0
-11.097,5.857,54.549,-3.094,3,0,0
2.115,9.300,13.682,6.135,12,11,10
-11.606,4.844,50.533,-3.984,2,0,0
-5.416,-3.322,37.128,-8.558,1,1,0
3.796,7.329,2.632,6.347,10,11,10
-5.428,3.652,59.856,-1.901,3,0,0
-2.817,5.468,33.805,13.530,1,13,0
2.501,5.313,10.277,8.102,12,11,10
0.871,-4.286,59.993,0.119,3,10,0
-5.146,9.915,52.662,3.595,3,10,0
0.353,1.322,42.957,9.509,2,12,0
-1.456,-2.090,59.773,-1.082,3,0,0
-13.042,-6.787,7.633,-4.720,11,0,0
-9.769,-0.587,13.206,-9.257,12,1,0
4.008,9.321,5.818,5.504,11,11,10
-11.763,-5.889,8.966,-5.360,11,1,0
-8.394,5.155,57.238,-3.326,3,0,0
-9.026,7.500,59.719,-0.778,3,0,0
-8.708,-3.234,11.609,-8.362,12,1,0
-11.256,5.844,54.283,-3.113,3,0,0
-12.345,-6.423,8.760,-5.006,11,0,0
-12.118,-2.590,7.715,-6.381,11,1,0
0.000,7.181,15.993,8.835,13,12,10
-10.799,8.440,59.145,-1.077,3,0,0
2.189,-0.185,49.928,5.070,2,11,0
-8.915,1.748,33.493,-10.114,1,2,0
-8.640,-1.319,1.360,-10.515,10,2,0
-9.820,7.606,59.228,-1.187,3,0,0
-1.410,-4.728,57.729,-2.268,3,0,0
-2.381,0.023,59.945,1.006,3,10,0
4.381,10.295,8.179,5.041,11,11,10
-2.495,8.202,38.156,7.256,1,11,0
-8.282,-5.097,22.500,-6.710,0,1,0
2.642,0.131,47.657,5.283,2,11,0
-3.258,6.572,41.610,9.333,1,12,0
4.504,-0.519,48.152,4.036,2,10,0
-9.183,-6.989,23.600,-5.316,0,1,0
-3.410,-6.012,50.513,-4.030,2,0,0
-3.886,4.267,46.137,16.901,2,13,0
-8.629,-1.578,0.875,-10.254,10,2,0
1.840,1.471,40.184,7.598,1,11,0
-2.267,-4.613,55.558,-3.314,3,0,0
0.890,6.322,4.816,9.164,10,12,10
-10.897,11.038,59.998,-0.044,3,0,0
-12.195,6.751,55.220,-2.478,3,0,0
-9.535,10.608,59.844,0.422,3,10,0
-3.752,3.308,40.449,33.295,1,13,0
-0.076,11.078,29.777,5.267,0,11,0
-10.757,8.554,59.261,-0.997,3,0,0
3.983,-6.015,59.414,0.739,3,10,0
-3.572,3.780,38.246,25.250,1,13,0
-0.692,-3.513,59.682,-0.959,3,0,0
-7.786,4.192,55.205,-5.373,3,1,0
-8.671,10.811,59.271,0.935,3,10,0
4.885,5.763,14.430,6.036,13,11,10
-7.047,9.950,57.705,1.931,3,10,0
-0.214,7.524,19.240,8.485,13,11,10
-5.605,6.684,57.079,3.735,3,10,0
-13.211,-3.502,6.290,-5.561,11,1,0
-7.269,9.680,58.265,1.716,3,10,0
-8.027,3.441,50.066,-7.731,2,1,0
-0.295,9.948,28.294,6.034,0,11,0
-8.335,-6.905,27.398,-5.390,0,1,0
-9.386,0.224,19.154,-10.025,13,1,0
-10.237,4.171,49.777,-5.073,2,0,0
-5.621,-6.512,40.419,-5.118,1,0,0
4.651,9.606,4.656,5.193,10,11,10
-10.906,2.068,36.469,-6.899,1,1,0
0.522,10.792,26.222,5.458,0,11,0
-7.685,-1.361,5.744,-11.975,11,2,0
-5.442,9.987,53.633,3.314,3,10,0
-4.451,6.035,51.704,7.498,3,11,0
-0.115,7.997,20.707,7.881,0,11,0
-3.275,-7.343,50.641,-3.434,2,0,0
-12.727,3.029,41.373,-4.945,1,0,0
4.776,10.149,6.283,4.983,11,11,10
3.450,3.300,27.213,7.071,0,11,0
-10.654,-3.343,1.982,-7.027,10,1,0
-0.912,-1.329,59.673,1.377,3,10,0
-3.418,-5.368,50.688,-4.344,2,0,0
-11.255,3.787,46.434,-5.086,2,0,0
-12.747,1.273,31.900,-5.790,0,1,0
-3.541,4.673,41.213,16.079,1,13,0
2.991,-2.508,56.268,2.504,3,10,0
-4.116,-4.743,47.376,-5.460,2,1,0
-11.067,-5.038,8.364,-5.957,11,1,0
1.183,1.627,39.357,8.715,1,11,0
1.775,5.021,9.650,9.086,11,12,10
3.924,2.838,30.750,6.466,0,11,0
-12.584,-5.153,3.069,-5.363,10,1,0
-7.281,-1.430,9.796,-12.471,11,2,0
-5.590,-1.541,29.043,-13.526,0,2,0
4.679,3.525,27.152,6.072,0,11,0
-5.072,0.028,24.978,-24.301,0,3,0
-4.336,9.095,49.649,4.743,2,11,0
-8.544,-3.608,14.631,-8.062,13,1,0
1.689,1.176,42.507,7.367,2,11,0
-8.290,7.843,59.997,0.084,3,10,0
-4.994,4.748,57.383,5.998,3,11,0
1.199,-4.170,59.904,0.421,3,10,0
-0.410,5.019,3.342,12.770,10,12,10
4.699,8.088,1.970,5.648,10,11,10
3.831,8.678,3.753,5.819,10,11,10
-8.457,10.243,59.346,0.943,3,10,0
-4.723,11.285,50.648,3.454,2,10,0
-6.845,3.655,55.256,-7.105,3,1,0
-3.731,5.951,45.446,9.892,2,12,0
1.317,10.131,20.467,5.806,0,11,0
-8.195,11.097,58.664,1.257,3,10,0
3.676,2.419,33.328,6.490,1,11,0
-3.567,0.736,57.074,-13.858,3,2,0
-12.976,10.105,58.888,-0.951,3,0,0
-6.477,-2.718,25.765,-10.169,0,2,0
-13.025,7.200,55.156,-2.268,3,0,0
-6.795,10.542,56.816,2.146,3,10,0
-11.597,6.743,55.958,-2.417,3,0,0
-5.690,4.020,59.916,-1.207,3,0,0
-9.037,-2.091,2.317,-9.240,10,1,0
4.225,3.934,24.057,6.505,0,11,0
-0.717,6.777,19.170,9.810,13,12,10
-5.775,7.705,56.529,3.366,3,10,0
-7.746,9.193,59.201,1.204,3,10,0
2.332,9.615,13.891,5.894,12,11,10
3.887,-6.415,59.640,0.569,3,10,0
-9.155,10.395,59.742,0.565,3,10,0
4.339,7.820,2.052,5.897,10,11,10
-4.232,-0.542,44.532,-15.756,2,3,0
2.034,-6.538,59.976,-0.162,3,0,0
-11.437,4.109,47.728,-4.704,2,0,0
4.229,5.100,16.769,6.552,13,11,10
-2.833,11.251,43.119,4.475,2,10,0
1.745,-6.457,59.934,-0.275,3,0,0
-5.854,8.247,56.260,3.200,3,10,0
5.004,0.453,43.607,4.511,2,10,0
-5.520,-4.282,38.190,-7.160,1,1,0
-13.134,-0.115,24.245,-5.854,0,1,0
3.475,-1.835,53.940,3.128,3,10,0
-12.539,-6.242,7.433,-5.017,11,0,0
1.141,-3.948,59.856,0.528,3,10,0
-1.815,-0.133,59.292,3.011,3,10,0
-1.220,-4.417,58.356,-1.995,3,0,0
-10.842,2.938,42.187,-6.178,2,1,0
1.651,-3.031,58.806,1.574,3,10,0
-10.461,-1.171,11.172,-8.191,12,1,0
-12.985,-6.811,7.905,-4.726,11,0,0
1.511,9.447,17.170,6.205,13,11,10
5.213,8.340,2.445,5.360,10,11,10
-11.242,5.903,54.462,-3.060,3,0,0
-4.701,10.820,50.702,3.626,2,10,0
-0.063,4.881,0.707,12.297,10,12,10
-6.829,4.978,59.595,-1.694,3,0,0
-11.077,6.590,56.323,-2.452,3,0,0
-10.000,-7.065,20.157,-5.199,0,0,0
-3.163,-2.585,53.684,-5.750,3,1,0
3.206,7.818,2.144,6.474,10,11,10
0.963,9.199,19.087,6.506,13,11,10
3.688,7.840,0.368,6.214,10,11,10
-10.900,9.965,59.852,-0.400,3,0,0
-12.876,-6.150,5.946,-4.955,11,0,0
-1.832,-4.464,56.956,-2.767,3,0,0
-6.948,5.175,59.670,-1.450,3,0,0
-13.321,0.735,29.220,-5.571,0,1,0
-4.000,-4.005,48.002,-5.994,2,1,0
-4.188,-0.580,45.257,-15.228,2,3,0
2.495,3.681,22.823,8.270,0,11,0
-9.882,-0.207,16.841,-9.167,13,1,0
-4.968,4.188,58.463,5.641,3,11,0
1.531,-0.318,51.755,5.061,3,11,0
4.607,-2.579,54.327,2.612,3,10,0
-8.926,-7.049,24.945,-5.296,0,1,0
-6.625,-3.349,27.232,-8.973,0,1,0
-4.425,-7.229,46.292,-4.132,2,0,0
4.782,9.539,3.951,5.173,10,11,10
-0.573,-1.264,59.173,2.098,3,10,0
-4.134,-1.362,46.532,-11.256,2,2,0
-8.314,-2.253,8.062,-9.815,11,1,0
-10.918,6.691,56.735,-2.336,3,0,0
5.302,0.084,44.943,4.186,2,10,0
1.683,9.667,17.123,6.026,13,11,10
4.683,5.219,17.067,6.211,13,11,10
-1.061,0.923,50.320,10.440,2,12,0
-10.319,6.743,57.607,-2.123,3,0,0
-12.522,2.497,38.732,-5.368,1,1,0
-11.150,-1.330,12.371,-7.444,12,1,0
-10.024,2.840,42.283,-6.999,2,1,0
-1.937,10.525,38.187,5.276,1,11,0
-11.750,-0.498,19.537,-6.967,13,1,0
-11.269,10.736,59.924,-0.266,3,0,0
-5.972,-6.884,39.060,-5.005,1,0,0
-7.083,1.157,22.064,-17.460,0,3,0
-7.772,-6.272,28.738,-5.793,0,1,0
3.530,8.486,4.052,6.024,10,11,10
-7.981,-5.891,26.638,-6.083,0,1,0
-4.518,0.213,36.088,-25.761,1,3,0
-5.418,2.213,42.738,-29.358,2,3,0
-4.362,2.620,59.608,9.543,3,12,0
5.295,2.578,32.952,5.384,1,11,0
-8.128,4.963,57.236,-3.543,3,0,0
-7.525,-6.712,30.994,-5.466,0,1,0
-11.798,11.062,59.865,-0.336,3,0,0
4.156,-6.332,59.484,0.674,3,10,0
-0.730,-2.887,59.913,-0.549,3,0,0
-8.433,10.054,59.410,0.913,3,10,0
-10.051,7.287,58.692,-1.551,3,0,0
-8.488,-2.656,9.575,-9.158,11,1,0
-7.728,0.306,12.926,-14.309,12,2,0
3.878,4.109,22.360,6.827,0,11,0
-10.436,3.977,48.506,-5.245,2,0,0
-4.192,8.629,49.023,5.217,2,11,0
5.220,7.995,4.014,5.443,10,11,10
-12.885,8.996,57.979,-1.365,3,0,0
-2.542,4.219,20.349,21.257,0,13,0
2.445,-3.534,58.583,1.526,3,10,0
-2.432,2.677,14.009,34.158,12,13,10
2.105,0.193,48.141,5.625,2,11,0
2.403,-4.123,59.193,1.107,3,10,0
0.199,-6.547,58.955,-1.171,3,0,0
-10.183,8.440,59.558,-0.815,3,0,0
1.442,-0.590,53.132,4.625,3,10,0
2.015,4.106,18.119,8.975,13,12,10
-4.755,4.214,57.051,7.942,3,11,0
-10.033,-3.388,5.124,-7.391,10,1,0
-1.664,3.906,2.453,19.885,10,13,10
4.425,-0.443,47.944,4.112,2,10,0
-12.843,-3.369,5.859,-5.772,11,1,0
-9.004,-0.894,7.135,-10.307,11,2,0
-12.889,-1.709,14.741,-6.039,13,1,0
2.297,-4.244,59.361,0.985,3,10,0
2.349,10.200,15.911,5.578,13,11,10
-8.814,8.493,59.999,0.041,3,10,0
0.521,3.627,17.618,11.938,13,12,10
2.067,0.074,48.833,5.477,2,11,0
3.307,-2.765,56.373,2.355,3,10,0
-10.351,-7.179,18.991,-5.099,13,0,0
4.057,5.765,12.293,6.603,12,11,10
-0.438,7.912,22.532,8.057,0,11,0
-7.890,7.538,59.971,0.276,3,10,0
1.995,4.160,17.599,9.001,13,12,10
4.413,4.627,20.056,6.416,0,11,0
3.293,4.275,20.070,7.401,0,11,0
4.477,4.623,20.202,6.367,0,11,0
5.060,1.467,38.756,5.047,1,11,0
-10.503,8.272,59.233,-1.058,3,0,0
0.533,-0.564,54.967,4.618,3,10,0
-2.769,4.230,24.636,21.478,0,13,0
-2.385,-1.539,58.614,-3.296,3,0,0
-12.459,9.355,58.662,-1.124,3,0,0
-6.233,2.106,38.240,-20.686,1,3,0
-3.560,-6.004,49.903,-4.156,2,0,0
-11.106,3.987,47.594,-4.952,2,0,0
-4.424,-4.700,45.631,-5.803,2,1,0
-13.150,-1.763,15.038,-5.871,13,1,0
-11.745,-1.298,14.321,-6.921,12,1,0
2.143,-2.591,57.572,2.203,3,10,0
-8.541,3.259,47.516,-7.774,2,1,0
0.749,2.565,30.080,10.855,0,12,0
1.446,6.603,3.494,8.400,10,11,10
0.262,-2.015,59.118,1.751,3,10,0
-3.609,-0.860,52.432,-10.104,3,2,0
-0.196,-6.246,58.666,-1.386,3,0,0
-7.706,-6.799,30.264,-5.426,0,1,0
1.204,6.427,3.678,8.765,10,11,10
4.105,-5.804,59.226,0.854,3,10,0
-6.806,1.948,35.110,-17.338,1,3,0
-11.951,6.917,55.864,-2.341,3,0,0
3.199,10.176,12.234,5.392,12,11,10
-6.752,8.786,58.010,2.093,3,10,0
-7.168,-1.133,8.153,-13.341,11,2,0
3.769,-4.309,58.205,1.455,3,10,0
3.148,-1.585,53.699,3.347,3,10,0
-4.817,-2.629,41.009,-9.318,1,1,0
-2.495,9.382,39.842,5.954,1,11,0
-12.172,10.586,59.588,-0.592,3,0,0
-12.986,-0.199,23.557,-5.965,0,1,0
-8.192,-2.337,9.492,-9.823,11,1,0
3.893,1.170,40.820,5.541,1,11,0
-10.631,9.057,59.632,-0.685,3,0,0
-4.689,0.646,26.463,-35.435,0,3,0
-13.247,0.068,25.421,-5.753,0,1,0
-1.093,1.651,41.468,14.813,1,13,0
0.626,-7.230,59.043,-1.034,3,0,0
-1.533,7.226,28.043,9.179,0,12,0
-0.653,-4.044,59.431,-1.193,3,0,0
2.131,7.643,6.016,7.165,11,11,10
2.995,3.483,25.262,7.611,0,11,0
-3.399,-3.216,51.804,-5.766,3,1,0
0.867,2.503,30.873,10.516,0,12,0
2.085,-5.038,59.856,0.447,3,10,0
-5.981,-4.102,34.539,-7.647,1,1,0
-9.975,7.305,58.789,-1.501,3,0,0
-0.482,-1.176,58.885,2.429,3,10,0
3.879,-5.096,58.873,1.092,3,10,0
-7.889,3.843,53.087,-6.497,3,1,0
4.863,4.822,19.743,6.091,13,11,10
-4.643,-4.437,44.187,-6.275,2,1,0
3.051,-6.447,59.919,0.284,3,10,0
-10.809,9.880,59.857,-0.398,3,0,0
-4.854,3.034,59.934,-2.098,3,0,0
-12.427,-0.629,20.074,-6.405,0,1,0
0.829,-0.183,52.576,5.456,3,11,0
-0.608,-2.257,59.974,0.323,3,10,0
4.166,-3.419,56.536,2.050,3,10,0
-0.739,-0.200,56.691,4.995,3,11,0
-12.514,0.425,26.670,-6.208,0,1,0
-7.350,11.207,57.415,1.778,3,10,0
-8.416,1.770,33.450,-11.264,1,2,0
-4.767,1.956,33.179,-65.089,1,3,0
-10.482,4.413,50.486,-4.688,2,0,0
3.727,5.408,13.568,6.920,12,11,10
0.363,-1.468,58.048,2.724,3,10,0
-13.307,5.789,51.442,-3.073,3,0,0
-12.715,11.232,59.617,-0.533,3,0,0
-10.253,1.147,29.182,-8.307,0,1,0
-10.211,4.745,52.329,-4.323,3,0,0
-8.470,7.894,59.999,-0.043,3,0,0
-8.178,-3.089,14.260,-8.851,12,1,0
-4.371,11.038,49.436,3.759,2,10,0
-6.235,6.934,58.577,2.398,3,10,0
3.931,2.515,32.813,6.321,1,11,0
-2.680,-3.711,54.874,-4.140,3,0,0
-8.523,-0.701,6.300,-11.327,11,2,0
-3.901,5.453,46.946,10.815,2,12,0
0.814,6.350,5.469,9.208,11,12,10
-13.132,2.069,36.364,-5.226,1,0,0
-9.823,-4.741,12.794,-6.581,12,1,0
3.082,-4.372,58.867,1.218,3,10,0
-5.582,2.387,46.377,-23.374,2,3,0
2.818,4.634,16.284,7.901,13,11,10
-0.161,-1.263,58.518,2.631,3,10,0
-7.420,-0.692,1.406,-13.781,10,2,0
-4.087,-3.915,47.466,-6.204,2,1,0
1.344,6.627,4.200,8.467,10,11,10
-2.571,5.384,30.218,14.112,0,13,0
-7.103,4.938,59.144,-2.364,3,0,0
3.240,-3.842,58.160,1.585,3,10,0
-0.990,8.673,28.955,7.179,0,11,0
4.863,7.845,3.629,5.641,10,11,10
3.462,0.934,42.428,5.628,2,11,0
-9.456,-1.996,0.677,-8.872,10,1,0
-9.796,-5.306,15.230,-6.223,13,1,0
-2.861,6.019,36.361,11.425,1,12,0
-7.316,7.597,59.646,1.000,3,10,0
-4.763,4.234,57.055,7.863,3,11,0
-0.946,8.043,26.601,7.943,0,11,0
-1.758,6.630,27.512,10.366,0,12,0
-9.502,0.673,23.745,-9.735,0,1,0
-6.629,6.679,59.482,1.466,3,10,0
0.362,1.810,38.054,10.625,1,12,0
-11.296,-5.539,9.458,-5.647,11,1,0
-4.174,2.924,53.823,28.213,3,13,0
-7.122,5.186,59.480,-1.767,3,0,0
-3.411,7.529,43.920,7.352,2,11,0
-13.299,10.473,58.939,-0.893,3,0,0
4.049,-4.407,58.059,1.471,3,10,0
-11.737,3.152,42.676,-5.392,2,1,0
-3.381,10.048,45.097,4.903,2,11,0
1.177,1.039,44.156,7.715,2,11,0
-6.903,3.006,49.736,-10.925,2,2,0
1.449,-3.970,59.722,0.714,3,10,0
-6.787,0.052,2.005,-17.638,10,3,0
3.128,4.262,19.797,7.574,13,11,10
-6.262,2.043,36.915,-20.906,1,3,0
1.711,-2.751,58.373,1.868,3,10,0
-8.531,8.410,59.976,0.215,3,10,0
-0.729,1.620,41.297,13.217,1,13,0
3.155,-6.327,59.868,0.362,3,10,0
-10.876,-0.467,17.676,-7.849,13,1,0
-11.489,5.328,52.390,-3.569,3,0,0
1.628,0.434,47.547,6.265,2,11,0
-1.550,-1.360,59.995,-0.194,3,0,0
-2.488,-1.525,58.304,-3.692,3,0,0
-3.805,-3.481,49.247,-6.249,2,1,0
-4.801,0.764,20.698,-38.230,0,3,0
-12.400,-4.215,0.392,-5.742,10,1,0
-0.409,2.498,29.070,14.478,0,13,0
-7.943,-1.517,5.091,-11.315,10,2,0
-0.104,-1.162,58.200,2.907,3,10,0
-4.851,7.738,52.762,4.925,3,11,0
-1.565,3.550,4.587,20.725,10,13,10
2.013,-4.078,59.442,0.955,3,10,0
-10.134,-1.307,8.909,-8.515,11,1,0
-3.675,7.884,45.939,6.549,2,11,0
-7.252,1.196,23.426,-16.487,0,3,0
-9.452,-5.686,18.322,-6.063,13,1,0
-8.280,-6.978,27.834,-5.344,0,1,0
-3.267,8.798,43.866,5.987,2,11,0
-11.776,7.651,57.340,-1.838,3,0,0
-3.811,11.280,47.259,3.983,2,10,0
3.070,8.432,5.672,6.249,11,11,10
2.809,5.973,6.905,7.560,11,11,10
5.061,-6.864,59.300,0.721,3,10,0
-5.113,10.171,52.419,3.540,3,10,0
-8.584,-4.124,16.857,-7.528,13,1,0
3.071,-2.091,55.200,2.879,3,10,0
-8.556,6.392,59.231,-1.513,3,0,0
-8.758,11.216,59.166,0.961,3,10,0
-13.242,1.613,33.960,-5.348,1,1,0
-12.339,7.984,57.233,-1.755,3,0,0
-8.297,10.984,58.835,1.181,3,10,0
-4.440,4.909,52.848,9.654,3,12,0
5.024,6.123,12.798,5.909,12,11,10
3.510,4.694,17.682,7.186,13,11,10
-1.813,3.529,2.005,22.472,10,13,10
-7.921,-2.177,10.363,-10.316,12,2,0
4.128,-4.670,58.279,1.357,3,10,0
-2.617,4.180,21.250,21.736,0,13,0
-3.140,-4.252,52.459,-4.614,3,0,0
-10.350,-0.307,17.449,-8.497,13,1,0
-9.652,4.719,53.248,-4.409,3,0,0
-6.202,-5.293,35.543,-6.345,1,1,0
3.027,-2.239,55.618,2.743,3,10,0
-11.656,-2.965,4.087,-6.560,10,1,0
-10.526,-0.787,14.260,-8.213,12,1,0
-6.530,-2.566,24.535,-10.488,0,2,0
4.624,-6.432,59.297,0.759,3,10,0
-6.332,9.429,56.578,2.565,3,10,0
-10.306,-2.969,1.430,-7.471,10,1,0
-1.205,6.907,23.891,9.746,0,12,0
-0.967,8.405,27.978,7.490,0,11,0
2.185,1.734,38.027,7.496,1,11,0
-0.445,2.459,29.552,14.568,0,13,0
-12.527,4.448,47.849,-4.081,2,0,0
3.569,-0.613,49.693,4.199,2,10,0
-0.170,9.308,25.805,6.566,0,11,0
-9.024,-5.686,20.480,-6.141,0,1,0
-12.451,-0.321,22.003,-6.369,0,1,0
1.943,-3.311,58.828,1.481,3,10,0
0.185,9.571,24.594,6.327,0,11,0
-3.587,8.784,45.722,5.716,2,11,0
5.289,3.303,28.983,5.601,0,11,0
-1.552,-5.646,56.690,-2.448,3,0,0
1.872,8.334,10.724,6.835,12,11,10
-2.829,-3.348,54.589,-4.548,3,0,0
-7.967,0.997,23.132,-13.528,0,2,0
-0.934,1.563,42.415,13.702,2,13,0
3.445,5.448,12.493,7.153,12,11,10
-4.180,0.378,43.747,-25.165,2,3,0
2.352,8.386,8.643,6.592,11,11,10
-5.651,11.054,53.679,2.913,3,10,0
-4.653,-6.518,45.107,-4.631,2,0,0
-5.368,-0.408,23.954,-19.860,0,3,0
-0.393,7.402,19.926,8.713,13,11,10
2.193,-2.429,57.205,2.377,3,10,0
4.527,-6.617,59.440,0.674,3,10,0
2.681,-3.360,58.117,1.741,3,10,0
-11.330,4.731,50.495,-4.143,2,0,0
-11.296,10.688,59.909,-0.291,3,0,0
4.145,-2.569,54.880,2.597,3,10,0
0.763,-4.630,59.987,-0.151,3,0,0
-3.957,-6.914,48.171,-4.013,2,0,0
-1.108,5.352,12.826,13.240,12,13,10
5.010,3.792,25.943,5.889,0,11,0
2.703,5.609,8.940,7.794,11,11,10
4.544,-5.200,58.460,1.209,3,10,0
-4.935,-5.150,42.927,-5.814,2,1,0
-12.061,9.882,59.298,-0.812,3,0,0
-0.575,9.770,29.401,6.159,0,11,0
-3.124,2.874,8.433,48.019,11,13,10
1.051,-0.899,55.115,4.072,3,10,0
-1.995,-3.698,57.227,-2.985,3,0,0
-12.482,-0.953,18.215,-6.365,13,1,0
-12.958,-0.890,19.522,-6.028,13,1,0
-4.450,11.184,49.706,3.655,2,10,0
2.076,1.260,41.542,7.073,1,11,0
2.078,8.318,9.634,6.755,11,11,10
3.667,1.223,40.657,5.726,1,11,0
-5.347,-5.541,40.919,-5.728,1,1,0
1.558,9.834,18.316,5.948,13,11,10
-9.518,8.734,59.945,-0.296,3,0,0
-6.103,3.818,58.624,-4.596,3,0,0
2.453,0.225,47.440,5.489,2,11,0
-8.176,-0.454,6.723,-12.309,11,2,0
3.728,3.639,25.261,6.889,0,11,0
2.801,8.613,7.654,6.273,11,11,10
2.559,4.602,15.761,8.204,13,11,10
-1.225,1.301,46.634,13.191,2,13,0
-5.444,1.503,18.428,-37.385,13,3,0
5.330,4.665,21.434,5.776,0,11,0
1.299,3.870,17.978,10.187,13,12,10
-6.398,1.911,34.192,-20.548,1,3,0
-12.521,9.972,59.082,-0.896,3,0,0
2.376,9.270,12.348,6.072,12,11,10
-5.985,-1.877,26.319,-12.379,0,2,0
-9.478,-3.952,10.941,-7.293,12,1,0
-0.494,0.660,50.761,8.522,2,11,0
-4.542,-3.119,43.943,-7.936,2,1,0
-3.392,6.836,43.134,8.557,2,11,0
-11.419,7.633,57.698,-1.767,3,0,0
-2.602,8.450,39.287,6.871,1,11,0
-4.748,2.356,53.132,-33.639,3,3,0
-2.134,6.251,29.479,11.256,0,12,0
3.449,9.563,8.938,5.589,11,11,10
1.506,-5.885,59.965,-0.212,3,0,0
-13.141,5.773,51.590,-3.098,3,0,0
-10.630,7.496,58.349,-1.623,3,0,0
3.558,3.101,28.702,6.899,0,11,0
4.293,2.471,33.222,6.015,1,11,0
-11.437,8.000,58.157,-1.544,3,0,0
1.293,-0.134,51.336,5.442,3,11,0
0.980,-3.679,59.825,0.606,3,10,0
-9.929,3.378,45.930,-6.343,2,1,0
-5.990,5.285,59.707,1.542,3,10,0
-2.931,6.727,38.873,9.430,1,12,0
-2.442,4.789,24.350,17.164,0,13,0
-8.235,1.580,31.082,-12.060,0,2,0
2.968,-3.366,57.810,1.826,3,10,0
-6.208,8.533,57.001,2.716,3,10,0
-8.183,4.742,56.422,-4.081,3,0,0
-8.890,2.664,42.128,-8.658,2,1,0
-12.401,3.432,43.553,-4.843,2,0,0
-6.050,4.623,59.988,-0.360,3,0,0
1.135,-5.722,59.904,-0.367,3,0,0
-10.917,6.735,56.820,-2.300,3,0,0
-0.939,10.788,33.486,5.350,1,11,0
-2.086,-6.050,55.024,-2.891,3,0,0
0.895,7.014,9.201,8.461,11,11,10
2.990,8.579,6.685,6.211,11,11,10
-11.555,2.585,39.598,-5.949,1,1,0
-2.654,11.012,42.157,4.686,2,11,0
-7.584,2.951,47.111,-10.021,2,1,0
-13.171,6.519,53.509,-2.655,3,0,0
-8.086,7.910,59.955,0.322,3,10,0
-12.261,-1.705,13.205,-6.464,12,1,0
-2.240,0.422,58.847,4.951,3,11,0
2.671,-5.689,59.848,0.419,3,10,0
-3.347,-6.884,50.509,-3.636,2,0,0
-10.803,-6.512,15.020,-5.331,13,1,0
-0.429,7.341,19.895,8.810,13,12,10
-4.087,-3.936,47.467,-6.182,2,1,0
4.471,7.815,2.514,5.834,10,11,10
-11.858,2.497,38.958,-5.796,1,1,0
-1.483,8.278,31.154,7.582,0,11,0
2.364,10.517,16.902,5.415,13,11,10
-11.359,7.596,57.711,-1.776,3,0,0
-6.546,11.032,55.966,2.305,3,10,0
-6.323,-2.109,24.067,-11.643,0,2,0
-11.840,-4.949,4.898,-5.708,10,1,0
-0.831,6.087,15.874,11.189,13,12,10
2.144,6.546,0.388,7.850,10,11,10
-6.591,6.370,59.648,1.277,3,10,0
-10.373,5.839,55.604,-3.030,3,0,0
0.462,1.062,45.104,8.678,2,11,0
-3.848,7.248,46.935,7.119,2,11,0
0.772,-1.333,57.001,3.218,3,10,0
-12.635,-0.876,18.984,-6.254,13,1,0
-5.443,1.068,4.189,-34.840,10,3,0
-12.045,11.152,59.820,-0.382,3,0,0
-0.191,5.524,6.170,11.500,11,12,10
0.354,-4.252,59.963,-0.277,3,0,0
-0.789,-3.855,59.398,-1.270,3,0,0
-7.359,4.016,55.567,-5.777,3,1,0
-0.650,-0.824,58.463,3.079,3,10,0
-12.435,9.622,58.892,-1.010,3,0,0
2.066,1.519,39.680,7.397,1,11,0
4.164,8.409,1.323,5.780,10,11,10
-10.961,-7.272,16.773,-4.969,13,0,0
-4.011,-4.134,47.933,-5.883,2,1,0
-4.731,-0.131,33.730,-22.027,1,3,0
-4.193,5.529,49.895,9.430,2,12,0
-2.152,4.476,16.933,18.627,13,13,10
-9.189,9.047,59.998,0.060,3,10,0
-11.393,-6.081,11.112,-5.383,12,1,0
3.472,-6.074,59.681,0.562,3,10,0
1.783,-2.146,57.227,2.534,3,10,0
3.075,-4.290,58.797,1.263,3,10,0
-0.666,10.386,31.302,5.672,0,11,0
-1.712,-7.220,55.258,-2.461,3,0,0
-5.255,-0.321,25.107,-20.656,0,3,0
2.083,3.825,20.684,8.869,0,12,0
-3.543,0.927,58.271,-12.264,3,2,0
-8.976,-1.242,3.963,-10.080,10,2,0
-0.628,1.754,39.394,13.385,1,13,0
-4.069,8.583,48.376,5.391,2,11,0
-1.646,7.720,30.687,8.335,0,11,0
2.386,5.117,11.297,8.293,12,11,10
-6.948,10.849,56.917,2.035,3,10,0
3.807,5.215,15.011,6.880,13,11,10
4.793,10.732,8.278,4.795,11,11,10
-12.413,9.490,58.805,-1.058,3,0,0
-5.830,10.291,54.631,2.922,3,10,0
-9.963,-3.869,8.015,-7.107,11,1,0
-3.050,0.612,59.944,-1.540,3,0,0
1.275,-6.843,59.666,-0.614,3,0,0
-5.772,8.767,55.553,3.240,3,10,0
-12.472,-7.051,10.441,-4.766,12,0,0
4.375,1.619,38.144,5.524,1,11,0
4.158,2.075,35.559,5.924,1,11,0
-3.114,7.453,41.605,7.826,1,11,0
-6.154,1.153,15.951,-24.989,13,3,0
-8.683,7.330,59.820,-0.654,3,0,0
-0.850,-1.617,59.841,0.911,3,10,0
-9.502,8.703,59.942,-0.303,3,0,0
-2.798,-2.452,55.722,-4.825,3,0,0
-6.978,-5.713,31.813,-6.153,0,1,0
-0.572,4.950,4.032,13.237,10,13,10
-5.733,2.516,48.194,-19.762,2,3,0
2.513,-2.128,56.103,2.758,3,10,0
-6.641,-6.606,35.327,-5.388,1,1,0
0.179,0.863,47.337,8.512,2,11,0
-0.251,-2.513,59.926,0.508,3,10,0
2.815,0.140,47.369,5.213,2,11,0
3.580,1.080,41.522,5.672,1,11,0
-6.785,3.525,54.627,-7.817,3,1,0
-1.679,-4.788,57.064,-2.584,3,0,0
0.811,-3.868,59.944,0.342,3,10,0
2.450,-5.932,59.954,0.230,3,10,0
-11.705,-4.225,2.165,-6.053,10,1,0
1.983,9.093,13.480,6.301,12,11,10
-10.007,-0.625,13.770,-8.909,12,1,0
-0.653,1.058,47.663,10.482,2,12,0
2.836,-2.496,56.452,2.484,3,10,0
-1.743,6.706,27.712,10.197,0,12,0
-2.020,9.781,37.637,5.820,1,11,0
-11.285,6.733,56.340,-2.375,3,0,0
0.262,-2.852,59.821,0.718,3,10,0
2.437,8.691,9.636,6.378,11,11,10
4.192,10.879,10.865,4.884,12,11,10
-11.970,11.144,59.838,-0.363,3,0,0
-8.958,4.788,54.907,-4.253,3,0,0
-2.660,-7.147,52.710,-3.101,3,0,0
-0.187,0.764,49.045,8.624,2,11,0
-10.818,-7.034,16.628,-5.094,13,0,0
2.311,-0.170,49.651,5.048,2,11,0
-11.566,10.543,59.802,-0.427,3,0,0
3.408,3.497,25.781,7.169,0,11,0
2.302,-5.311,59.862,0.422,3,10,0
-1.318,9.073,32.118,6.700,0,11,0
3.309,7.538,0.296,6.543,10,11,10
-10.153,-7.143,19.723,-5.142,13,0,0
-9.561,0.993,26.873,-9.493,0,1,0
-5.827,-7.187,40.058,-4.769,1,0,0
-1.509,7.765,29.783,8.294,0,11,0
-0.902,1.818,38.750,14.759,1,13,0
-3.630,4.571,42.381,16.351,2,13,0
-6.841,1.930,34.803,-17.200,1,3,0
-8.786,-6.548,24.296,-5.600,0,1,0
1.116,7.574,11.021,7.796,12,11,10
1.692,1.658,38.812,8.024,1,11,0
3.740,-6.390,59.691,0.533,3,10,0
-0.014,3.120,21.672,13.513,0,13,0
-0.922,3.222,15.753,17.485,13,13,10
-2.149,10.668,39.422,5.103,1,11,0
-13.277,0.950,30.374,-5.543,0,1,0
-1.182,3.841,3.885,17.788,10,13,10
-0.648,7.728,23.250,8.334,0,11,0
-0.697,9.009,28.073,6.844,0,11,0
-7.738,-2.414,13.364,-10.113,12,2,0
-5.733,2.960,54.751,-12.387,3,2,0
-0.704,5.295,8.475,12.745,11,12,10
-8.992,2.386,39.592,-9.004,1,1,0
5.123,9.966,4.453,4.940,10,11,10
-8.004,10.159,58.951,1.229,3,10,0
-2.602,-2.542,56.468,-4.268,3,0,0
-1.470,7.851,29.766,8.172,0,11,0
0.565,6.981,11.065,8.728,12,11,10
-1.119,7.949,27.509,8.068,0,11,0
-11.569,4.968,51.038,-3.880,3,0,0
-11.787,-0.955,16.628,-6.922,13,1,0
4.274,-2.152,53.703,2.890,3,10,0
-5.668,9.311,54.805,3.257,3,10,0
4.402,-2.148,53.530,2.892,3,10,0
-0.418,-4.931,59.170,-1.274,3,0,0
0.894,4.928,6.249,10.463,11,12,10
0.238,-0.431,55.111,4.855,3,11,0
-4.049,-5.062,47.750,-5.144,2,0,0
-7.815,-3.467,18.763,-8.549,13,1,0
2.292,-3.865,59.062,1.229,3,10,0
-8.378,9.617,59.555,0.830,3,10,0
2.769,11.047,16.864,5.096,13,11,10
-4.758,6.982,52.869,5.630,3,11,0
-2.969,0.326,59.749,-2.791,3,0,0
-7.850,5.524,58.964,-2.127,3,0,0
-2.243,4.207,15.129,20.579,13,13,10
-0.927,-3.681,59.347,-1.367,3,0,0
-9.658,9.911,59.985,0.140,3,10,0
-1.413,-3.479,58.776,-1.990,3,0,0
-2.508,8.515,38.753,6.854,1,11,0
2.151,-4.475,59.595,0.779,3,10,0
-7.927,3.091,47.538,-8.982,2,1,0
-0.623,-6.907,57.645,-1.748,3,0,0
-10.624,0.655,25.726,-8.019,0,1,0
1.731,5.333,6.987,8.988,11,12,10
-4.730,7.357,52.423,5.398,3,11,0
-3.663,-5.149,49.643,-4.708,2,0,0
-4.462,-7.310,46.156,-4.113,2,0,0
4.428,-3.543,56.454,2.015,3,10,0
-6.773,2.313,41.158,-15.646,1,3,0
-12.801,7.228,55.465,-2.235,3,0,0
1.825,2.519,31.599,8.722,0,11,0
-9.034,-7.295,25.062,-5.157,0,0,0
1.004,7.151,9.345,8.253,11,11,10
-3.563,-6.903,49.709,-3.770,2,0,0
-3.677,-3.592,49.995,-5.923,2,1,0
-10.851,0.952,28.324,-7.632,0,1,0
-9.575,0.152,19.069,-9.686,13,1,0
-5.982,-2.435,29.131,-10.798,0,2,0
5.219,3.603,27.245,5.713,0,11,0
3.424,11.181,14.689,4.927,13,11,10
0.564,-4.937,59.886,-0.445,3,0,0
-8.919,6.870,59.353,-1.269,3,0,0
0.524,-5.615,59.654,-0.726,3,0,0
-12.893,6.360,53.455,-2.751,3,0,0
-7.621,-3.471,20.154,-8.614,0,1,0
4.533,-2.726,54.749,2.517,3,10,0
-7.847,3.734,52.549,-6.863,3,1,0
-9.628,-2.374,1.031,-8.416,10,1,0
4.591,0.033,45.806,4.397,2,10,0
-0.270,-0.562,56.848,4.241,3,10,0
-8.411,2.242,38.572,-10.404,1,2,0
-3.902,5.333,46.917,11.216,2,12,0
0.886,8.503,16.752,7.083,13,11,10
2.317,1.481,39.812,7.082,1,11,0
-3.695,2.209,2.466,162.191,10,13,10
-3.210,1.070,59.890,2.969,3,10,0
-5.231,10.766,52.539,3.273,3,10,0
-5.886,5.115,59.706,1.630,3,10,0
3.267,8.637,5.790,6.068,11,11,10
1.066,-3.329,59.592,0.949,3,10,0
4.142,-1.586,52.294,3.306,3,10,0
4.467,-1.172,50.551,3.574,2,10,0
-3.445,-0.313,55.076,-10.006,3,1,0
-1.296,10.155,34.228,5.736,1,11,0
-1.174,-3.286,59.304,-1.520,3,0,0
-9.926,10.055,59.997,0.055,3,10,0
-7.941,2.767,44.503,-10.024,2,1,0
-6.251,-0.476,11.298,-17.613,12,3,0
2.426,6.591,1.390,7.595,10,11,10
-0.664,-6.504,57.832,-1.750,3,0,0
-10.239,-0.623,14.583,-8.599,13,1,0
-6.608,-0.097,2.015,-17.918,10,3,0
-1.680,10.184,36.362,5.611,1,11,0
1.716,-6.766,59.871,-0.376,3,0,0
-4.357,-1.510,44.111,-11.527,2,2,0
-12.682,4.843,49.148,-3.767,2,0,0
-11.304,6.460,55.741,-2.594,3,0,0
-12.054,2.128,36.757,-5.887,1,1,0
-2.350,3.884,12.381,23.441,12,13,10
0.655,2.609,29.473,11.133,0,12,0
0.491,6.926,11.216,8.842,12,12,10
4.781,-1.162,50.134,3.532,2,10,0
-3.699,-5.766,49.358,-4.389,2,0,0
-6.586,-0.749,10.289,-15.662,12,3,0
-12.254,-0.578,20.054,-6.540,0,1,0
-11.297,4.309,48.803,-4.560,2,0,0
-7.337,8.719,59.003,1.452,3,10,0
-4.463,10.512,49.885,3.911,2,10,0
4.633,7.477,4.684,5.851,10,11,10
-4.811,8.774,51.939,4.403,3,10,0
-4.194,4.961,50.247,11.050,2,12,0
-7.838,7.965,59.846,0.606,3,10,0
-5.407,11.304,52.844,3.020,3,10,0
-10.545,-3.567,3.675,-6.970,10,1,0
-6.556,2.981,50.810,-11.654,2,2,0
-8.618,-2.098,4.934,-9.684,10,1,0
-13.283,-7.163,8.098,-4.558,11,0,0
-0.795,6.524,18.355,10.303,13,12,10
-8.925,6.907,59.382,-1.236,3,0,0
-12.950,-3.920,3.543,-5.582,10,1,0
-1.312,8.253,29.882,7.644,0,11,0
-6.871,4.413,58.444,-3.619,3,0,0
-9.558,-1.288,6.547,-9.236,11,1,0
-8.144,5.857,59.054,-1.874,3,0,0
2.027,9.945,16.484,5.785,13,11,10
1.037,-4.901,59.995,-0.091,3,0,0
-4.338,0.261,40.253,-25.113,1,3,0
0.401,-7.321,58.775,-1.170,3,0,0
-12.850,-6.611,7.673,-4.819,11,0,0
-9.891,9.640,59.995,-0.083,3,0,0
-3.225,8.814,43.625,6.007,2,11,0
-9.121,1.241,28.573,-10.192,0,2,0
4.609,-0.868,49.323,3.765,2,10,0
2.475,10.296,15.689,5.503,13,11,10
-7.124,-5.458,30.363,-6.400,0,1,0
-9.241,-4.046,12.690,-7.329,12,1,0
2.548,-1.536,54.484,3.377,3,10,0
-7.104,9.499,58.119,1.837,3,10,0
-0.528,-3.391,59.847,-0.667,3,0,0
-4.957,0.973,10.583,-42.061,12,3,0
-4.278,-6.889,46.851,-4.214,2,0,0
1.201,2.415,32.064,9.719,0,12,0
-4.654,1.468,2.346,-71.107,10,3,0
-12.360,-6.673,9.575,-4.917,11,0,0
-4.926,-4.666,42.587,-6.280,2,1,0
1.166,3.659,19.597,10.451,13,12,10
-11.417,3.905,46.811,-4.901,2,0,0
-0.786,-1.615,59.792,1.031,3,10,0
-3.885,4.930,46.547,12.912,2,12,0
-8.736,4.994,56.077,-3.809,3,0,0
-10.032,0.173,20.536,-8.945,0,1,0
4.974,8.158,2.524,5.508,10,11,10
-8.790,0.694,22.110,-11.235,0,2,0
-6.673,6.914,59.367,1.554,3,10,0
-6.457,-3.597,29.479,-8.549,0,1,0
-2.162,-1.424,59.317,-2.322,3,0,0
4.064,0.595,43.704,5.022,2,11,0
-12.644,4.891,49.367,-3.741,2,0,0
4.926,-5.598,58.526,1.128,3,10,0
-5.574,11.040,53.462,2.968,3,10,0
-6.146,9.971,55.707,2.700,3,10,0
3.185,-2.171,55.234,2.821,3,10,0
-2.952,-6.269,52.146,-3.561,3,0,0
-0.364,-0.347,56.277,4.808,3,11,0
-8.420,10.443,59.222,1.011,3,10,0
2.155,11.306,20.177,5.065,0,11,0
-6.610,-0.650,8.936,-15.951,11,3,0
-10.923,-6.777,15.391,-5.188,13,0,0
-6.480,2.009,36.175,-19.298,1,3,0
-10.452,-4.065,6.642,-6.734,11,1,0
-6.045,-4.671,35.342,-6.949,1,1,0
2.854,6.247,5.317,7.412,11,11,10
-7.272,5.296,59.427,-1.781,3,0,0
2.729,-0.297,49.576,4.753,2,11,0
2.595,10.637,16.303,5.314,13,11,10
-6.731,-0.987,11.136,-14.567,12,2,0
-1.526,-3.810,58.268,-2.267,3,0,0
-11.748,7.194,56.631,-2.125,3,0,0
-1.174,-3.666,59.021,-1.705,3,0,0
-8.545,-6.157,24.408,-5.870,0,1,0
0.904,6.947,8.741,8.521,11,11,10
-5.193,-4.407,40.598,-6.778,1,1,0
-11.433,11.079,59.946,-0.217,3,0,0
-4.427,5.520,51.987,8.448,3,11,0
2.522,-3.755,58.752,1.400,3,10,0
-4.343,0.652,37.632,-33.601,1,3,0
-8.362,-5.912,24.654,-6.055,0,1,0
-0.880,-7.222,57.004,-1.923,3,0,0
-6.216,9.650,56.121,2.665,3,10,0
-5.103,11.224,51.936,3.234,3,10,0
5.091,4.795,20.304,5.936,0,11,0
-6.796,-6.317,34.025,-5.632,1,1,0
3.522,-4.868,58.951,1.097,3,10,0
0.796,9.973,22.574,5.975,0,11,0
4.120,-1.603,52.373,3.295,3,10,0
-11.673,-3.287,2.410,-6.434,10,1,0
3.354,7.643,0.660,6.472,10,11,10
-1.668,6.203,24.505,11.395,0,12,0
-11.829,4.130,47.338,-4.543,2,0,0
0.084,-7.343,58.401,-1.349,3,0,0
-9.049,7.877,59.868,-0.513,3,0,0
-4.762,0.887,19.284,-42.133,13,3,0
-2.338,0.862,56.822,9.563,3,12,0
4.555,-4.466,57.662,1.547,3,10,0
-4.473,9.761,50.099,4.246,2,10,0
5.057,7.294,6.856,5.682,11,11,10
-9.493,-2.914,5.172,-8.110,10,1,0
-13.223,1.293,32.225,-5.472,0,1,0
-3.289,-2.089,53.458,-6.564,3,1,0
-0.615,-5.915,58.289,-1.652,3,0,0
-8.308,-3.735,16.755,-8.032,13,1,0
-3.082,-5.180,52.177,-4.093,3,0,0
-12.261,5.107,50.592,-3.655,2,0,0
-8.588,-7.281,27.074,-5.172,0,0,0
2.356,0.912,43.584,6.395,2,11,0
-9.268,5.275,55.917,-3.507,3,0,0
-9.110,-5.944,20.891,-5.955,0,1,0
-10.379,-4.158,7.438,-6.715,11,1,0
-13.092,-5.873,4.208,-4.976,10,0,0
0.262,10.181,25.939,5.865,0,11,0
-0.793,11.025,33.174,5.220,1,11,0
-4.087,-1.611,47.122,-10.282,2,2,0
-8.307,0.653,20.036,-12.533,0,2,0
4.230,7.333,4.109,6.104,10,11,10
-13.149,3.445,43.046,-4.512,2,0,0
-7.112,11.295,56.946,1.928,3,10,0
-7.303,5.359,59.467,-1.694,3,0,0
3.593,-5.120,59.094,0.998,3,10,0
1.285,8.508,14.567,6.942,13,11,10
-3.867,-7.144,48.517,-3.860,2,0,0
-3.848,-1.171,49.671,-10.602,2,2,0
-2.988,11.289,43.818,4.387,2,10,0
-12.187,10.189,59.398,-0.732,3,0,0
-12.740,4.078,46.125,-4.271,2,0,0
-11.321,10.730,59.911,-0.286,3,0,0
-8.335,3.793,51.613,-6.521,3,1,0
-2.795,-5.751,52.959,-3.595,3,0,0
-2.352,2.972,6.631,31.173,11,13,10
0.229,5.161,0.093,11.364,10,12,10
-3.173,-4.075,52.418,-4.762,3,0,0
-2.941,10.119,42.938,5.119,2,11,0
2.604,-2.483,56.746,2.442,3,10,0
-12.457,3.945,45.843,-4.461,2,0,0
-1.379,6.280,22.132,11.111,0,12,0
-2.006,7.675,33.349,8.293,1,11,0
-5.162,-6.090,42.395,-5.195,2,0,0
-12.481,4.466,47.970,-4.080,2,0,0
1.048,4.323,12.640,10.556,12,12,10
4.825,-0.981,49.467,3.645,2,10,0
0.626,3.625,18.055,11.669,13,12,10
-13.203,-6.700,6.814,-4.707,11,0,0
-6.707,11.188,56.218,2.189,3,10,0
-6.860,7.602,59.120,1.628,3,10,0
-12.679,-6.167,6.676,-5.004,11,0,0
-9.199,-0.799,8.938,-10.049,11,2,0
-12.296,6.126,53.608,-2.908,3,0,0
1.470,-6.170,59.914,-0.327,3,0,0
-12.569,4.679,48.683,-3.907,2,0,0
-1.702,8.648,33.606,7.067,1,11,0
-0.933,7.574,24.698,8.595,0,11,0
-4.948,3.852,59.129,4.896,3,11,0
-4.738,-0.959,37.866,-15.260,1,3,0
3.186,-4.162,58.574,1.374,3,10,0
-0.065,3.229,20.054,13.716,0,13,0
5.069,6.379,11.547,5.846,12,11,10
-8.272,-0.134,10.755,-12.361,12,2,0
-1.033,6.711,21.428,10.067,0,12,0
-10.135,2.426,39.239,-7.381,1,1,0
-2.786,9.693,41.800,5.527,2,11,0
-1.327,-3.940,58.545,-2.016,3,0,0
-5.218,10.462,52.638,3.368,3,10,0
-13.048,10.866,59.308,-0.717,3,0,0
2.452,5.290,10.268,8.162,12,11,10
-9.067,8.115,59.930,-0.366,3,0,0
-5.269,8.638,53.907,3.898,3,10,0
-5.352,-3.659,38.321,-7.935,1,1,0
-5.093,11.191,51.916,3.250,3,10,0
-7.736,8.754,59.427,1.072,3,10,0
0.655,0.084,51.559,6.096,3,11,0
-2.839,5.726,35.119,12.465,1,12,0
-6.575,-4.191,30.494,-7.707,0,1,0
-8.766,1.855,34.526,-10.291,1,2,0
3.932,3.642,25.520,6.704,0,11,0
-6.954,11.267,56.667,2.027,3,10,0
3.000,-5.822,59.776,0.494,3,10,0
-6.110,-6.325,37.687,-5.436,1,1,0
-12.985,-7.329,9.598,-4.573,11,0,0
2.470,4.235,18.354,8.345,13,11,10
-4.303,-1.009,44.154,-13.433,2,2,0
-2.355,9.940,39.698,5.548,1,11,0
-10.937,8.438,59.039,-1.130,3,0,0
-4.306,-6.703,46.705,-4.325,2,0,0
-12.291,10.317,59.410,-0.715,3,0,0
2.576,10.183,14.867,5.537,13,11,10
-10.543,10.862,59.998,0.041,3,10,0
-11.166,-0.648,17.128,-7.527,13,1,0
-6.007,7.750,57.182,2.984,3,10,0
-10.988,-7.309,16.777,-4.949,13,0,0
-1.443,10.122,34.972,5.725,1,11,0
-0.548,-3.725,59.695,-0.904,3,0,0
2.299,9.028,11.718,6.235,12,11,10
-4.194,3.785,51.612,17.046,3,13,0
-2.588,5.395,30.494,14.054,0,13,0
-4.361,-3.899,45.708,-6.577,2,1,0
5.102,0.242,44.448,4.348,2,10,0
-6.816,-1.920,17.980,-11.861,13,2,0
-1.626,11.328,37.636,4.855,1,11,0
-11.812,4.266,47.945,-4.435,2,0,0
-4.728,8.005,51.985,4.953,3,11,0
-11.086,-4.030,3.692,-6.436,10,1,0
-5.166,11.299,52.106,3.174,3,10,0
-7.964,10.554,58.688,1.324,3,10,0
-5.632,-0.887,24.077,-16.572,0,3,0
-9.089,-0.847,7.984,-10.199,11,2,0
-8.955,6.298,58.647,-1.932,3,0,0
-9.055,9.922,59.829,0.482,3,10,0
-7.200,-6.622,32.475,-5.486,0,1,0
-2.079,-4.610,56.140,-3.076,3,0,0
-10.111,10.705,59.970,0.177,3,10,0
-13.290,-1.276,17.989,-5.811,13,1,0
-7.381,7.087,59.903,0.558,3,10,0
-1.785,3.816,2.601,20.929,10,13,10
-8.034,10.073,59.030,1.191,3,10,0
-8.985,-5.915,21.431,-5.991,0,1,0
-7.957,0.941,22.368,-13.592,0,2,0
-11.492,2.184,37.166,-6.285,1,1,0
-0.423,0.318,53.003,7.114,3,11,0
-6.295,2.203,40.092,-19.375,1,3,0
-8.412,0.194,15.132,-12.178,13,2,0
-8.726,1.771,33.637,-10.501,1,2,0
-10.799,7.602,58.307,-1.606,3,0,0
5.099,2.762,31.866,5.568,0,11,0
-8.756,-3.448,12.487,-8.115,12,1,0
-7.480,-3.317,20.447,-8.878,0,1,0
4.887,-0.808,48.787,3.747,2,10,0
-9.982,0.068,19.506,-9.026,13,1,0
3.411,6.450,6.151,6.904,11,11,10
-6.600,4.069,58.059,-4.555,3,0,0
-0.442,-4.531,59.373,-1.163,3,0,0
-11.508,-0.121,21.595,-7.175,0,1,0
-4.447,2.465,59.555,-11.307,3,2,0
-5.508,7.619,55.693,3.837,3,10,0
-4.697,-4.332,43.773,-6.441,2,1,0
-2.917,-5.782,52.503,-3.697,3,0,0
1.299,7.612,10.182,7.661,12,11,10
-3.056,6.872,40.274,8.962,1,12,0
-0.884,6.032,15.971,11.350,13,12,10
-2.023,3.976,8.477,21.251,11,13,10
-0.312,3.941,9.507,14.214,11,13,10
-8.202,10.577,58.943,1.174,3,10,0
-12.904,3.448,43.238,-4.611,2,0,0
-2.747,-7.337,52.361,-3.110,3,0,0
2.440,7.749,5.110,6.925,10,11,10
4.383,2.341,34.022,5.891,1,11,0
-3.985,-7.246,48.059,-3.885,2,0,0
-2.883,2.848,0.360,42.782,10,13,10
-6.592,-3.463,27.939,-8.781,0,1,0
-1.145,-0.551,58.827,3.084,3,10,0
-3.520,-0.403,54.125,-10.564,3,2,0
-10.481,-6.618,16.726,-5.344,13,1,0
-12.888,10.620,59.260,-0.759,3,0,0
-1.402,5.716,18.707,12.573,13,12,10
-0.992,8.432,28.232,7.456,0,11,0
-7.073,6.440,59.956,0.423,3,10,0
-2.191,5.916,28.477,12.242,0,12,0
0.640,8.559,18.394,7.109,13,11,10
-7.603,7.808,59.767,0.773,3,10,0
-11.558,-5.823,9.507,-5.446,11,1,0
-10.345,7.996,59.134,-1.164,3,0,0
-7.585,-4.243,23.701,-7.656,0,1,0
2.075,4.632,13.949,8.814,12,12,10
-8.509,5.585,58.050,-2.633,3,0,0
2.420,-3.516,58.587,1.530,3,10,0
-7.575,9.891,58.578,1.499,3,10,0
2.373,1.340,40.755,6.873,1,11,0
4.550,-0.824,49.236,3.808,2,10,0
-3.159,4.064,30.872,23.082,0,13,0
-11.966,7.094,56.188,-2.226,3,0,0
-5.587,1.231,11.472,-33.406,12,3,0
-13.075,-2.774,9.514,-5.777,11,1,0
3.115,-5.258,59.478,0.777,3,10,0
-1.929,3.945,6.615,20.991,11,13,10
4.229,2.433,33.429,6.046,1,11,0
-7.879,6.309,59.761,-0.924,3,0,0
-4.151,5.689,49.429,9.211,2,12,0
2.527,2.583,31.590,7.784,0,11,0
3.326,2.382,33.449,6.790,1,11,0
-0.036,1.212,44.669,9.912,2,12,0
-7.189,-6.910,33.060,-5.291,1,1,0
-5.258,-3.789,39.263,-7.659,1,1,0
-5.227,10.596,52.604,3.323,3,10,0
0.390,1.441,41.779,9.731,2,12,0
-10.568,4.582,51.066,-4.463,3,0,0
-11.598,10.999,59.900,-0.294,3,0,0
-10.752,3.129,43.420,-6.049,2,1,0
2.102,-5.808,59.988,0.121,3,10,0
-1.114,1.829,38.779,15.834,1,13,0
-2.661,1.547,49.479,24.006,2,13,0
0.270,-6.624,58.990,-1.139,3,0,0
-7.240,4.146,56.520,-5.182,3,0,0
-12.541,-4.887,2.105,-5.465,10,1,0
1.679,1.776,37.867,8.189,1,11,0
-3.318,1.105,59.998,0.391,3,10,0
-11.576,-5.830,9.465,-5.438,11,1,0
-3.271,8.719,43.835,6.062,2,11,0
-3.445,9.110,45.053,5.556,2,11,0
-0.482,6.065,12.734,10.907,12,12,10
-7.938,-6.398,28.175,-5.711,0,1,0
-7.390,-6.152,30.499,-5.853,0,1,0
-4.176,0.958,41.334,-41.164,1,3,0
0.426,5.918,4.861,10.118,10,12,10
-12.457,0.536,27.286,-6.226,0,1,0
5.251,-6.576,59.033,0.850,3,10,0
-3.111,1.205,58.827,9.901,3,12,0
1.213,-0.623,53.732,4.575,3,10,0
-1.151,0.004,57.029,5.360,3,11,0
-1.468,-1.009,59.906,0.853,3,10,0
-6.684,4.757,59.506,-1.996,3,0,0
0.574,0.574,48.655,7.329,2,11,0
-6.771,2.151,38.560,-16.564,1,3,0
-6.501,-3.970,30.359,-7.996,0,1,0
-4.793,-4.174,43.024,-6.719,2,1,0
-7.279,10.985,57.433,1.815,3,10,0
-11.985,8.635,58.365,-1.340,3,0,0
-4.483,0.701,32.451,-36.428,0,3,0
2.953,7.186,0.157,6.917,10,11,10
2.646,5.912,6.676,7.732,11,11,10
-3.671,4.459,42.801,16.950,2,13,0
-6.987,2.299,40.607,-14.715,1,2,0
3.467,5.323,13.374,7.156,12,11,10
-0.821,7.026,21.320,9.430,0,12,0
-3.977,10.249,47.901,4.380,2,10,0
0.755,3.729,17.432,11.346,13,12,10
5.008,8.616,0.599,5.368,10,11,10
2.453,-2.987,57.837,1.958,3,10,0
-12.055,0.108,24.073,-6.642,0,1,0
-3.719,9.419,46.604,5.090,2,11,0
0.004,-7.065,58.453,-1.366,3,0,0
-6.759,3.826,56.514,-6.092,3,1,0
-5.557,5.044,59.128,2.981,3,10,0
-10.985,-3.224,0.084,-6.879,10,1,0
-7.937,-0.747,2.052,-12.491,10,2,0
2.797,11.164,17.105,5.041,13,11,10
-12.973,0.382,26.911,-5.881,0,1,0
-5.122,3.282,59.828,-2.666,3,0,0
-1.676,11.325,37.868,4.843,1,11,0
-9.838,-2.245,0.884,-8.311,10,1,0
-11.057,0.862,27.896,-7.432,0,1,0
-9.392,7.723,59.624,-0.853,3,0,0
-6.674,-6.404,34.824,-5.540,1,1,0
-0.756,1.872,37.869,14.336,1,13,0
-5.311,6.549,56.091,4.500,3,10,0
5.236,9.458,2.147,5.051,10,11,10
-8.490,11.019,59.014,1.075,3,10,0
-11.641,-5.687,8.664,-5.478,11,1,0
-12.346,10.082,59.253,-0.812,3,0,0
-12.488,-3.700,3.126,-5.861,10,1,0
5.175,10.800,7.245,4.685,11,11,10
-1.425,1.916,37.544,18.167,1,13,0
-10.811,4.868,51.806,-4.096,3,0,0
-10.201,1.376,31.016,-8.241,0,1,0
-11.989,-4.629,2.944,-5.773,10,1,0
-9.955,-7.148,20.588,-5.163,0,0,0
-4.217,-0.167,44.182,-18.640,2,3,0
-2.323,9.610,39.129,5.837,1,11,0
-8.678,4.532,54.509,-4.714,3,0,0
-6.988,5.022,59.444,-1.918,3,0,0
-7.465,0.219,10.073,-15.182,12,3,0
1.336,1.964,36.325,8.949,1,12,0
-11.307,-2.218,7.182,-7.060,11,1,0
4.478,-7.284,59.721,0.460,3,10,0
-11.823,-6.696,11.609,-5.033,12,0,0
-2.092,-0.072,59.696,2.143,3,10,0
-5.265,6.240,56.290,4.694,3,11,0
-9.983,2.206,37.632,-7.806,1,1,0
-6.737,8.661,58.080,2.091,3,10,0
-9.642,8.993,59.962,-0.236,3,0,0
4.825,6.370,10.962,5.990,12,11,10
-6.564,9.256,57.253,2.332,3,10,0
-11.267,4.723,50.555,-4.164,2,0,0
-12.243,11.329,59.807,-0.386,3,0,0
-13.325,6.119,52.326,-2.880,3,0,0
-0.283,-7.334,57.913,-1.561,3,0,0
-3.515,3.991,38.117,22.614,1,13,0
-13.049,-7.229,9.070,-4.589,11,0,0
-10.118,2.337,38.585,-7.499,1,1,0
-5.039,10.609,51.969,3.458,3,10,0
-1.220,1.936,37.092,16.959,1,13,0
4.648,-6.666,59.406,0.688,3,10,0
-10.633,1.733,34.038,-7.443,1,1,0
-9.783,3.195,44.967,-6.727,2,1,0
-0.290,-2.930,60.000,0.016,3,10,0
-10.155,6.558,57.497,-2.239,3,0,0
-7.200,-2.304,17.040,-10.727,13,2,0
-13.268,-5.065,0.470,-5.149,10,0,0
1.394,0.841,45.282,7.135,2,11,0
2.226,3.052,27.502,8.445,0,11,0
1.141,8.403,14.890,7.079,13,11,10
-2.290,-6.692,54.045,-2.942,3,0,0
-1.635,0.366,56.904,6.619,3,11,0
1.157,2.094,35.123,9.431,1,12,0
-0.326,-5.042,59.208,-1.223,3,0,0
-1.277,2.322,30.115,18.927,0,13,0
-9.082,-5.078,17.998,-6.569,13,1,0
0.812,-1.811,58.023,2.488,3,10,0
-8.317,8.323,59.941,0.348,3,10,0
-5.618,0.052,13.932,-23.046,12,3,0
-4.477,3.851,55.470,11.963,3,12,0
-8.046,-6.414,27.657,-5.703,0,1,0
2.182,8.811,11.349,6.405,12,11,10
-12.117,-2.067,10.686,-6.503,12,1,0
-8.130,-3.136,14.847,-8.821,13,1,0
0.555,4.254,10.974,11.606,12,12,10
3.632,6.936,4.159,6.585,10,11,10
-4.863,8.766,52.171,4.345,3,10,0
-7.596,-3.519,20.562,-8.558,0,1,0
-8.913,7.390,59.726,-0.785,3,0,0
-13.226,-0.266,23.510,-5.811,0,1,0
-0.639,7.266,21.097,8.991,0,12,0
-4.802,-4.445,43.190,-6.413,2,1,0
5.205,0.592,42.844,4.511,2,10,0
-0.920,9.028,29.517,6.808,0,11,0
-11.832,6.659,55.480,-2.507,3,0,0
3.224,-4.081,58.452,1.434,3,10,0
-1.956,8.566,35.128,7.074,1,11,0
-1.821,-3.004,58.380,-2.537,3,0,0
5.232,-6.708,59.124,0.805,3,10,0
-7.726,10.259,58.559,1.443,3,10,0
-12.181,-1.290,15.494,-6.574,13,1,0
-8.782,-3.181,10.854,-8.369,12,1,0
1.820,0.561,46.467,6.331,2,11,0
-1.040,-0.446,58.326,3.666,3,10,0
-2.911,10.577,43.083,4.830,2,11,0
3.899,-0.555,49.024,4.167,2,10,0
-6.049,3.601,57.920,-6.023,3,1,0
4.121,-2.207,54.045,2.849,3,10,0
-4.017,1.490,46.776,-73.648,2,3,0
-11.833,-3.921,0.227,-6.110,10,1,0
-13.161,9.814,58.539,-1.093,3,0,0
-9.205,-5.389,18.510,-6.315,13,1,0
-6.924,-3.664,26.135,-8.473,0,1,0
-6.617,-1.066,13.131,-14.523,12,2,0
-8.478,-5.721,23.457,-6.187,0,1,0
-12.052,-1.463,14.111,-6.653,12,1,0
-10.031,-2.144,2.491,-8.192,10,1,0
-0.520,-6.288,58.195,-1.625,3,0,0
-3.094,10.718,44.022,4.651,2,11,0
-1.941,-3.999,57.089,-2.911,3,0,0
-1.969,5.460,23.168,13.796,0,13,0
-0.658,-4.005,59.448,-1.181,3,0,0
0.012,7.779,18.902,8.095,13,11,10
-10.544,1.667,33.511,-7.596,1,1,0
-1.822,-1.854,59.501,-1.744,3,0,0
-11.165,-2.643,4.109,-7.011,10,1,0
-0.530,0.239,53.826,6.813,3,11,0
-9.067,2.507,40.604,-8.675,1,1,0
2.621,4.679,15.365,8.120,13,11,10
-5.677,-3.011,34.093,-9.344,1,1,0
-12.904,9.239,58.213,-1.267,3,0,0
-9.700,2.538,40.354,-7.755,1,1,0
4.357,1.870,36.741,5.675,1,11,0
-0.399,-6.556,58.206,-1.569,3,0,0
-0.913,-1.236,59.580,1.585,3,10,0
2.448,-3.546,58.593,1.519,3,10,0
-11.027,0.210,23.037,-7.640,0,1,0
-5.306,3.727,60.000,-0.108,3,0,0
0.844,7.409,11.740,8.104,12,11,10
-0.087,-0.868,57.413,3.592,3,10,0
-4.492,-4.931,45.330,-5.658,2,1,0
1.623,-5.316,59.996,0.076,3,10,0
-4.309,8.645,49.620,5.071,2,11,0
-0.259,9.271,26.213,6.600,0,11,0
-6.501,2.926,50.423,-12.195,2,2,0
-11.604,2.974,41.807,-5.614,2,1,0
-4.360,4.594,52.493,11.098,3,12,0
2.479,4.303,17.847,8.331,13,11,10
-11.135,-4.683,6.538,-6.101,11,1,0
-4.472,7.663,50.827,5.611,3,11,0
-3.409,10.087,45.246,4.860,2,11,0
-9.763,-1.911,2.838,-8.605,10,1,0
-8.489,9.991,59.481,0.859,3,10,0
1.429,8.503,13.774,6.893,12,11,10
-7.377,-5.674,29.434,-6.236,0,1,0
2.121,-4.359,59.548,0.833,3,10,0
-5.275,6.197,56.390,4.673,3,11,0
-5.066,-6.682,43.254,-4.754,2,0,0
0.678,-3.491,59.884,0.517,3,10,0
-1.388,-3.214,59.041,-1.832,3,0,0
-4.327,1.993,34.976,-149.037,1,3,0
-10.330,-2.984,1.410,-7.445,10,1,0
3.315,-4.868,59.100,1.032,3,10,0
-10.370,1.660,33.387,-7.815,1,1,0
-8.066,2.172,37.993,-11.411,1,2,0
3.924,7.318,3.142,6.278,10,11,10
-11.612,8.919,58.925,-1.099,3,0,0
-9.195,-0.043,15.937,-10.363,13,2,0
-1.411,6.449,23.381,10.734,0,12,0
-1.093,0.300,55.304,6.909,3,11,0
1.826,5.739,4.374,8.644,10,11,10
-8.825,10.096,59.663,0.674,3,10,0
-1.726,8.821,34.151,6.861,1,11,0
-1.193,1.768,39.835,15.930,1,13,0
-4.543,5.490,52.962,7.982,3,11,0
-12.399,5.691,52.270,-3.211,3,0,0
-0.429,3.091,20.398,15.112,0,13,0
-1.717,1.611,43.546,17.820,2,13,0
3.186,3.714,23.880,7.450,0,11,0
-13.212,10.730,59.148,-0.794,3,0,0
-0.593,-5.812,58.390,-1.620,3,0,0
-4.070,7.795,48.433,6.111,2,11,0
-4.563,-1.228,41.099,-13.342,1,2,0
5.025,-1.962,52.258,2.991,3,10,0
-2.800,-5.117,53.315,-3.813,3,0,0
-7.161,1.151,22.315,-17.016,0,3,0
2.572,-0.157,49.175,4.970,2,11,0
0.492,6.955,11.380,8.808,12,12,10
-1.344,9.940,34.101,5.897,1,11,0
-0.024,1.567,40.981,10.958,1,12,0
-2.629,5.828,33.054,12.316,1,12,0
-0.662,10.457,31.431,5.622,0,11,0
3.712,-2.342,54.919,2.730,3,10,0
2.593,3.223,26.644,8.018,0,11,0
-9.943,8.884,59.859,-0.453,3,0,0
4.655,4.624,20.526,6.234,0,11,0
-3.458,-6.857,50.109,-3.719,2,0,0
-4.838,-2.916,41.272,-8.733,1,1,0
3.359,4.720,17.125,7.330,13,11,10
-10.858,2.291,38.001,-6.765,1,1,0
3.535,1.198,40.876,5.796,1,11,0
-11.637,0.094,23.308,-7.024,0,1,0
-8.330,-5.647,24.029,-6.256,0,1,0
-1.008,9.143,30.361,6.683,0,11,0
5.224,-5.749,58.440,1.128,3,10,0
-0.048,4.712,2.525,12.506,10,12,10
-4.985,2.969,59.324,-6.501,3,1,0
-5.450,9.757,53.799,3.366,3,10,0
-1.138,4.283,1.786,16.381,10,13,10
-1.928,0.366,57.991,5.834,3,11,0
-4.278,2.984,55.990,21.092,3,13,0
-0.565,0.908,48.851,9.664,2,12,0
-6.040,9.445,55.808,2.855,3,10,0
-2.030,4.546,15.928,17.972,13,13,10
2.656,2.320,33.651,7.454,1,11,0
0.780,8.915,19.011,6.770,13,11,10
-0.572,5.285,7.225,12.545,11,12,10
-2.570,9.228,40.100,6.057,1,11,0
1.788,-3.820,59.420,1.014,3,10,0
4.530,-1.098,50.223,3.617,2,10,0
-11.837,6.532,55.194,-2.599,3,0,0
-4.418,-3.144,44.926,-7.706,2,1,0
-1.871,7.723,32.431,8.267,0,11,0
-4.089,3.714,49.798,19.495,2,13,0
-5.011,11.297,51.612,3.272,3,10,0
-10.504,-2.581,1.795,-7.538,10,1,0
-2.793,1.295,55.301,16.655,3,13,0
0.942,0.764,46.571,7.425,2,11,0
1.093,1.813,37.735,9.153,1,12,0
-11.375,7.863,58.051,-1.610,3,0,0
-10.469,-6.349,15.893,-5.478,13,1,0
1.567,1.045,43.600,7.297,2,11,0
-3.763,-6.043,49.041,-4.296,2,0,0
-7.527,4.874,58.229,-3.180,3,0,0
0.272,-3.587,59.997,0.079,3,10,0
-2.480,5.821,31.295,12.447,0,12,0
-8.336,-1.063,1.706,-11.298,10,2,0
-5.421,7.684,55.299,3.974,3,10,0
-11.209,-6.721,14.060,-5.155,12,0,0
3.214,-5.931,59.732,0.529,3,10,0
0.949,-3.858,59.899,0.454,3,10,0
-1.402,8.282,30.602,7.592,0,11,0
-12.992,5.980,52.348,-2.982,3,0,0
-8.738,5.749,58.016,-2.533,3,0,0
-12.056,3.074,42.028,-5.269,2,1,0
-6.890,8.072,58.813,1.766,3,10,0
-0.081,-2.953,59.980,0.245,3,10,0
-9.743,-3.043,4.621,-7.827,10,1,0
3.112,10.059,12.170,5.466,12,11,10
-12.229,10.559,59.552,-0.616,3,0,0
-4.959,7.456,53.510,4.899,3,11,0
-4.169,1.549,32.370,-104.900,0,3,0
5.133,-4.694,57.411,1.540,3,10,0
2.371,11.243,19.092,5.067,13,11,10
-1.235,5.874,18.151,12.016,13,12,10
-7.839,10.782,58.400,1.436,3,10,0
-9.800,-5.964,17.608,-5.822,13,1,0
-8.710,8.852,59.949,0.298,3,10,0
-4.912,-3.179,41.032,-8.324,1,1,0
-1.330,-2.721,59.503,-1.421,3,0,0
-4.284,-3.590,46.109,-6.859,2,1,0
-7.736,-3.666,20.258,-8.321,0,1,0
-1.801,-3.181,58.251,-2.555,3,0,0
5.282,9.358,1.607,5.064,10,11,10
-4.526,7.809,51.052,5.404,3,11,0
-3.486,6.971,44.045,8.153,2,11,0
4.347,4.589,20.165,6.466,0,11,0
4.083,-4.138,57.699,1.621,3,10,0
1.210,-0.386,52.719,4.999,3,11,0
-0.627,-0.311,56.826,4.709,3,11,0
-10.198,9.864,59.983,-0.144,3,0,0
-11.227,8.223,58.601,-1.351,3,0,0
-12.006,11.267,59.857,-0.338,3,0,0
-4.925,2.698,57.645,-14.368,3,2,0
2.572,1.735,37.907,7.071,1,11,0
-11.070,2.864,41.554,-6.077,1,1,0
3.975,2.033,35.802,6.037,1,11,0
-12.150,2.389,38.249,-5.666,1,1,0
-2.066,7.867,34.318,7.966,1,11,0
-1.963,10.113,37.788,5.571,1,11,0
-9.762,6.675,58.198,-1.967,3,0,0
3.138,-3.147,57.275,2.031,3,10,0
2.257,4.800,13.251,8.537,12,11,10
3.763,-1.127,51.327,3.713,3,10,0
-11.024,7.604,58.077,-1.677,3,0,0
-0.385,-1.176,58.725,2.557,3,10,0
1.486,-6.540,59.842,-0.428,3,0,0
3.813,4.069,22.511,6.881,0,11,0
-1.125,9.971,32.938,5.919,1,11,0
3.423,8.334,3.773,6.136,10,11,10
2.854,6.875,1.511,7.131,10,11,10
-6.702,0.842,14.177,-19.829,12,3,0
-1.844,10.040,37.038,5.671,1,11,0
0.850,-5.625,59.822,-0.511,3,0,0
-2.032,4.258,12.530,19.589,12,13,10
-12.461,-6.730,9.415,-4.874,11,0,0
-3.827,-2.634,49.306,-7.373,2,1,0
-0.551,8.779,26.459,7.080,0,11,0
-0.375,0.888,48.497,9.316,2,12,0
-11.676,10.872,59.854,-0.357,3,0,0
-10.656,4.072,48.642,-5.039,2,0,0
0.883,1.096,44.134,8.186,2,11,0
-2.651,-7.052,52.783,-3.118,3,0,0
-8.927,1.873,34.749,-9.925,1,1,0
-0.720,-0.743,58.410,3.209,3,10,0
3.847,7.040,4.348,6.417,10,11,10
-5.762,-1.465,26.471,-13.851,0,2,0
-12.757,4.869,49.153,-3.734,2,0,0
-8.698,9.907,59.654,0.699,3,10,0
-4.292,-0.628,43.737,-15.536,2,3,0
-10.952,9.997,59.844,-0.408,3,0,0
-4.508,4.970,53.385,9.088,3,12,0
-5.681,1.123,9.723,-31.231,11,3,0
-12.419,10.962,59.633,-0.539,3,0,0
-8.881,10.299,59.625,0.695,3,10,0
-0.673,8.066,24.776,7.898,0,11,0
0.196,3.233,21.013,12.850,0,12,0
-12.770,2.214,37.163,-5.370,1,1,0
-4.570,-5.289,45.046,-5.421,2,1,0
-3.709,1.270,57.918,-19.930,3,3,0
1.580,-3.757,59.523,0.942,3,10,0
-6.635,2.477,43.979,-15.240,2,3,0
-0.919,6.209,17.472,11.004,13,12,10
-5.930,5.045,59.815,1.305,3,10,0
1.299,9.887,19.767,5.962,13,11,10
-10.906,6.997,57.303,-2.087,3,0,0
-1.878,-5.468,56.011,-2.771,3,0,0
0.186,-5.370,59.517,-0.896,3,0,0
-10.291,8.034,59.207,-1.115,3,0,0
-4.117,3.986,50.037,16.639,2,13,0
-0.079,6.242,10.812,10.216,12,12,10
-2.508,9.925,40.510,5.488,1,11,0
4.764,8.460,0.498,5.510,10,11,10
-5.563,7.000,56.554,3.826,3,10,0
1.968,10.113,17.335,5.704,13,11,10
-8.013,9.770,59.168,1.139,3,10,0
-4.629,4.290,55.818,9.267,3,12,0
-10.167,6.102,56.558,-2.704,3,0,0
-4.073,3.494,49.695,22.480,2,13,0
-6.011,1.885,33.196,-24.812,1,3,0
-0.075,0.625,49.843,8.032,2,11,0
2.390,7.986,6.543,6.812,11,11,10
-5.287,10.423,52.886,3.326,3,10,0
-3.213,-7.163,50.906,-3.453,3,0,0
-11.495,6.175,54.809,-2.845,3,0,0
2.308,-6.482,60.000,-0.023,3,0,0
-6.942,-6.913,34.298,-5.245,1,0,0
4.063,9.056,4.521,5.584,10,11,10
-2.239,-3.996,56.198,-3.363,3,0,0
-3.467,10.978,45.781,4.312,2,10,0
-1.617,-3.585,58.278,-2.350,3,0,0
-4.017,1.953,32.785,-994.212,1,3,0
-10.552,-0.799,14.253,-8.180,12,1,0
-1.480,-6.242,56.428,-2.366,3,0,0
-0.560,0.012,55.184,5.928,3,11,0
-10.768,5.099,52.717,-3.849,3,0,0
1.181,0.929,44.972,7.507,2,11,0
-3.012,-1.891,55.385,-5.748,3,1,0
-6.268,4.690,59.903,-0.971,3,0,0
-10.486,8.790,59.575,-0.759,3,0,0
1.552,-5.989,59.961,-0.223,3,0,0
-12.311,-6.352,8.632,-5.039,11,0,0
-12.972,-6.022,5.155,-4.967,10,0,0
-1.455,9.300,33.475,6.441,1,11,0
-6.543,6.480,59.515,1.478,3,10,0
-7.436,-4.682,26.228,-7.182,0,1,0
-6.978,8.276,58.798,1.720,3,10,0
-10.279,5.498,54.810,-3.396,3,0,0
-7.061,-1.615,13.371,-12.349,12,2,0
-6.258,2.448,44.654,-17.409,2,3,0
-5.696,5.903,58.370,3.265,3,10,0
-4.084,6.366,48.683,8.031,2,11,0
-7.297,2.504,42.843,-12.595,2,2,0
0.950,2.507,30.922,10.333,0,12,0
-5.189,8.894,53.421,3.905,3,10,0
-1.851,5.311,20.665,14.272,0,13,0
-1.356,3.931,0.759,18.327,10,13,10
-0.828,-4.053,59.225,-1.406,3,0,0
2.399,11.193,18.830,5.086,13,11,10
-3.152,6.097,39.712,10.751,1,12,0
-4.633,-0.472,37.576,-18.331,1,3,0
-1.947,-2.712,58.383,-2.692,3,0,0
-0.728,9.368,29.256,6.498,0,11,0
1.632,2.383,32.658,8.916,1,12,0
-3.811,8.969,47.004,5.349,2,11,0
0.615,11.286,26.961,5.169,0,11,0
-4.547,-4.813,44.968,-5.812,2,1,0
2.470,-0.428,50.568,4.673,2,11,0
4.867,-4.984,57.981,1.367,3,10,0
-6.691,4.153,58.098,-4.349,3,0,0
0.419,1.079,45.037,8.783,2,11,0
5.106,9.747,3.684,5.009,10,11,10
-6.275,3.036,52.651,-11.510,3,2,0
-10.545,-7.056,17.815,-5.128,13,0,0
1.136,5.137,5.699,9.924,11,12,10
-1.076,1.020,49.386,11.050,2,12,0
0.095,10.738,28.187,5.489,0,11,0
-7.805,4.929,57.806,-3.348,3,0,0
0.501,1.327,42.700,9.262,2,12,0
-1.317,-4.462,58.136,-2.121,3,0,0
-4.569,5.770,52.837,7.456,3,11,0
-6.666,6.249,59.793,0.993,3,10,0
1.535,0.765,45.589,6.878,2,11,0
1.423,8.422,13.448,6.957,12,11,10
3.078,-5.953,59.790,0.471,3,10,0
-4.775,-5.623,44.112,-5.308,2,1,0
-6.130,9.855,55.750,2.725,3,10,0
-0.633,-3.329,59.808,-0.760,3,0,0
-4.795,-1.543,38.949,-12.570,1,2,0
1.133,3.365,22.454,10.475,0,12,0
-12.474,-5.401,4.461,-5.318,10,1,0
5.001,-0.319,46.837,4.035,2,10,0
0.929,1.480,40.836,8.869,1,12,0
-10.996,2.500,39.329,-6.461,1,1,0
-4.866,2.975,59.797,-3.783,3,0,0
-3.063,-6.263,51.750,-3.651,3,0,0
1.111,-1.929,57.795,2.500,3,10,0
-11.457,-3.164,2.268,-6.610,10,1,0
3.876,7.336,2.882,6.299,10,11,10
-2.393,9.903,39.862,5.561,1,11,0
2.579,-3.042,57.772,1.954,3,10,0
4.434,-1.374,51.252,3.434,3,10,0
-6.198,-2.051,25.016,-11.833,0,2,0
3.961,6.707,6.557,6.449,11,11,10
3.034,-3.534,57.973,1.728,3,10,0
-10.352,7.948,59.086,-1.199,3,0,0
-7.094,5.401,59.731,-1.234,3,0,0
-10.881,-6.167,13.513,-5.474,12,1,0
-1.250,11.015,35.405,5.139,1,11,0
3.839,5.911,10.785,6.738,12,11,10
-12.677,-2.594,9.355,-6.036,11,1,0
2.107,9.390,14.069,6.084,12,11,10
2.499,-0.714,51.718,4.319,3,10,0
-4.602,9.522,50.719,4.248,2,10,0
-3.301,0.706,59.340,-6.034,3,1,0
-7.190,5.021,59.144,-2.298,3,0,0
-3.089,-4.832,52.337,-4.257,3,0,0
-7.119,1.680,30.920,-16.401,0,3,0
-5.790,9.386,55.130,3.116,3,10,0
-11.444,7.212,57.022,-2.054,3,0,0
-1.875,0.252,58.298,5.157,3,11,0
-1.173,-2.284,59.892,-0.702,3,0,0
2.509,6.477,2.460,7.589,10,11,10
4.499,8.003,1.711,5.764,10,11,10
-12.311,-2.638,8.047,-6.247,11,1,0
-1.031,-1.792,59.987,0.259,3,10,0
-4.572,-6.677,45.528,-4.494,2,0,0
-9.301,5.813,57.255,-2.748,3,0,0
-5.877,7.314,57.250,3.186,3,10,0
-3.251,8.116,43.271,6.746,2,11,0
-12.228,10.585,59.564,-0.607,3,0,0
-11.677,3.052,42.186,-5.506,2,1,0
-12.331,9.832,59.107,-0.902,3,0,0
-12.177,-5.022,3.960,-5.554,10,1,0
-2.135,7.527,33.972,8.478,1,11,0
-7.525,-6.064,29.562,-5.933,0,1,0
-5.204,4.451,58.956,4.081,3,10,0
-0.043,6.672,13.361,9.553,12,12,10
-6.283,-2.202,24.985,-11.407,0,2,0
3.349,-6.214,59.776,0.470,3,10,0
-3.843,10.164,47.298,4.521,2,10,0
3.561,-0.870,50.693,3.969,2,10,0
-10.615,-3.485,2.924,-6.974,10,1,0
-0.958,-0.622,58.605,3.203,3,10,0
4.561,-5.655,58.831,1.026,3,10,0
1.123,5.756,0.652,9.444,10,12,10
-10.094,-2.552,0.114,-7.888,10,1,0
-9.927,9.468,59.978,-0.172,3,0,0
-7.166,9.034,58.546,1.702,3,10,0
-0.703,2.085,34.751,14.832,1,13,0
-12.846,6.290,53.337,-2.795,3,0,0
-6.748,-4.160,29.168,-7.773,0,1,0
-1.106,-3.623,59.153,-1.589,3,0,0
2.948,-4.317,58.926,1.203,3,10,0
4.296,3.041,29.744,6.232,0,11,0
-8.888,-1.639,0.211,-9.846,10,1,0
-3.986,4.342,47.784,15.494,2,13,0
-2.516,11.233,41.680,4.615,1,10,0
-5.866,2.900,53.278,-13.323,3,2,0
-3.384,-6.282,50.538,-3.894,2,0,0
1.106,1.931,36.646,9.304,1,12,0
2.698,2.978,28.685,7.785,0,11,0
4.904,3.870,25.367,5.976,0,11,0
-13.266,-6.082,4.422,-4.867,10,0,0
4.305,0.768,42.655,5.026,2,11,0
4.543,-0.579,48.335,3.983,2,10,0
-2.928,2.624,6.955,48.052,11,13,10
3.696,-6.007,59.553,0.658,3,10,0
-3.315,10.677,45.020,4.557,2,10,0
0.656,-4.654,59.967,-0.243,3,0,0
-12.342,-6.916,10.456,-4.839,12,0,0
-4.016,1.583,46.550,-90.735,2,3,0
-0.180,11.098,30.321,5.247,0,11,0
-11.603,0.330,24.867,-7.015,0,1,0
-6.739,4.870,59.578,-1.790,3,0,0
3.693,0.522,44.408,5.150,2,11,0
2.487,9.085,11.093,6.138,12,11,10
-3.993,3.165,47.785,31.137,2,13,0
-4.486,-7.256,46.048,-4.150,2,0,0
-3.974,8.022,47.846,6.012,2,11,0
3.789,3.754,24.575,6.856,0,11,0
4.578,-3.013,55.302,2.343,3,10,0
2.216,8.002,7.442,6.890,11,11,10
3.197,-5.031,59.294,0.912,3,10,0
-7.354,-6.029,30.412,-5.944,0,1,0
0.183,3.684,15.473,12.857,13,12,10
-4.991,9.312,52.399,3.961,3,10,0
-9.834,-0.685,12.640,-9.133,12,1,0
1.489,-1.090,54.918,3.836,3,10,0
0.066,-6.091,59.054,-1.172,3,0,0
-6.905,-3.932,27.273,-8.091,0,1,0
-12.317,10.766,59.599,-0.573,3,0,0
-11.836,-2.602,6.737,-6.561,11,1,0
-7.723,0.359,13.578,-14.363,12,2,0
-6.237,10.052,55.884,2.614,3,10,0
-0.030,5.629,5.819,11.102,11,12,10
1.474,-4.805,59.965,0.233,3,10,0
-6.143,-4.256,33.744,-7.502,1,1,0
-4.727,-0.143,33.888,-21.876,1,3,0
-12.409,4.280,47.307,-4.236,2,0,0
-5.171,10.253,52.580,3.467,3,10,0
-9.908,-2.994,3.492,-7.743,10,1,0
-6.606,6.030,59.855,0.868,3,10,0
0.326,-0.139,53.546,5.609,3,11,0
-2.700,4.084,21.673,22.780,0,13,0
4.024,1.233,40.403,5.503,1,11,0
-4.793,6.720,53.301,5.756,3,11,0
-11.183,6.489,55.966,-2.553,3,0,0
-9.988,-0.793,12.338,-8.887,12,1,0
-11.459,-4.211,3.049,-6.174,10,1,0
-4.281,9.594,49.298,4.501,2,10,0
-11.904,-1.652,12.545,-6.739,12,1,0
-7.275,9.864,58.151,1.735,3,10,0
-1.043,-3.045,59.615,-1.161,3,0,0
-4.697,0.352,30.185,-28.980,0,3,0
4.597,4.406,21.734,6.264,0,11,0
-7.858,-6.047,27.720,-5.963,0,1,0
4.642,-6.617,59.385,0.702,3,10,0
-12.972,11.238,59.515,-0.591,3,0,0
3.788,-6.834,59.813,0.402,3,10,0
1.425,9.225,16.771,6.376,13,11,10
-5.383,-6.323,41.449,-5.142,1,0,0
2.772,8.299,6.333,6.451,11,11,10
1.104,1.615,39.507,8.822,1,12,0
-9.744,7.364,59.072,-1.338,3,0,0
-3.736,7.707,46.286,6.683,2,11,0
-7.780,6.466,59.896,-0.602,3,0,0
-10.151,10.238,60.000,0.013,3,10,0
-2.521,-2.664,56.637,-4.048,3,0,0
-9.333,-5.214,17.194,-6.408,13,1,0
-5.582,1.550,21.474,-34.069,0,3,0
-0.390,8.870,25.747,6.983,0,11,0
-4.116,-1.288,46.703,-11.448,2,2,0
1.797,5.938,2.807,8.552,10,11,10
-1.595,5.400,18.405,13.712,13,13,10
-3.939,0.494,49.414,-22.585,2,3,0
-9.846,11.272,59.803,0.443,3,10,0
-12.897,-6.264,6.288,-4.914,11,0,0
1.165,-0.676,54.045,4.480,3,10,0
-9.307,5.958,57.555,-2.561,3,0,0
4.906,0.495,43.494,4.576,2,10,0
5.111,8.402,1.862,5.386,10,11,10
4.828,0.334,44.276,4.507,2,10,0
-7.661,11.099,57.968,1.579,3,10,0
-11.229,1.709,34.043,-6.829,1,1,0
-2.628,9.449,40.683,5.822,1,11,0
-0.652,1.723,39.835,13.357,1,13,0
-7.103,-0.800,5.431,-14.296,11,2,0
-10.690,5.601,54.450,-3.317,3,0,0
-3.098,3.031,12.401,42.848,12,13,10
-1.383,9.069,32.516,6.689,0,11,0
-2.570,8.319,38.866,7.056,1,11,0
4.834,1.932,36.367,5.402,1,11,0
-8.283,9.695,59.449,0.921,3,10,0
-6.143,-0.668,14.878,-16.982,13,3,0
5.167,1.139,40.332,4.825,1,11,0
-5.253,5.983,56.591,4.775,3,11,0
-4.918,-4.786,42.740,-6.149,2,1,0
-0.121,3.351,18.207,13.917,13,13,10
-5.953,11.303,54.373,2.669,3,10,0
-11.286,-3.987,2.659,-6.356,10,1,0
-1.521,-5.938,56.550,-2.411,3,0,0
-4.202,-4.119,46.785,-6.136,2,1,0
5.159,-4.174,56.681,1.782,3,10,0
-1.717,0.404,57.006,6.719,3,11,0
-9.297,-5.936,19.935,-5.931,13,1,0
-5.994,4.052,59.512,-2.667,3,0,0
-9.526,5.311,55.552,-3.519,3,0,0
5.269,8.038,3.966,5.412,10,11,10
4.517,-2.834,55.001,2.448,3,10,0
-6.388,-0.498,9.821,-17.127,11,3,0
-6.713,3.902,57.032,-5.625,3,1,0
-6.562,-2.082,21.513,-11.621,0,2,0
1.381,-0.817,54.157,4.252,3,10,0
2.306,-5.020,59.766,0.561,3,10,0
2.934,-6.267,59.911,0.303,3,10,0
-4.836,6.308,53.980,5.970,3,11,0
4.256,3.203,28.706,6.315,0,11,0
-11.234,0.592,26.169,-7.326,0,1,0
-11.765,4.330,48.279,-4.394,2,0,0
-5.761,4.807,59.793,1.503,3,10,0
-11.648,8.156,58.141,-1.509,3,0,0
-7.643,9.535,58.884,1.376,3,10,0
3.517,3.206,27.943,6.974,0,11,0
4.056,10.557,10.269,5.030,12,11,10
-12.900,10.385,59.118,-0.838,3,0,0
-1.197,3.530,8.596,18.595,11,13,10
0.775,8.410,16.986,7.200,13,11,10
-7.300,5.081,59.072,-2.329,3,0,0
-7.109,2.674,45.355,-12.346,2,2,0
-10.948,-0.285,19.205,-7.771,13,1,0
-5.236,1.902,32.103,-40.896,0,3,0
-11.693,8.382,58.354,-1.396,3,0,0
3.595,-0.434,48.932,4.354,2,10,0
-12.076,3.070,41.990,-5.261,2,1,0
-2.862,0.040,59.586,-3.105,3,0,0
-13.338,2.773,39.836,-4.788,1,0,0
-11.379,1.982,35.881,-6.517,1,1,0
-7.564,-1.918,11.285,-11.127,12,2,0
4.482,0.471,43.945,4.739,2,11,0
-10.795,8.917,59.470,-0.820,3,0,0
-9.939,7.197,58.701,-1.573,3,0,0
-8.461,-4.022,17.138,-7.672,13,1,0
-10.643,6.294,56.290,-2.626,3,0,0
3.236,1.817,37.201,6.503,1,11,0
4.021,-3.470,56.786,1.996,3,10,0
-0.256,0.129,53.658,6.414,3,11,0
2.370,7.003,1.340,7.406,10,11,10
-2.157,1.707,43.098,22.363,2,13,0
2.434,-6.479,59.999,0.032,3,10,0
-13.087,3.516,43.408,-4.496,2,0,0
-9.436,7.522,59.462,-1.035,3,0,0
-6.094,-2.650,28.984,-10.302,0,2,0
-8.563,-6.303,24.728,-5.770,0,1,0
4.135,1.910,36.529,5.851,1,11,0
-7.361,-2.104,14.323,-10.984,12,2,0
-11.796,7.174,56.538,-2.147,3,0,0
3.310,6.862,3.393,6.823,10,11,10
-1.908,-5.834,55.662,-2.763,3,0,0
-3.740,-5.189,49.271,-4.760,2,0,0
-8.805,6.103,58.546,-2.078,3,0,0
0.182,2.083,35.044,11.645,1,12,0
4.339,7.679,2.736,5.941,10,11,10
-6.761,4.217,58.122,-4.206,3,0,0
-4.770,-0.941,37.322,-15.452,1,3,0
-6.808,10.172,57.094,2.135,3,10,0
-8.951,11.126,59.358,0.843,3,10,0
-11.312,9.471,59.484,-0.751,3,0,0
1.433,3.687,20.149,9.935,0,12,0
0.964,8.236,15.137,7.284,13,11,10
0.709,0.194,50.804,6.329,2,11,0
-5.795,0.555,2.070,-26.021,10,3,0
-7.329,-6.978,32.491,-5.268,0,1,0
-0.141,0.895,47.820,9.029,2,12,0
3.766,-0.165,47.569,4.536,2,10,0
3.046,4.334,19.077,7.664,13,11,10
-4.710,-2.954,42.409,-8.481,2,1,0
-6.424,9.438,56.794,2.474,3,10,0
-1.143,4.996,9.901,14.294,12,13,10
1.646,4.325,15.009,9.514,13,12,10
-3.536,-1.574,52.233,-8.193,3,1,0
-3.125,6.276,39.811,10.286,1,12,0
3.878,2.714,31.522,6.454,0,11,0
-0.590,-0.693,58.002,3.534,3,10,0
-9.999,5.878,56.292,-2.907,3,0,0
-13.239,3.940,45.097,-4.192,2,0,0
5.155,-2.016,52.251,2.950,3,10,0
-8.491,-3.377,13.763,-8.335,12,1,0
5.222,8.561,1.508,5.300,10,11,10
0.790,9.666,21.629,6.191,0,11,0
-7.245,6.301,60.000,-0.032,3,0,0
-12.335,7.944,57.179,-1.776,3,0,0
-1.535,-6.099,56.402,-2.417,3,0,0
-12.269,0.269,25.403,-6.434,0,1,0
-1.033,11.061,34.412,5.155,1,11,0
-8.648,-6.418,24.617,-5.690,0,1,0
-0.967,10.463,33.038,5.571,1,11,0
5.146,3.363,28.534,5.708,0,11,0
-8.979,6.139,58.368,-2.146,3,0,0
-4.027,-3.856,47.835,-6.185,2,1,0
-7.201,-6.583,32.396,-5.513,0,1,0
-12.043,-1.575,13.399,-6.644,12,1,0
-10.421,-4.159,7.248,-6.694,11,1,0
-11.526,6.607,55.765,-2.509,3,0,0
-4.308,-0.727,43.663,-14.996,2,3,0
-7.719,6.611,59.963,-0.357,3,0,0
-0.325,7.804,21.299,8.165,0,11,0
-5.537,-3.227,35.895,-8.824,1,1,0
-7.079,-1.364,11.101,-12.930,12,2,0
-3.620,4.667,42.435,15.748,2,13,0
-4.003,-2.752,47.981,-7.581,2,1,0
-11.280,-3.223,1.271,-6.695,10,1,0
-6.698,-3.171,25.905,-9.280,0,1,0
0.119,2.922,24.640,12.962,0,13,0
-2.868,4.521,29.049,18.997,0,13,0
0.674,-6.144,59.550,-0.781,3,0,0
-12.247,9.411,58.860,-1.050,3,0,0
-4.224,-0.892,45.072,-13.652,2,2,0
-8.287,-1.128,0.788,-11.306,10,2,0
-12.463,-6.884,9.922,-4.823,12,0,0
-7.385,7.188,59.872,0.633,3,10,0
-7.610,4.415,56.612,-4.576,3,0,0
0.796,2.581,29.967,10.759,0,12,0
-5.346,-1.427,31.522,-13.866,0,2,0
-2.724,1.708,45.813,29.592,2,13,0
-4.547,5.444,53.051,8.037,3,11,0
0.817,3.934,15.519,11.166,13,12,10
-6.240,-2.427,26.579,-10.842,0,2,0
5.021,11.072,8.655,4.641,11,11,10
2.987,1.028,42.272,6.036,2,11,0
-7.340,1.585,29.811,-15.473,0,3,0
-0.440,8.281,24.005,7.616,0,11,0
-1.439,10.200,35.084,5.666,1,11,0
-2.074,1.830,40.085,23.090,1,13,0
-8.085,8.762,59.700,0.759,3,10,0
0.031,1.728,39.149,11.255,1,12,0
-10.214,-4.408,9.396,-6.639,11,1,0
-11.515,0.975,29.180,-6.913,0,1,0
-13.067,11.294,59.497,-0.597,3,0,0
-3.047,4.448,31.672,19.397,0,13,0
1.008,-0.881,55.141,4.094,3,10,0
-12.336,2.535,38.999,-5.459,1,1,0
-0.722,6.901,19.887,9.601,13,12,10
-1.924,1.428,47.465,17.044,2,13,0
0.404,-4.520,59.927,-0.377,3,0,0
-6.425,9.139,57.028,2.473,3,10,0
1.783,-1.511,55.681,3.304,3,10,0
-7.279,9.489,58.409,1.679,3,10,0
-11.713,1.852,35.072,-6.311,1,1,0
-6.855,0.646,11.969,-18.606,12,3,0
-1.555,-3.573,58.419,-2.248,3,0,0
-11.826,3.920,46.399,-4.721,2,0,0
4.042,1.269,40.199,5.516,1,11,0
-2.066,-7.129,54.420,-2.708,3,0,0
-5.720,6.764,57.371,3.468,3,10,0
1.676,6.275,0.121,8.444,10,11,10
2.196,-0.429,51.034,4.741,3,11,0
1.148,6.043,1.330,9.164,10,12,10
-4.574,0.951,24.855,-45.660,0,3,0
2.999,1.122,41.694,6.116,1,11,0
-4.002,8.376,48.011,5.643,2,11,0
-7.422,7.533,59.759,0.825,3,10,0
-8.501,-3.201,12.739,-8.524,12,1,0
0.997,-3.618,59.791,0.665,3,10,0
-10.953,2.695,40.597,-6.323,1,1,0
2.122,6.478,0.717,7.910,10,11,10
-10.367,0.787,26.378,-8.314,0,1,0
-12.447,0.453,26.764,-6.254,0,1,0
-8.197,9.569,59.436,0.948,3,10,0
-2.443,7.040,35.239,9.206,1,12,0
-2.364,-5.571,54.521,-3.234,3,0,0
-4.594,10.880,50.296,3.676,2,10,0
-9.030,5.139,55.955,-3.653,3,0,0
-10.017,-6.564,18.578,-5.451,13,1,0
1.502,8.614,13.882,6.785,12,11,10
-13.105,0.464,27.516,-5.775,0,1,0
-9.848,4.465,51.818,-4.766,3,0,0
-10.302,9.275,59.852,-0.438,3,0,0
-2.308,4.968,23.870,16.112,0,13,0
4.896,-2.117,52.831,2.902,3,10,0
-9.675,3.976,49.782,-5.574,2,1,0
-5.909,3.399,57.409,-7.370,3,1,0
-11.485,-6.885,13.514,-5.032,12,0,0
3.400,-1.751,53.812,3.199,3,10,0
-3.670,-4.189,49.851,-5.388,2,1,0
1.770,-1.126,54.518,3.818,3,10,0
-9.772,-0.617,12.969,-9.243,12,1,0
-1.814,3.319,6.024,23.387,11,13,10
-12.603,10.660,59.425,-0.679,3,0,0
-5.893,-4.503,36.027,-7.084,1,1,0
-5.375,6.063,57.008,4.363,3,10,0
-4.025,6.424,48.199,8.077,2,11,0
-5.408,3.500,59.637,-3.202,3,0,0
-0.070,3.244,19.838,13.735,13,13,10
-12.049,7.874,57.376,-1.761,3,0,0
-0.058,10.603,28.643,5.571,0,11,0
-5.308,1.303,9.203,-40.011,11,3,0
-12.604,8.976,58.194,-1.319,3,0,0
-0.381,-4.901,59.228,-1.231,3,0,0
-7.823,10.409,58.595,1.397,3,10,0
-8.797,1.199,27.605,-10.954,0,2,0
-8.042,5.349,58.345,-2.666,3,0,0
-8.231,-5.520,24.179,-6.364,0,1,0
-9.715,-2.660,2.436,-8.130,10,1,0
2.347,5.162,10.815,8.323,12,11,10
-10.124,5.983,56.350,-2.821,3,0,0
1.217,1.441,40.910,8.366,1,11,0
-9.177,-0.281,13.593,-10.331,12,2,0
4.248,-2.798,55.253,2.451,3,10,0
1.295,2.994,26.526,9.990,0,12,0
4.100,10.291,9.176,5.116,11,11,10
5.128,6.097,13.190,5.850,12,11,10
-4.707,5.248,54.555,7.513,3,11,0
-8.716,-1.147,3.299,-10.567,10,2,0
2.792,-4.092,58.849,1.282,3,10,0
2.594,2.382,33.167,7.569,1,11,0
5.301,1.733,37.363,5.046,1,11,0
-11.453,1.004,29.327,-6.962,0,1,0
-6.696,5.261,59.933,-0.670,3,0,0
-6.821,3.129,51.260,-10.264,3,2,0
-3.464,4.097,37.596,21.608,1,13,0
2.595,7.205,1.478,7.140,10,11,10
-3.544,-2.985,51.082,-6.287,3,1,0
-1.825,7.193,30.362,9.191,0,12,0
4.371,1.616,38.160,5.525,1,11,0
-1.781,4.668,13.881,16.821,12,13,10
-8.809,9.607,59.810,0.531,3,10,0
-3.144,-6.019,51.549,-3.807,3,0,0
-6.718,5.344,59.955,-0.542,3,0,0
-11.370,10.476,59.844,-0.385,3,0,0
4.178,10.397,9.271,5.057,11,11,10
0.293,7.620,16.294,8.165,13,11,10
-9.894,-3.135,4.388,-7.655,10,1,0
-2.749,-1.362,57.541,-4.740,3,0,0
-12.141,8.048,57.522,-1.683,3,0,0
4.960,2.664,32.353,5.624,0,11,0
-1.329,0.674,53.585,9.051,3,12,0
-12.465,1.504,33.133,-5.899,1,1,0
-4.225,11.205,48.865,3.781,2,10,0
-5.581,-3.689,36.606,-8.052,1,1,0
-9.094,10.642,59.631,0.662,3,10,0
-3.580,-2.956,50.870,-6.397,3,1,0
5.304,-6.884,59.185,0.766,3,10,0
-8.403,8.278,59.970,0.249,3,10,0
-6.985,3.227,51.545,-9.514,3,1,0
-11.475,-3.654,0.246,-6.402,10,1,0
-1.293,-1.915,59.955,-0.486,3,0,0
-8.130,0.486,17.280,-13.062,13,2,0
-8.417,-4.108,17.798,-7.601,13,1,0
-1.100,0.533,53.789,8.180,3,11,0
-7.229,0.181,7.812,-16.051,11,3,0
1.954,-2.480,57.626,2.243,3,10,0
2.108,-1.929,56.246,2.876,3,10,0
-5.746,10.929,54.017,2.871,3,10,0
-6.848,8.925,58.084,2.009,3,10,0
3.684,-2.011,54.126,2.987,3,10,0
-11.449,6.829,56.319,-2.331,3,0,0
1.272,-6.337,59.810,-0.484,3,0,0
-2.507,-0.952,59.080,-3.163,3,0,0
1.240,4.688,10.119,10.042,12,12,10
-8.913,-5.126,19.083,-6.572,13,1,0
-13.048,7.841,56.279,-1.932,3,0,0
2.616,1.511,39.442,6.815,1,11,0
1.900,1.088,42.910,7.025,2,11,0
1.409,3.235,24.409,9.879,0,12,0
-5.836,-6.505,39.322,-5.208,1,0,0
-7.651,8.721,59.363,1.141,3,10,0
-2.601,4.625,25.419,18.272,0,13,0
-5.445,-0.929,27.118,-16.386,0,3,0
3.400,7.587,0.190,6.471,10,11,10
-5.148,1.085,1.772,-40.840,10,3,0
1.585,-1.582,56.216,3.160,3,10,0
-8.276,11.057,58.775,1.204,3,10,0
-5.961,-5.219,36.883,-6.327,1,1,0
2.975,6.198,6.092,7.332,11,11,10
-4.999,-6.588,43.521,-4.777,2,0,0
-6.640,9.862,56.963,2.273,3,10,0
5.228,4.960,19.622,5.851,13,11,10
-5.792,3.292,57.272,-8.097,3,1,0
-4.407,11.340,49.522,3.624,2,10,0
-8.627,1.184,27.114,-11.392,0,2,0
-6.880,-3.454,25.638,-8.796,0,1,0
-5.749,2.253,42.508,-23.959,2,3,0
-8.960,-6.277,22.669,-5.757,0,1,0
0.160,3.173,21.616,12.950,0,12,0
-12.444,-2.076,11.552,-6.279,12,1,0
-6.104,-2.000,25.722,-11.992,0,2,0
-8.440,8.768,59.881,0.466,3,10,0
-5.976,-2.736,30.439,-10.077,0,2,0
-2.431,-2.833,56.771,-3.821,3,0,0
-9.478,-6.921,22.066,-5.330,0,1,0
3.321,4.597,17.879,7.373,13,11,10
-3.759,-0.953,50.767,-10.792,2,2,0
-1.409,8.816,32.073,6.954,0,11,0
0.580,-7.119,59.051,-1.042,3,0,0
-10.495,4.402,50.414,-4.698,2,0,0
-1.933,-1.002,59.951,-0.668,3,0,0
0.808,-5.494,59.840,-0.492,3,0,0
-6.999,6.211,59.982,0.286,3,10,0
-8.032,0.820,21.069,-13.371,0,2,0
-5.767,-4.056,35.995,-7.609,1,1,0
-7.409,9.621,58.516,1.589,3,10,0
-2.158,-7.161,54.155,-2.764,3,0,0
-7.131,7.909,59.270,1.396,3,10,0
-4.990,-4.250,41.778,-6.806,2,1,0
-8.472,-3.802,16.040,-7.892,13,1,0
2.337,-1.094,53.408,3.877,3,10,0
-13.075,1.207,31.687,-5.593,0,1,0
-13.277,-5.546,2.361,-5.013,10,0,0
2.325,-1.942,55.941,2.911,3,10,0
-0.778,2.817,23.104,16.661,0,13,0
2.538,5.240,10.943,8.085,12,11,10
-0.843,8.120,26.152,7.842,0,11,0
2.888,-5.263,59.601,0.690,3,10,0
-0.796,6.452,17.928,10.439,13,12,10
-9.371,7.979,59.766,-0.659,3,0,0
-4.612,-4.760,44.558,-5.920,2,1,0
-2.697,7.223,37.855,8.647,1,11,0
-0.491,9.974,29.434,6.002,0,11,0
5.237,6.494,11.374,5.735,12,11,10
-10.626,10.103,59.947,-0.241,3,0,0
5.260,6.557,11.106,5.713,12,11,10
-13.110,9.875,58.625,-1.061,3,0,0
4.054,-5.087,58.735,1.142,3,10,0
2.764,10.984,16.694,5.125,13,11,10
-8.996,-1.068,5.558,-10.190,11,2,0
4.870,-5.085,58.085,1.325,3,10,0
-3.978,-3.258,48.152,-6.808,2,1,0
-0.551,-2.316,59.972,0.334,3,10,0
3.093,4.343,19.128,7.613,13,11,10
1.976,3.467,23.515,8.970,0,12,0
-3.497,-2.628,51.610,-6.573,3,1,0
-2.895,-1.520,56.582,-5.411,3,1,0
1.307,1.152,43.120,7.764,2,11,0
-2.606,-7.006,52.941,-3.098,3,0,0
-1.511,3.911,0.680,19.121,10,13,10
-10.262,0.415,23.123,-8.571,0,1,0
2.486,5.841,6.518,7.913,11,11,10
-12.312,-6.689,9.800,-4.923,11,0,0
-13.341,4.236,46.185,-3.988,2,0,0
-11.230,8.651,58.992,-1.115,3,0,0
3.387,0.513,44.766,5.302,2,11,0
-1.576,-4.627,57.447,-2.454,3,0,0
-6.184,9.220,56.369,2.725,3,10,0
-3.773,-2.717,49.673,-7.126,2,1,0
-2.047,-1.887,59.053,-2.440,3,0,0
-3.730,11.270,46.930,4.031,2,10,0
4.817,-2.299,53.395,2.790,3,10,0
3.537,-6.720,59.856,0.360,3,10,0
-3.082,-4.019,52.880,-4.656,3,0,0
-1.902,-3.460,57.720,-2.801,3,0,0
0.843,0.151,50.750,6.174,2,11,0
0.915,10.677,24.021,5.514,0,11,0
-6.845,6.594,59.763,0.986,3,10,0
2.872,5.197,12.391,7.746,12,11,10
-5.999,1.798,30.982,-25.578,0,3,0
-11.028,2.037,36.254,-6.802,1,1,0
-9.344,7.123,59.205,-1.315,3,0,0
-1.401,-4.440,57.985,-2.220,3,0,0
-3.608,4.822,42.585,14.838,2,13,0
5.162,-2.291,52.960,2.787,3,10,0
-4.960,-5.002,42.667,-5.969,2,1,0
-8.570,6.577,59.404,-1.304,3,0,0
-12.742,0.830,29.316,-5.936,0,1,0
-1.788,-6.283,55.662,-2.613,3,0,0
-13.259,2.295,37.508,-5.055,1,0,0
-11.495,-0.309,20.272,-7.200,0,1,0
-12.032,2.603,39.492,-5.608,1,1,0
-12.322,-6.237,8.179,-5.076,11,0,0
-9.485,-5.620,17.927,-6.099,13,1,0
3.642,3.946,23.040,7.025,0,11,0
-11.388,4.833,50.798,-4.035,2,0,0
5.320,9.773,3.097,4.937,10,11,10
-0.393,3.557,14.026,14.848,12,13,10
0.888,10.422,23.444,5.672,0,11,0
-6.104,4.362,59.787,-1.596,3,0,0
-7.889,3.343,49.698,-8.171,2,1,0
3.790,7.571,1.362,6.263,10,11,10
-4.374,3.144,56.817,16.017,3,13,0
-8.642,-6.244,24.162,-5.805,0,1,0
-7.533,-2.079,12.713,-10.865,12,2,0
-1.988,-3.345,57.605,-2.939,3,0,0
-2.823,2.426,17.500,45.860,13,13,10
-0.395,3.535,14.312,14.871,12,13,10
-5.041,11.278,51.714,3.259,3,10,0
-5.640,-3.315,35.254,-8.729,1,1,0
-7.983,11.252,58.323,1.398,3,10,0
-13.104,10.499,59.071,-0.845,3,0,0
-10.035,5.986,56.493,-2.795,3,0,0
-5.461,9.982,53.697,3.299,3,10,0
-12.848,6.175,53.040,-2.867,3,0,0
2.930,6.933,1.492,7.051,10,11,10
-1.548,3.286,9.582,21.392,11,13,10
3.887,-5.543,59.193,0.899,3,10,0
-10.218,4.942,53.072,-4.069,3,0,0
-6.452,-6.257,35.767,-5.593,1,1,0
-2.287,4.954,23.467,16.173,0,13,0
-10.368,7.234,58.291,-1.725,3,0,0
-0.122,-6.122,58.827,-1.312,3,0,0
-8.774,10.140,59.617,0.717,3,10,0
-5.376,2.939,56.786,-11.628,3,2,0
-11.503,-0.023,22.262,-7.169,0,1,0
-8.121,10.928,58.669,1.278,3,10,0
0.708,7.044,10.524,8.561,12,11,10
0.047,-4.697,59.701,-0.765,3,0,0
-2.043,-0.357,59.927,0.965,3,10,0
3.464,6.792,4.359,6.747,10,11,10
0.678,1.187,43.686,8.662,2,11,0
-3.310,-4.340,51.613,-4.797,3,0,0
4.323,5.362,15.401,6.460,13,11,10
-1.909,-4.146,57.037,-2.868,3,0,0
2.087,5.405,7.990,8.526,11,11,10
-11.983,6.415,54.733,-2.695,3,0,0
-6.398,-2.330,24.551,-11.060,0,2,0
-3.537,-6.927,49.798,-3.744,2,0,0
1.646,4.620,12.450,9.430,12,12,10
-5.890,8.046,56.554,3.164,3,10,0
-12.144,5.914,53.239,-3.062,3,0,0
2.051,-0.031,49.402,5.335,2,11,0
-5.953,1.669,27.482,-26.923,0,3,0
-8.298,6.924,59.835,-0.680,3,0,0
-4.102,5.804,48.947,9.120,2,12,0
3.138,-0.494,49.816,4.423,2,10,0
0.972,0.037,51.109,5.879,3,11,0
-3.312,9.313,44.420,5.491,2,11,0
-1.582,4.016,3.085,19.036,10,13,10
-10.470,9.245,59.781,-0.527,3,0,0
3.298,5.168,13.909,7.336,12,11,10
5.141,6.353,11.864,5.809,12,11,10
-4.771,5.223,55.059,7.195,3,11,0
-11.619,1.766,34.508,-6.439,1,1,0
3.439,-4.793,58.951,1.109,3,10,0
-3.971,0.544,48.713,-24.049,2,3,0
-9.545,9.610,59.994,0.088,3,10,0
1.792,-6.880,59.871,-0.371,3,0,0
-4.313,-4.640,46.253,-5.749,2,1,0
-4.253,1.204,34.810,-58.513,1,3,0
3.800,7.616,1.168,6.241,10,11,10
-2.088,2.228,30.051,26.972,0,13,0
-12.415,-0.217,22.583,-6.388,0,1,0
-9.579,1.082,27.732,-9.410,0,1,0
-12.596,3.587,44.115,-4.652,2,0,0
-3.292,4.119,34.125,22.087,1,13,0
-7.193,5.476,59.703,-1.262,3,0,0
3.293,9.452,9.124,5.687,11,11,10
-7.533,9.354,58.856,1.430,3,10,0
-12.939,1.614,33.895,-5.533,1,1,0
-1.719,1.128,50.762,13.098,2,13,0
0.459,7.165,12.813,8.590,12,11,10
-1.916,7.304,31.513,8.959,0,12,0
-0.612,7.039,19.746,9.331,13,12,10
-5.685,2.372,45.500,-22.662,2,3,0
-1.608,-6.104,56.228,-2.478,3,0,0
1.282,-5.735,59.941,-0.284,3,0,0
0.155,4.848,2.559,11.900,10,12,10
5.114,0.096,45.055,4.256,2,10,0
-1.507,5.852,20.736,12.272,0,12,0
2.258,11.191,19.412,5.106,13,11,10
4.585,7.032,6.788,5.991,11,11,10
-11.135,8.763,59.148,-1.025,3,0,0
2.972,10.572,14.524,5.269,13,11,10
1.297,9.276,17.619,6.373,13,11,10
-4.650,8.043,51.576,5.044,3,11,0
-2.442,-0.826,59.416,-2.589,3,0,0
-6.389,9.263,56.844,2.511,3,10,0
-6.531,1.617,28.414,-20.643,0,3,0
-0.412,10.117,29.348,5.897,0,11,0
-8.944,2.122,37.169,-9.525,1,1,0
-8.828,9.251,59.906,0.386,3,10,0
-10.285,-5.549,13.854,-5.943,12,1,0
-10.975,8.424,58.999,-1.151,3,0,0
-11.986,-5.690,7.363,-5.371,11,1,0
-0.130,-3.228,59.999,-0.057,3,0,0
-7.895,1.494,29.521,-13.300,0,2,0
3.105,-0.916,51.530,4.002,3,10,0
-11.598,1.052,29.778,-6.802,0,1,0
-6.465,8.648,57.522,2.407,3,10,0
-3.488,-4.154,50.818,-5.165,2,0,0
-8.392,-0.194,10.753,-12.024,12,2,0
-11.845,-6.255,9.993,-5.195,12,0,0
-6.908,0.282,6.590,-17.656,11,3,0
-0.796,2.139,33.883,15.439,1,13,0
-12.563,3.756,44.909,-4.552,2,0,0
-3.050,2.161,27.461,55.351,0,13,0
-2.497,5.715,30.995,12.820,0,12,0
-12.176,1.119,30.651,-6.272,0,1,0
1.693,7.099,5.212,7.821,10,11,10
-0.627,-6.842,57.678,-1.747,3,0,0
-9.503,9.008,59.985,-0.149,3,0,0
-0.201,-7.018,58.211,-1.486,3,0,0
-1.576,2.647,22.405,22.185,0,13,0
-5.078,10.438,52.174,3.483,3,10,0
1.087,-6.708,59.605,-0.682,3,0,0
-4.621,-1.878,41.706,-10.983,1,2,0
-4.817,1.812,24.305,-65.409,0,3,0
-9.791,-6.226,18.527,-5.673,13,1,0
-2.297,2.767,13.123,31.351,12,13,10
-0.979,-0.876,59.170,2.384,3,10,0
-10.003,-0.942,11.203,-8.818,12,1,0
4.459,-2.383,54.046,2.735,3,10,0
-7.837,-5.715,26.946,-6.222,0,1,0
1.780,-5.253,59.974,0.190,3,10,0
-3.597,8.155,45.545,6.333,2,11,0
-8.604,5.329,57.298,-3.134,3,0,0
-10.854,8.448,59.110,-1.094,3,0,0
-9.103,3.722,49.460,-6.307,2,1,0
-7.691,7.997,59.747,0.781,3,10,0
-12.835,2.185,36.999,-5.345,1,1,0
-1.069,7.201,24.141,9.201,0,12,0
-10.106,-3.872,7.323,-7.030,11,1,0
-4.830,6.954,53.291,5.489,3,11,0
-6.065,-5.385,36.532,-6.207,1,1,0
-7.068,-1.830,14.952,-11.841,13,2,0
-8.324,5.590,58.360,-2.479,3,0,0
-3.034,7.313,40.783,8.149,1,11,0
-7.331,2.113,37.604,-14.026,1,2,0
-0.225,-6.397,58.540,-1.429,3,0,0
-1.045,6.552,20.656,10.379,0,12,0
-7.718,-6.488,29.522,-5.637,0,1,0
-12.515,10.767,59.514,-0.623,3,0,0
-7.263,1.857,33.867,-15.164,1,3,0
-12.859,-5.324,2.838,-5.214,10,0,0
-5.033,2.042,37.900,-44.992,1,3,0
-8.272,0.107,13.464,-12.513,12,2,0
-12.674,5.990,52.765,-2.992,3,0,0
-5.291,-0.125,22.328,-22.399,0,3,0
-9.148,8.572,59.987,-0.151,3,0,0
-12.169,-1.463,14.413,-6.564,13,1,0
3.982,4.599,19.372,6.764,13,11,10
-11.329,-3.729,1.197,-6.449,10,1,0
3.036,-3.315,57.658,1.882,3,10,0
1.675,-4.978,59.954,0.262,3,10,0
-8.899,5.900,58.060,-2.417,3,0,0
-1.897,2.401,26.363,25.176,0,13,0
1.289,-5.373,59.986,-0.140,3,0,0
-10.570,4.162,49.198,-4.966,2,0,0
1.697,-5.297,59.989,0.126,3,10,0
-9.942,3.489,46.589,-6.172,2,1,0
4.394,6.232,10.540,6.283,12,11,10
4.798,7.489,5.134,5.765,10,11,10
-1.948,-3.759,57.299,-2.911,3,0,0
-1.186,4.525,5.259,15.807,10,13,10
-12.204,-1.442,14.626,-6.540,13,1,0
-13.301,-6.066,4.249,-4.861,10,0,0
2.233,-2.120,56.501,2.702,3,10,0
0.967,1.676,39.047,9.151,1,12,0
-1.930,2.263,29.654,24.992,0,13,0
4.790,-2.125,52.981,2.900,3,10,0
-4.142,-0.325,45.710,-16.683,2,3,0
2.494,5.135,11.553,8.165,12,11,10
-6.306,-4.756,33.800,-6.945,1,1,0
-9.692,10.335,59.941,0.264,3,10,0
-6.842,-4.312,28.985,-7.589,0,1,0
4.129,-4.406,57.986,1.490,3,10,0
-4.194,-6.599,47.177,-4.310,2,0,0
-12.581,0.725,28.551,-6.083,0,1,0
3.025,7.336,0.364,6.801,10,11,10
2.474,0.748,44.462,6.110,2,11,0
-9.852,9.138,59.944,-0.281,3,0,0
0.077,2.220,33.358,12.214,1,12,0
-11.188,4.433,49.491,-4.470,2,0,0
-12.772,-5.867,5.247,-5.073,10,0,0
-1.161,6.494,21.354,10.549,0,12,0
-1.755,3.134,10.500,23.485,12,13,10
5.291,3.938,25.441,5.725,0,11,0
2.947,6.320,5.221,7.307,10,11,10
4.282,5.463,14.698,6.480,13,11,10
-4.130,-1.941,46.791,-9.525,2,1,0
3.934,-6.326,59.584,0.613,3,10,0
2.477,9.157,11.432,6.102,12,11,10
-6.900,-4.657,29.630,-7.185,0,1,0
3.742,10.198,10.178,5.244,12,11,10
-7.696,-5.259,26.438,-6.612,0,1,0
-4.591,-6.747,45.464,-4.466,2,0,0
0.027,-5.413,59.363,-1.034,3,0,0
-1.608,1.673,42.164,17.678,2,13,0
3.385,6.973,3.052,6.730,10,11,10
0.684,2.842,26.936,11.266,0,12,0
-3.357,7.704,43.668,7.168,2,11,0
0.457,-0.671,55.554,4.362,3,10,0
-6.964,-1.740,15.260,-12.158,13,2,0
-3.439,-2.915,51.771,-6.131,3,1,0
-0.640,-0.654,58.001,3.587,3,10,0
2.438,-0.701,51.766,4.345,3,10,0
-12.818,-6.338,6.823,-4.912,11,0,0
-8.159,1.328,27.885,-12.609,0,2,0
-2.987,-4.351,53.072,-4.352,3,0,0
-4.917,-1.529,37.403,-12.867,1,2,0
-4.910,2.823,58.896,-9.340,3,1,0
3.972,9.312,5.912,5.520,11,11,10
-7.273,-2.060,14.774,-11.152,13,2,0
-10.632,7.154,57.879,-1.883,3,0,0
4.044,6.084,10.370,6.551,12,11,10
-11.631,2.606,39.689,-5.878,1,1,0
2.397,8.065,6.902,6.762,11,11,10
-9.051,8.391,59.981,-0.187,3,0,0
-8.024,9.277,59.426,0.996,3,10,0
3.811,6.311,8.323,6.660,11,11,10
0.654,4.408,9.909,11.293,12,12,10
-5.952,3.152,55.403,-10.161,3,2,0
-4.516,7.127,51.367,6.017,3,11,0
-0.553,5.712,10.678,11.655,12,12,10
-10.494,3.421,45.428,-5.896,2,1,0
4.181,4.667,19.349,6.601,13,11,10
-6.210,0.753,7.777,-23.445,11,3,0
0.826,-2.193,58.656,1.975,3,10,0
-12.404,-5.321,4.385,-5.369,10,1,0
-1.287,11.117,35.739,5.067,1,11,0
-2.373,-4.580,55.236,-3.457,3,0,0
-12.862,-7.214,9.641,-4.632,11,0,0
-1.042,-0.932,59.359,2.100,3,10,0
-12.462,-3.155,5.772,-6.027,11,1,0
-2.059,-7.113,54.448,-2.706,3,0,0
-12.704,-6.268,6.958,-4.964,11,0,0
-6.668,1.897,34.123,-18.486,1,3,0
-4.634,-3.115,43.207,-8.077,2,1,0
2.220,5.175,10.240,8.466,12,11,10
-3.839,-2.474,49.267,-7.649,2,1,0
0.494,-3.147,59.835,0.652,3,10,0
-1.920,-2.482,58.694,-2.520,3,0,0
2.222,3.325,25.214,8.558,0,11,0
-6.647,7.172,59.131,1.752,3,10,0
-0.974,4.584,3.787,15.049,10,13,10
-6.573,10.175,56.592,2.326,3,10,0
0.267,1.106,45.082,9.082,2,12,0
3.660,-0.809,50.325,4.005,2,10,0
-6.415,-1.417,18.413,-13.648,13,2,0
3.462,-2.025,54.472,2.967,3,10,0
-5.284,-0.541,26.607,-18.892,0,3,0
1.618,7.295,6.726,7.723,11,11,10
-7.319,-6.011,30.566,-5.954,0,1,0
-2.772,-6.022,52.894,-3.490,3,0,0
-4.369,-3.486,45.475,-7.118,2,1,0
-3.803,5.034,45.571,12.837,2,12,0
-9.954,-0.714,12.847,-8.958,12,1,0
4.971,-1.537,51.095,3.262,3,10,0
4.529,11.153,10.574,4.721,12,11,10
-1.386,-2.579,59.534,-1.416,3,0,0
3.187,-1.422,53.139,3.500,3,10,0
4.382,-3.008,55.524,2.329,3,10,0
0.477,1.069,45.021,8.674,2,11,0
-8.840,7.756,59.907,-0.444,3,0,0
-5.071,6.066,55.587,5.371,3,11,0
-8.150,8.790,59.730,0.715,3,10,0
0.860,6.913,8.809,8.588,11,11,10
-2.980,0.319,59.710,-2.996,3,0,0
-7.451,-6.396,30.711,-5.678,0,1,0
0.874,10.707,24.298,5.498,0,11,0
-8.015,-2.214,9.916,-10.166,12,2,0
-6.822,-1.942,18.077,-11.800,13,2,0
0.985,-3.534,59.759,0.721,3,10,0
5.013,7.843,4.097,5.573,10,11,10
-4.229,0.666,41.203,-32.223,1,3,0
-7.278,8.283,59.209,1.370,3,10,0
-12.933,-5.212,2.144,-5.223,10,0,0
-10.492,-1.053,12.148,-8.190,12,1,0
-1.610,9.325,34.464,6.375,1,11,0
0.260,10.045,25.570,5.963,0,11,0
-4.679,-1.457,40.166,-12.650,1,2,0
0.201,6.159,8.187,10.054,11,12,10
-3.132,8.784,43.046,6.111,2,11,0
-8.364,8.847,59.826,0.562,3,10,0
4.015,-5.936,59.354,0.778,3,10,0
-0.804,6.971,20.905,9.516,0,12,0
-5.791,-4.722,37.112,-6.777,1,1,0
3.081,2.063,35.569,6.824,1,11,0
-6.817,-1.772,16.918,-12.227,13,2,0
-11.967,9.384,59.032,-0.988,3,0,0
0.354,10.887,27.268,5.400,0,11,0
-0.832,7.495,23.604,8.697,0,11,0
-13.323,-5.867,3.442,-4.910,10,0,0
4.521,-4.764,58.040,1.398,3,10,0
-5.481,10.249,53.607,3.215,3,10,0
-7.858,-0.978,0.827,-12.310,10,2,0
-12.785,1.804,34.919,-5.552,1,1,0
-10.116,-1.475,7.588,-8.461,11,1,0
1.490,6.963,5.484,8.073,11,11,10
-2.352,-2.185,57.853,-3.536,3,0,0
4.705,-4.759,57.873,1.437,3,10,0
-7.573,7.453,59.879,0.583,3,10,0
-1.603,7.272,28.792,9.089,0,12,0
-11.940,2.656,39.832,-5.632,1,1,0
-8.181,-2.078,7.742,-10.187,11,2,0
4.788,4.936,18.933,6.145,13,11,10
4.607,5.086,17.689,6.271,13,11,10
-4.875,-5.294,43.372,-5.643,2,1,0
-9.455,-3.200,7.065,-7.906,11,1,0
-10.067,10.336,59.994,0.084,3,10,0
-2.365,1.062,55.111,12.589,3,12,0
4.727,3.379,28.069,6.002,0,11,0
-10.083,6.225,56.949,-2.550,3,0,0
-2.375,10.760,40.630,4.955,1,11,0
-6.937,4.422,58.312,-3.712,3,0,0
0.480,6.250,6.922,9.651,11,12,10
0.393,-2.242,59.239,1.560,3,10,0
-5.898,10.547,54.662,2.826,3,10,0
-6.891,-6.076,33.056,-5.838,1,1,0
-9.260,4.433,52.823,-4.910,3,0,0
0.263,0.480,50.032,7.317,2,11,0
-13.181,2.484,38.479,-5.007,1,0,0
-12.997,-7.063,8.700,-4.649,11,0,0
0.921,3.885,16.450,10.949,13,12,10
-12.348,3.991,46.153,-4.468,2,0,0
